id,split
70873,train
74609,train
16635,train
97802,train
26711,train
81799,train
8520,train
73886,train
77608,train
98453,train
84668,train
16385,train
42261,train
80551,train
94251,train
10393,train
29412,train
33254,train
5795,train
33007,train
52063,train
41673,train
12875,train
18304,train
93060,train
68667,train
9002,train
95519,train
35933,train
22555,train
33777,train
99267,train
50964,train
22033,train
34926,train
25895,train
95155,train
164,train
83094,train
70696,train
24581,train
53028,train
1565,train
54088,train
84888,train
84766,train
86249,train
18243,train
64399,train
53406,train
16152,train
61753,train
93971,train
37892,train
59678,train
64095,train
63949,train
73794,train
49226,train
91248,train
93402,train
40603,train
96537,train
44256,train
75210,train
14177,train
73961,train
16651,train
84656,train
42416,train
78691,train
38718,train
8904,train
77334,train
95897,train
98783,train
83277,train
97755,train
56249,train
71202,train
51032,train
27058,train
30230,train
98069,train
77917,train
73630,train
75154,train
17578,train
16110,train
77835,train
52191,train
42335,train
79306,train
39531,train
45445,train
18529,train
25784,train
605,train
43111,train
837,train
50978,train
88128,train
86873,train
86072,train
92444,train
91028,train
33386,train
50584,train
46172,train
77395,train
12467,train
45413,train
89350,train
21097,train
84442,train
42707,train
68822,train
85145,train
96964,train
1123,train
8381,train
82180,train
23625,train
66654,train
13427,train
23575,train
32567,train
86345,train
48428,train
37040,train
77899,train
10852,train
77866,train
13306,train
50844,train
26979,train
48204,train
60655,train
63584,train
83418,train
8660,train
28443,train
15371,train
60485,train
97597,train
34074,train
23187,train
11880,train
89337,train
88158,train
49880,train
68887,train
37813,train
62062,train
602,train
32119,train
79595,train
39758,train
8770,train
60680,train
89882,train
78227,train
62587,train
27999,train
63239,train
92548,train
21543,train
10061,train
36773,train
25764,train
82138,train
85952,train
99284,train
91399,train
391,train
85674,train
87933,train
72080,train
78545,train
29152,train
7761,train
96973,train
87503,train
29157,train
74014,train
98622,train
90900,train
24538,train
16144,train
35594,train
93495,train
56726,train
79629,train
1167,train
55034,train
63102,train
55025,train
78103,train
69110,train
16990,train
37784,train
98613,train
13885,train
71449,train
90620,train
72115,train
47187,train
17150,train
95330,train
18915,train
56808,train
72103,train
94758,train
83196,train
47893,train
31508,train
72934,train
72808,train
94213,train
84353,train
28222,train
55587,train
67738,train
5152,train
86281,train
78422,train
43986,train
79263,train
70367,train
49111,train
43059,train
24601,train
90888,train
43725,train
94781,train
83627,train
75087,train
71595,train
90347,train
21082,train
63656,train
5088,train
65590,train
80885,train
57645,train
25074,train
62517,train
802,train
31537,train
12252,train
84879,train
23278,train
59409,train
53134,train
7245,train
46260,train
38023,train
81377,train
74443,train
90959,train
32684,train
27737,train
80646,train
27211,train
35194,train
22989,train
89878,train
21271,train
40489,train
61068,train
75249,train
8890,train
80829,train
35213,train
79654,train
33769,train
36605,train
55327,train
4075,train
48067,train
78612,train
7357,train
54833,train
39577,train
57858,train
1459,train
84746,train
68596,train
45347,train
37210,train
73685,train
10047,train
67792,train
10929,train
5778,train
78270,train
36391,train
83058,train
6064,train
57020,train
13914,train
17741,train
17290,train
84212,train
73725,train
24217,train
21326,train
67551,train
92339,train
21396,train
76062,train
57931,train
25126,train
99017,train
56137,train
83735,train
46628,train
67568,train
45065,train
25024,train
17096,train
4380,train
63339,train
59283,train
35658,train
56441,train
98871,train
22075,train
71295,train
86104,train
38206,train
60996,train
33983,train
78568,train
46728,train
65728,train
95792,train
84759,train
78517,train
34629,train
5328,train
22091,train
35340,train
31344,train
63630,train
81535,train
70708,train
94899,train
90415,train
51838,train
84752,train
79652,train
19830,train
40838,train
42392,train
21880,train
43874,train
1017,train
13222,train
15231,train
40129,train
7673,train
41733,train
88069,train
90290,train
54654,train
94698,train
15033,train
84062,train
76632,train
86307,train
346,train
95683,train
21626,train
56830,train
13712,train
48008,train
61443,train
15239,train
63680,train
28920,train
90688,train
12752,train
63360,train
95231,train
47328,train
12699,train
938,train
65748,train
8658,train
82958,train
36224,train
83322,train
90009,train
51062,train
62992,train
62217,train
71078,train
42980,train
20566,train
95215,train
80068,train
73461,train
77109,train
80463,train
85879,train
87923,train
29972,train
93884,train
60762,train
80973,train
89817,train
61866,train
97710,train
84908,train
42893,train
86854,train
10476,train
11283,train
16884,train
52572,train
656,train
18262,train
1863,train
95311,train
506,train
61813,train
68704,train
17701,train
56416,train
75469,train
2325,train
68984,train
69996,train
89221,train
69938,train
34145,train
20218,train
19801,train
27270,train
11435,train
24565,train
79219,train
19271,train
43317,train
29216,train
35487,train
38542,train
14921,train
30787,train
44905,train
80561,train
45166,train
12042,train
35144,train
18163,train
35623,train
28495,train
20287,train
38661,train
76960,train
30949,train
4619,train
9477,train
94636,train
32003,train
2752,train
65957,train
44604,train
26673,train
11327,train
773,train
17700,train
95569,train
28630,train
30773,train
72325,train
2971,train
14060,train
38308,train
71214,train
89160,train
39882,train
942,train
19946,train
83683,train
20567,train
4228,train
64990,train
33742,train
53841,train
53513,train
9466,train
31700,train
27122,train
7692,train
26946,train
11449,train
78537,train
57906,train
3646,train
12475,train
29770,train
6704,train
38724,train
68728,train
42884,train
48832,train
16383,train
45480,train
65855,train
70986,train
64864,train
47770,train
3749,train
33688,train
63472,train
15579,train
54371,train
74547,train
62975,train
86902,train
36389,train
48822,train
37073,train
13630,train
79023,train
98658,train
96318,train
4603,train
93572,train
11261,train
67200,train
17615,train
44481,train
24557,train
37357,train
75475,train
63874,train
85957,train
16606,train
54005,train
79281,train
82658,train
99574,train
78312,train
55559,train
71187,train
39831,train
53228,train
56001,train
6627,train
77576,train
84702,train
64590,train
83542,train
52546,train
83375,train
23047,train
196,train
79646,train
71417,train
82983,train
74970,train
99478,train
68104,train
55225,train
25153,train
83841,train
26920,train
90000,train
76630,train
28645,train
29343,train
62924,train
44881,train
23852,train
44314,train
38442,train
33151,train
79296,train
32335,train
20149,train
73184,train
83434,train
95679,train
46866,train
44458,train
49769,train
55916,train
48989,train
12235,train
85367,train
44875,train
89130,train
27464,train
29655,train
461,train
25583,train
9915,train
85212,train
40237,train
14724,train
13955,train
32896,train
49711,train
43356,train
88693,train
96600,train
4463,train
72348,train
7989,train
48099,train
79669,train
81533,train
80144,train
81041,train
32672,train
64777,train
59441,train
55296,train
37943,train
79981,train
31455,train
59601,train
99312,train
95474,train
54368,train
31090,train
91808,train
48804,train
11296,train
43177,train
37993,train
40179,train
77976,train
16837,train
79130,train
51377,train
13065,train
11516,train
43166,train
93238,train
35199,train
59535,train
64067,train
62045,train
52335,train
59386,train
25584,train
53635,train
86491,train
62426,train
8563,train
98619,train
21905,train
22485,train
91417,train
34149,train
75377,train
19546,train
78833,train
21943,train
74873,train
81511,train
63233,train
90033,train
56010,train
62244,train
16334,train
65842,train
51227,train
45216,train
84401,train
31028,train
84699,train
92125,train
14843,train
99930,train
53789,train
65752,train
40931,train
74956,train
38635,train
78527,train
5522,train
59923,train
41531,train
94212,train
42430,train
86689,train
31234,train
33212,train
15140,train
32797,train
76144,train
8477,train
20973,train
11937,train
82854,train
93570,train
44453,train
71902,train
27194,train
5339,train
28623,train
49919,train
78274,train
1037,train
87996,train
49182,train
82778,train
91748,train
20499,train
17951,train
5666,train
46495,train
52684,train
22693,train
28298,train
29569,train
73063,train
10328,train
47760,train
5055,train
22865,train
316,train
62392,train
99806,train
3993,train
91439,train
34515,train
2281,train
69312,train
74461,train
78897,train
77029,train
16483,train
48343,train
84008,train
61270,train
81057,train
94564,train
17614,train
99485,train
33963,train
58041,train
13024,train
66925,train
98326,train
38929,train
83898,train
41063,train
10118,train
92057,train
82266,train
10973,train
84790,train
13202,train
30185,train
84901,train
32708,train
23440,train
1104,train
1845,train
18287,train
44144,train
19238,train
79778,train
29484,train
11149,train
70143,train
1103,train
40036,train
72959,train
11896,train
65455,train
37981,train
89327,train
86016,train
41037,train
15595,train
72542,train
36412,train
17441,train
4916,train
17651,train
24171,train
21616,train
72108,train
15485,train
294,train
79459,train
22627,train
77014,train
40207,train
80139,train
79115,train
60403,train
88199,train
15896,train
54733,train
71854,train
11761,train
62739,train
58821,train
83522,train
23354,train
54763,train
11221,train
45717,train
64292,train
65454,train
19968,train
10502,train
11492,train
27321,train
75514,train
26030,train
88525,train
21745,train
54653,train
52544,train
40303,train
5098,train
22218,train
12054,train
92623,train
34506,train
24,train
96145,train
56999,train
117,train
60106,train
46596,train
87305,train
7054,train
76059,train
93193,train
51800,train
16930,train
48928,train
59260,train
62456,train
64083,train
38216,train
20664,train
29646,train
11050,train
85718,train
54022,train
84589,train
63263,train
90466,train
98708,train
417,train
34289,train
41217,train
72036,train
22684,train
39669,train
5179,train
44879,train
40987,train
82255,train
76930,train
92689,train
2692,train
80952,train
79948,train
44284,train
60600,train
17785,train
41071,train
96930,train
85941,train
85625,train
16586,train
33018,train
5827,train
95578,train
33752,train
78220,train
27121,train
80426,train
54396,train
35266,train
69108,train
77194,train
86468,train
73692,train
36656,train
65633,train
87112,train
16326,train
66292,train
169,train
25128,train
20458,train
41128,train
7609,train
30721,train
19006,train
77424,train
33361,train
66195,train
76775,train
52565,train
72678,train
1848,train
20964,train
99262,train
95095,train
77376,train
62773,train
22563,train
37613,train
94018,train
80428,train
3987,train
7229,train
25962,train
60848,train
64676,train
31837,train
50856,train
98126,train
82167,train
28385,train
98282,train
49009,train
7562,train
80991,train
90846,train
12441,train
23261,train
30961,train
27422,train
96038,train
6997,train
44004,train
68036,train
12582,train
30276,train
78593,train
96058,train
79809,train
52952,train
31430,train
41766,train
61148,train
72051,train
81438,train
50548,train
35684,train
63230,train
30457,train
7376,train
23603,train
9219,train
63236,train
30505,train
74457,train
45489,train
63313,train
92494,train
6285,train
73893,train
2270,train
24316,train
53097,train
18115,train
61604,train
32882,train
59281,train
59832,train
51464,train
79315,train
58102,train
6012,train
27693,train
49571,train
67586,train
19507,train
30694,train
50677,train
14530,train
6134,train
96108,train
84263,train
98151,train
41654,train
7991,train
42610,train
11088,train
71935,train
18227,train
46705,train
21102,train
4156,train
54704,train
93761,train
96097,train
86136,train
42075,train
68047,train
26431,train
30725,train
65627,train
81287,train
88301,train
96327,train
97815,train
62978,train
49303,train
58656,train
32721,train
46624,train
2664,train
66280,train
71231,train
63804,train
53542,train
28831,train
42619,train
76280,train
60016,train
15689,train
98717,train
6564,train
75456,train
5103,train
41486,train
49386,train
75915,train
54999,train
18987,train
94301,train
55500,train
88220,train
74991,train
6971,train
35494,train
39387,train
51205,train
89142,train
24203,train
51507,train
66153,train
55462,train
49813,train
92657,train
15110,train
22300,train
83075,train
93243,train
82749,train
61674,train
47821,train
92225,train
15454,train
3954,train
1991,train
72420,train
98333,train
56901,train
45252,train
45217,train
16159,train
37470,train
26750,train
34960,train
74757,train
81996,train
10475,train
21318,train
69776,train
58334,train
95586,train
88608,train
68542,train
16372,train
86842,train
37499,train
30851,train
42259,train
68515,train
86588,train
9116,train
74594,train
95766,train
87872,train
93585,train
10735,train
16522,train
17559,train
32858,train
15514,train
91636,train
89301,train
52066,train
15351,train
87527,train
58850,train
13013,train
88468,train
22742,train
86423,train
64478,train
42750,train
72448,train
74732,train
59841,train
7242,train
7506,train
14572,train
74325,train
62697,train
2369,train
53055,train
68901,train
96217,train
12979,train
35652,train
16564,train
52691,train
5001,train
12468,train
15898,train
96193,train
4315,train
32871,train
24344,train
44269,train
76866,train
8227,train
43019,train
30366,train
63924,train
18457,train
11976,train
6348,train
27955,train
46045,train
253,train
16212,train
83936,train
45225,train
8260,train
19881,train
83950,train
33670,train
72641,train
14872,train
12950,train
97691,train
2947,train
38614,train
58210,train
51470,train
81790,train
38759,train
72225,train
43269,train
55199,train
89656,train
17021,train
69167,train
4849,train
92077,train
18650,train
41229,train
52550,train
1837,train
27808,train
75883,train
92991,train
359,train
26255,train
5946,train
28687,train
34379,train
78804,train
22416,train
55495,train
36963,train
92382,train
68024,train
47778,train
51582,train
63156,train
55904,train
47412,train
11100,train
88694,train
83983,train
25511,train
14040,train
65673,train
16665,train
79017,train
48918,train
83024,train
38012,train
79758,train
46288,train
21151,train
41508,train
97716,train
9106,train
42195,train
36450,train
45948,train
16691,train
81418,train
87697,train
27856,train
70816,train
26618,train
800,train
60377,train
16552,train
58897,train
22836,train
30363,train
26981,train
63358,train
17910,train
65503,train
69531,train
54556,train
62892,train
80612,train
28045,train
11192,train
1743,train
34998,train
41488,train
54308,train
75127,train
82026,train
58554,train
28194,train
22798,train
21198,train
75408,train
49310,train
1338,train
11189,train
49566,train
90274,train
43582,train
25280,train
27907,train
47030,train
57790,train
42646,train
63030,train
10011,train
89729,train
27087,train
54424,train
99691,train
55889,train
96514,train
96074,train
52885,train
26094,train
84129,train
98119,train
29699,train
38882,train
71446,train
50764,train
19924,train
27780,train
50614,train
19196,train
17767,train
44970,train
92761,train
99409,train
95754,train
80253,train
63689,train
12772,train
41927,train
4626,train
34677,train
67190,train
6605,train
5074,train
69169,train
74458,train
26482,train
16489,train
79858,train
62335,train
68175,train
56159,train
88180,train
49416,train
71723,train
10900,train
66982,train
58367,train
84615,train
14979,train
45993,train
54133,train
22109,train
42920,train
72417,train
20934,train
30611,train
19076,train
22711,train
12002,train
53293,train
1190,train
24685,train
13839,train
85990,train
62269,train
40765,train
38814,train
8146,train
57410,train
2976,train
39039,train
49935,train
6949,train
76015,train
20914,train
17505,train
74975,train
11759,train
76186,train
10360,train
43160,train
83429,train
81968,train
98791,train
37152,train
74490,train
81608,train
64696,train
3275,train
8414,train
17583,train
25509,train
77536,train
33408,train
64101,train
58066,train
32001,train
67041,train
31427,train
31434,train
89226,train
96910,train
80030,train
91440,train
80027,train
28138,train
3693,train
8223,train
69417,train
95062,train
25287,train
90918,train
98235,train
40323,train
82888,train
10721,train
6022,train
25517,train
15860,train
25059,train
71005,train
50959,train
38472,train
20330,train
52946,train
21704,train
8242,train
75303,train
54213,train
50996,train
29957,train
98377,train
20275,train
90220,train
45815,train
88313,train
11294,train
29057,train
53852,train
43849,train
74215,train
24207,train
64180,train
38456,train
45945,train
28629,train
48987,train
78465,train
23099,train
2529,train
5606,train
90306,train
2048,train
9245,train
46552,train
525,train
79347,train
39906,train
19161,train
72427,train
13610,train
73096,train
57806,train
66031,train
61901,train
31999,train
30426,train
37173,train
30205,train
21414,train
52677,train
31988,train
45112,train
57183,train
56461,train
53691,train
15623,train
79917,train
83668,train
65791,train
51065,train
1568,train
51559,train
73457,train
44786,train
18207,train
51333,train
60622,train
57618,train
89360,train
54069,train
8061,train
73639,train
14128,train
7655,train
46058,train
29149,train
92295,train
87714,train
35407,train
13390,train
73325,train
43458,train
36249,train
19459,train
36008,train
94457,train
26835,train
26753,train
2292,train
33911,train
60841,train
64920,train
5759,train
36130,train
74347,train
37922,train
67506,train
53842,train
81216,train
45654,train
31235,train
86892,train
96462,train
18695,train
44861,train
35686,train
29414,train
23808,train
99080,train
57903,train
94292,train
52370,train
29794,train
22509,train
16446,train
63536,train
17066,train
61285,train
90026,train
12016,train
97828,train
70916,train
3096,train
8855,train
53377,train
94072,train
12630,train
79354,train
46893,train
71481,train
75721,train
50852,train
61494,train
32126,train
39289,train
22100,train
27189,train
63531,train
77044,train
34710,train
95343,train
65358,train
38848,train
98418,train
53369,train
20268,train
27395,train
13514,train
45855,train
52626,train
13576,train
608,train
44721,train
60416,train
49216,train
25730,train
57747,train
68296,train
83945,train
99176,train
57074,train
32484,train
56650,train
90785,train
29934,train
33801,train
53608,train
36514,train
51344,train
73733,train
5567,train
97884,train
83282,train
86709,train
86256,train
56424,train
44158,train
70191,train
31216,train
75435,train
98772,train
93909,train
74702,train
67716,train
54516,train
40533,train
69908,train
50079,train
37047,train
94332,train
51027,train
80582,train
36243,train
10622,train
65268,train
55341,train
92935,train
37967,train
25863,train
19788,train
40238,train
17986,train
33870,train
46541,train
99706,train
40490,train
16123,train
39427,train
52945,train
46806,train
29598,train
30820,train
63225,train
92669,train
611,train
28891,train
72804,train
62689,train
30681,train
44393,train
40741,train
29368,train
25831,train
80070,train
11834,train
53483,train
7176,train
67742,train
10034,train
3215,train
84821,train
95941,train
59214,train
17755,train
42681,train
87185,train
58760,train
86552,train
1092,train
84562,train
89578,train
80038,train
37322,train
27406,train
2850,train
86239,train
20345,train
7641,train
69305,train
27695,train
45832,train
88047,train
36721,train
57039,train
65571,train
17383,train
34990,train
60990,train
11813,train
54987,train
1677,train
22761,train
23640,train
80957,train
78578,train
99456,train
12645,train
35075,train
63334,train
61213,train
27473,train
53156,train
35838,train
61787,train
46982,train
41986,train
95795,train
95109,train
91104,train
201,train
92387,train
70895,train
53,train
20142,train
59999,train
5263,train
35338,train
79612,train
4251,train
6106,train
93226,train
30285,train
56523,train
70670,train
61707,train
41753,train
58775,train
68498,train
69788,train
92173,train
52540,train
57947,train
95337,train
43045,train
14157,train
35542,train
80731,train
38374,train
78108,train
45156,train
35429,train
73344,train
18454,train
28331,train
83604,train
48972,train
62766,train
3680,train
70679,train
27442,train
58965,train
26902,train
73345,train
82030,train
39896,train
31288,train
13976,train
61627,train
24471,train
7697,train
2794,train
56797,train
41435,train
96552,train
42809,train
60260,train
61267,train
32380,train
99227,train
46562,train
49763,train
51863,train
70472,train
96156,train
50301,train
17278,train
68561,train
33832,train
25440,train
71276,train
50254,train
59511,train
56182,train
839,train
15166,train
53702,train
13515,train
2139,train
82861,train
34090,train
57908,train
37406,train
42489,train
65287,train
32566,train
71370,train
46829,train
46257,train
81193,train
18250,train
18297,train
67489,train
56345,train
85249,train
10553,train
68358,train
74830,train
14834,train
86390,train
8208,train
76064,train
73726,train
67400,train
83270,train
88453,train
86826,train
37435,train
80468,train
72256,train
92697,train
9073,train
59240,train
59063,train
60812,train
54617,train
30039,train
54330,train
74629,train
39226,train
97566,train
48854,train
60335,train
54367,train
63390,train
29452,train
97354,train
36013,train
96641,train
76025,train
42113,train
32347,train
94192,train
26268,train
8833,train
83353,train
20057,train
56967,train
76319,train
47880,train
79299,train
95856,train
41856,train
44536,train
24473,train
77011,train
47933,train
61751,train
79446,train
15728,train
7977,train
29777,train
30561,train
25799,train
71055,train
45968,train
30514,train
54994,train
906,train
34954,train
66568,train
5684,train
17738,train
85881,train
91616,train
72351,train
11792,train
96405,train
80628,train
42578,train
27803,train
89645,train
44691,train
76807,train
10670,train
34065,train
19195,train
14660,train
3286,train
65942,train
58262,train
38175,train
41413,train
42303,train
59234,train
50140,train
64240,train
3857,train
28585,train
2839,train
13965,train
64256,train
88952,train
41521,train
68078,train
37923,train
79344,train
48421,train
1843,train
22529,train
3301,train
83813,train
95646,train
60423,train
53628,train
14088,train
45023,train
78709,train
59286,train
39808,train
86757,train
23403,train
77456,train
38329,train
92306,train
1482,train
6716,train
87038,train
55950,train
69882,train
26912,train
66567,train
31115,train
93505,train
53459,train
75926,train
27635,train
13219,train
19809,train
16698,train
42773,train
90430,train
21254,train
42985,train
26654,train
17148,train
53941,train
12833,train
36,train
558,train
61175,train
33981,train
21403,train
72524,train
19956,train
85513,train
2907,train
45505,train
65625,train
43350,train
81545,train
11411,train
89168,train
20659,train
48863,train
25692,train
6334,train
39537,train
39223,train
96846,train
87925,train
86660,train
94239,train
98183,train
59873,train
11664,train
43537,train
64788,train
51630,train
63232,train
52801,train
80670,train
33528,train
33262,train
60314,train
89794,train
11890,train
44883,train
93923,train
76356,train
35715,train
67211,train
66891,train
10079,train
92982,train
79361,train
77439,train
80190,train
47354,train
1888,train
84674,train
16201,train
50652,train
96578,train
77572,train
6438,train
22095,train
86257,train
55460,train
59827,train
42958,train
20545,train
56992,train
55162,train
21067,train
99910,train
62009,train
24118,train
91023,train
57766,train
16777,train
59359,train
58098,train
32193,train
39498,train
43665,train
97930,train
52153,train
86693,train
70393,train
92636,train
84073,train
42915,train
82220,train
9593,train
15257,train
14432,train
10770,train
32650,train
66166,train
14631,train
31465,train
25460,train
37268,train
93943,train
80409,train
92656,train
50522,train
3407,train
20442,train
22220,train
80442,train
41023,train
96692,train
36742,train
59501,train
17970,train
90779,train
14343,train
65797,train
56158,train
36971,train
20076,train
71619,train
64449,train
49667,train
18610,train
45038,train
41133,train
19077,train
13031,train
8973,train
30270,train
21344,train
8392,train
21714,train
44698,train
54557,train
29064,train
61344,train
58754,train
11931,train
33803,train
3076,train
44583,train
60019,train
58077,train
84709,train
8235,train
48900,train
65247,train
65048,train
60854,train
54553,train
57554,train
80678,train
84105,train
63193,train
97741,train
16600,train
91052,train
22952,train
71367,train
11006,train
76487,train
6696,train
47865,train
5215,train
67080,train
82259,train
67231,train
62749,train
61516,train
48968,train
80095,train
66211,train
46031,train
75047,train
28546,train
77212,train
91839,train
57090,train
27427,train
60658,train
86118,train
1558,train
57805,train
10154,train
42820,train
52924,train
47998,train
52977,train
78222,train
98673,train
2938,train
46636,train
17306,train
82452,train
70260,train
23404,train
6515,train
54120,train
53925,train
45248,train
38751,train
11884,train
47622,train
68590,train
6644,train
91580,train
36029,train
85807,train
22885,train
39557,train
97217,train
4990,train
44373,train
18385,train
31298,train
23055,train
90750,train
77154,train
5394,train
48256,train
5740,train
83265,train
16256,train
2978,train
46501,train
245,train
70637,train
54679,train
20465,train
56298,train
15725,train
85999,train
93373,train
87208,train
29791,train
23182,train
20698,train
31606,train
15661,train
41146,train
46652,train
82048,train
81495,train
36022,train
66900,train
35344,train
26153,train
10544,train
63154,train
31410,train
95553,train
26925,train
60910,train
54429,train
45439,train
82599,train
71758,train
47943,train
56631,train
42951,train
28827,train
46097,train
47337,train
85186,train
2598,train
4590,train
77883,train
86314,train
36214,train
77378,train
96903,train
98452,train
78053,train
79436,train
7336,train
71871,train
92767,train
28652,train
92823,train
36597,train
537,train
43745,train
37140,train
72965,train
36737,train
73460,train
70053,train
54949,train
49289,train
98003,train
84950,train
79746,train
8080,train
66437,train
60457,train
52653,train
68978,train
31616,train
78346,train
51510,train
17338,train
1374,train
99577,train
55511,train
42024,train
98573,train
35509,train
10989,train
29397,train
25331,train
5527,train
93348,train
38135,train
91018,train
85399,train
43414,train
14738,train
68452,train
32865,train
77206,train
45459,train
83966,train
62129,train
33161,train
20503,train
96713,train
85533,train
62331,train
95751,train
15246,train
74679,train
26680,train
83957,train
11015,train
75362,train
6402,train
53708,train
63988,train
22053,train
43626,train
7708,train
21382,train
17420,train
5495,train
28813,train
4385,train
88613,train
22940,train
22889,train
76844,train
73212,train
78986,train
36595,train
50191,train
44913,train
99175,train
28330,train
15832,train
10095,train
84763,train
11655,train
14508,train
83675,train
36464,train
75251,train
42638,train
73409,train
3845,train
5624,train
21091,train
39220,train
14718,train
51488,train
44194,train
67601,train
48795,train
79363,train
8532,train
57101,train
93070,train
88210,train
71029,train
25745,train
83131,train
43567,train
21105,train
76848,train
76716,train
10936,train
42034,train
75299,train
26934,train
95862,train
61317,train
90971,train
26228,train
94367,train
79691,train
78580,train
60833,train
46533,train
60646,train
7642,train
79399,train
22782,train
41260,train
24579,train
21236,train
20174,train
11454,train
67064,train
59825,train
40276,train
87497,train
52205,train
83955,train
82433,train
71071,train
70356,train
13659,train
32288,train
63014,train
34552,train
46418,train
31027,train
94973,train
98395,train
2622,train
61289,train
59476,train
29497,train
30876,train
87296,train
29432,train
91849,train
9178,train
63244,train
97849,train
27067,train
22040,train
23553,train
6819,train
33162,train
37872,train
40233,train
14822,train
70309,train
75990,train
25337,train
22110,train
14742,train
42053,train
56122,train
29913,train
20535,train
47662,train
24221,train
97961,train
96328,train
52195,train
16749,train
12371,train
7078,train
32130,train
12166,train
56412,train
76348,train
85017,train
74653,train
56144,train
99067,train
36042,train
26056,train
65212,train
64118,train
2984,train
37756,train
47233,train
25606,train
45052,train
932,train
96018,train
79495,train
5494,train
18572,train
60553,train
18902,train
23898,train
40740,train
74521,train
54290,train
78507,train
1324,train
93470,train
2120,train
48541,train
95509,train
52206,train
17198,train
46224,train
7848,train
77091,train
90932,train
87700,train
91304,train
52974,train
80705,train
63724,train
47173,train
62575,train
64470,train
82564,train
24381,train
56932,train
71324,train
2260,train
84145,train
70339,train
6649,train
4733,train
8780,train
65679,train
77826,train
37336,train
22565,train
83797,train
78146,train
84638,train
33271,train
92060,train
42138,train
87967,train
75245,train
9105,train
40530,train
92613,train
95340,train
75098,train
50055,train
89789,train
34737,train
16875,train
2309,train
3919,train
32397,train
26451,train
82756,train
5539,train
86306,train
49828,train
87588,train
12599,train
76532,train
56097,train
33671,train
49696,train
52204,train
728,train
78985,train
89545,train
70528,train
64677,train
4460,train
43337,train
92652,train
31315,train
97256,train
60708,train
8312,train
39202,train
78876,train
56399,train
21208,train
96968,train
31001,train
40048,train
48743,train
8599,train
23358,train
83359,train
73004,train
9668,train
26703,train
44549,train
32062,train
69461,train
2308,train
56541,train
81387,train
43721,train
4211,train
21116,train
9158,train
22311,train
77019,train
60011,train
63994,train
31803,train
79057,train
71705,train
14065,train
65718,train
3293,train
1410,train
28416,train
73983,train
38750,train
72990,train
52236,train
9,train
8091,train
25650,train
15527,train
98668,train
45634,train
59335,train
97200,train
20633,train
81498,train
50687,train
82506,train
99411,train
41833,train
95703,train
52,train
91237,train
53431,train
5985,train
23704,train
69129,train
68441,train
70913,train
20809,train
82405,train
26084,train
9445,train
60400,train
86045,train
60205,train
57470,train
26095,train
2193,train
2963,train
60636,train
94804,train
34781,train
5661,train
44026,train
82902,train
62383,train
36855,train
78711,train
76265,train
9081,train
22186,train
2181,train
82766,train
88010,train
90691,train
79101,train
48595,train
2673,train
10249,train
41854,train
57638,train
14654,train
74308,train
30806,train
6825,train
81053,train
16616,train
29044,train
17168,train
51463,train
90906,train
88670,train
63582,train
1307,train
33003,train
52906,train
13918,train
52465,train
55635,train
49074,train
72213,train
17250,train
51529,train
15337,train
23377,train
11266,train
8319,train
33227,train
67956,train
15550,train
72957,train
59174,train
55483,train
8451,train
19930,train
23489,train
68874,train
42752,train
88242,train
27467,train
17793,train
98467,train
53196,train
55800,train
34916,train
44183,train
84137,train
78277,train
46237,train
87157,train
42104,train
99422,train
9726,train
57281,train
5799,train
5391,train
97907,train
87508,train
6397,train
97955,train
65403,train
96642,train
59524,train
97586,train
16517,train
97675,train
88044,train
75164,train
46427,train
1841,train
45085,train
32679,train
39114,train
73122,train
54125,train
46971,train
38461,train
27046,train
77143,train
60404,train
26562,train
28272,train
61216,train
68442,train
90955,train
77870,train
95028,train
74550,train
65021,train
49181,train
83663,train
84889,train
21720,train
57024,train
88931,train
74498,train
67425,train
40777,train
29999,train
65273,train
77583,train
34411,train
25810,train
18491,train
89126,train
9562,train
49715,train
16168,train
37098,train
64643,train
73041,train
7224,train
82740,train
61097,train
74047,train
59938,train
8114,train
90891,train
45586,train
3932,train
70735,train
45797,train
24411,train
2294,train
11729,train
36345,train
75219,train
74753,train
87560,train
15206,train
63606,train
46052,train
87814,train
95667,train
81384,train
72582,train
1584,train
78845,train
89923,train
56911,train
79878,train
99819,train
85520,train
57655,train
45358,train
74022,train
3185,train
41694,train
37664,train
44389,train
88474,train
73149,train
15973,train
47459,train
6480,train
34855,train
33305,train
7225,train
4142,train
24126,train
78766,train
48133,train
14587,train
92809,train
26579,train
94387,train
23371,train
6476,train
16811,train
25190,train
9677,train
80283,train
95527,train
34386,train
50317,train
28073,train
76943,train
17928,train
58108,train
53831,train
32570,train
56642,train
25765,train
24663,train
49203,train
99223,train
81404,train
19552,train
31699,train
81357,train
32586,train
97598,train
58011,train
56843,train
88624,train
74316,train
896,train
66666,train
49739,train
62542,train
13883,train
95898,train
88680,train
22854,train
50628,train
62783,train
14115,train
53433,train
88907,train
78237,train
40811,train
97225,train
8823,train
49616,train
94243,train
28531,train
53890,train
9973,train
64620,train
1547,train
73952,train
81297,train
79671,train
9165,train
74423,train
48404,train
93676,train
61943,train
5464,train
91203,train
43844,train
6430,train
32719,train
90325,train
52760,train
17176,train
81125,train
57154,train
46307,train
81064,train
20767,train
91579,train
22909,train
37194,train
87773,train
90832,train
85294,train
95407,train
16444,train
7757,train
18866,train
98441,train
97152,train
48730,train
8295,train
35616,train
360,train
26660,train
89197,train
2923,train
72852,train
67556,train
46247,train
70103,train
43452,train
4487,train
78174,train
28463,train
24846,train
4167,train
37653,train
43409,train
60006,train
36377,train
56983,train
19021,train
50640,train
24775,train
95139,train
12399,train
98625,train
8031,train
85572,train
90847,train
73883,train
54716,train
21191,train
12717,train
77940,train
42501,train
22532,train
7208,train
25179,train
71654,train
1748,train
18984,train
80184,train
94097,train
24642,train
47481,train
39352,train
36767,train
47255,train
6290,train
27434,train
19114,train
40730,train
7520,train
92859,train
64486,train
82739,train
64597,train
70840,train
86231,train
51261,train
29523,train
60900,train
34768,train
3132,train
84255,train
4266,train
70061,train
72866,train
85026,train
73941,train
23655,train
73629,train
18401,train
47620,train
71451,train
73117,train
95328,train
18600,train
83487,train
25471,train
73127,train
51912,train
10463,train
40319,train
60977,train
32715,train
20422,train
49781,train
53467,train
52376,train
1064,train
99864,train
10490,train
24619,train
40694,train
79519,train
17879,train
71833,train
39864,train
59007,train
46708,train
25707,train
54853,train
89074,train
34213,train
14132,train
68823,train
85551,train
84716,train
75195,train
2002,train
64903,train
10752,train
49281,train
88717,train
65861,train
79580,train
86252,train
24438,train
85993,train
81237,train
28033,train
53424,train
52413,train
42290,train
15687,train
35709,train
48036,train
11241,train
69077,train
51379,train
22819,train
99653,train
78208,train
71841,train
14688,train
56807,train
39495,train
95282,train
82627,train
62162,train
30118,train
5980,train
39997,train
30451,train
76082,train
9958,train
11623,train
93066,train
36749,train
12121,train
56682,train
78822,train
54304,train
2440,train
72713,train
34100,train
43256,train
43904,train
80738,train
25861,train
99549,train
96681,train
7463,train
13186,train
87977,train
81526,train
25881,train
45404,train
9267,train
43562,train
69360,train
71555,train
26769,train
7634,train
25928,train
55788,train
41777,train
59137,train
64693,train
70038,train
57700,train
38915,train
34451,train
94331,train
29110,train
29382,train
18445,train
16998,train
8190,train
31263,train
54250,train
25003,train
85725,train
76787,train
89763,train
50136,train
90421,train
56278,train
85221,train
40293,train
27425,train
56985,train
8718,train
9157,train
17831,train
44812,train
87578,train
70327,train
8795,train
64506,train
34462,train
17474,train
42867,train
45956,train
82538,train
33933,train
2312,train
84600,train
48415,train
34430,train
63885,train
34356,train
54145,train
49635,train
55652,train
64123,train
24959,train
13444,train
31678,train
63084,train
84499,train
22999,train
70275,train
52784,train
16695,train
94652,train
7807,train
75478,train
72865,train
79881,train
93962,train
91369,train
9706,train
71587,train
58726,train
79367,train
73645,train
4548,train
2592,train
29662,train
71668,train
11017,train
43509,train
95860,train
10012,train
44679,train
12420,train
19635,train
82923,train
77291,train
53570,train
47128,train
95985,train
38124,train
11970,train
4717,train
80282,train
9578,train
94039,train
51100,train
55374,train
38844,train
63073,train
23486,train
24711,train
50604,train
20909,train
5436,train
8987,train
76272,train
35819,train
2656,train
49283,train
11344,train
92366,train
85387,train
40374,train
45387,train
5374,train
10176,train
96118,train
25505,train
30634,train
13242,train
21361,train
93282,train
70375,train
62460,train
15960,train
75520,train
44860,train
39351,train
81570,train
32617,train
51394,train
78940,train
7156,train
9792,train
87173,train
81954,train
29850,train
67326,train
42511,train
90960,train
54348,train
5079,train
36340,train
91383,train
6109,train
69254,train
68396,train
63219,train
46013,train
34329,train
11025,train
88816,train
98831,train
76003,train
43083,train
33772,train
27671,train
46379,train
78336,train
90463,train
23657,train
73989,train
10135,train
7090,train
48482,train
35589,train
51162,train
65100,train
44014,train
4976,train
8705,train
87847,train
73916,train
79458,train
67991,train
64024,train
27905,train
96463,train
74381,train
15318,train
30064,train
54094,train
71381,train
476,train
25610,train
83177,train
1644,train
27740,train
49747,train
69396,train
82796,train
58869,train
91977,train
14365,train
27466,train
23608,train
52332,train
83118,train
79950,train
11529,train
89983,train
71922,train
16671,train
70099,train
25550,train
23832,train
5844,train
63615,train
56200,train
14375,train
7199,train
30099,train
83544,train
78604,train
97644,train
72692,train
2750,train
48281,train
79088,train
50688,train
83060,train
38241,train
10404,train
45203,train
43729,train
77530,train
58979,train
50903,train
69426,train
34002,train
34477,train
87823,train
43823,train
97768,train
67593,train
65777,train
15676,train
19938,train
58507,train
47402,train
17491,train
775,train
25115,train
86746,train
88339,train
38663,train
88095,train
36766,train
37683,train
21684,train
95909,train
23729,train
91319,train
13504,train
71910,train
78554,train
1619,train
72907,train
85697,train
6337,train
69560,train
15013,train
15807,train
66993,train
86661,train
80273,train
14027,train
78429,train
27641,train
71419,train
33960,train
81805,train
57019,train
6648,train
53501,train
14111,train
24972,train
44332,train
64435,train
73352,train
36888,train
1783,train
95742,train
88759,train
64536,train
42788,train
43346,train
41000,train
31771,train
10006,train
64727,train
31215,train
86652,train
35799,train
7860,train
82726,train
84854,train
9287,train
69409,train
54,train
84312,train
88738,train
78522,train
10265,train
71503,train
99891,train
3756,train
86328,train
52774,train
2691,train
89877,train
45543,train
17143,train
52517,train
56547,train
4885,train
94482,train
83820,train
47741,train
84871,train
48252,train
65238,train
43900,train
58799,train
29591,train
5461,train
11611,train
34450,train
99783,train
90399,train
73194,train
92790,train
82799,train
87763,train
75268,train
39895,train
62882,train
59032,train
99936,train
79116,train
58295,train
14377,train
65272,train
43591,train
35954,train
84705,train
49652,train
38444,train
10209,train
41322,train
84433,train
98266,train
77745,train
56299,train
62083,train
62570,train
78631,train
48925,train
71809,train
77658,train
57133,train
44459,train
19528,train
90797,train
88905,train
74419,train
17621,train
29828,train
74372,train
18830,train
42054,train
13373,train
14180,train
52012,train
60134,train
85391,train
16060,train
88506,train
43873,train
96445,train
37165,train
98141,train
33882,train
76865,train
36145,train
44252,train
59193,train
87416,train
98075,train
76652,train
52090,train
59040,train
72456,train
494,train
21039,train
13284,train
64507,train
29255,train
20790,train
22538,train
28208,train
63815,train
84346,train
82705,train
60489,train
89598,train
83284,train
77326,train
18923,train
2742,train
87672,train
89500,train
2588,train
85432,train
82361,train
99883,train
78297,train
15043,train
43922,train
57651,train
33532,train
89441,train
42591,train
42432,train
81720,train
56706,train
75363,train
33099,train
87095,train
97545,train
34537,train
51223,train
96888,train
67474,train
79980,train
17436,train
64104,train
19466,train
68698,train
78233,train
50481,train
60356,train
58131,train
62794,train
29693,train
65376,train
76537,train
35049,train
62854,train
80061,train
71206,train
46570,train
71650,train
35803,train
73079,train
93111,train
90476,train
66874,train
57439,train
69809,train
66684,train
24612,train
19381,train
64585,train
38792,train
10334,train
42237,train
3248,train
74232,train
44262,train
69593,train
91430,train
25010,train
56768,train
33509,train
76094,train
86310,train
59365,train
27369,train
99651,train
94960,train
95757,train
92650,train
755,train
13763,train
8335,train
9825,train
93997,train
75727,train
62031,train
94751,train
59230,train
88553,train
42500,train
6191,train
36188,train
73980,train
74067,train
9331,train
19257,train
81303,train
36777,train
17907,train
91999,train
63118,train
53286,train
35026,train
62382,train
72656,train
81664,train
50031,train
44052,train
41661,train
35546,train
84669,train
63303,train
43231,train
36324,train
77181,train
47475,train
77155,train
82005,train
80592,train
54258,train
95495,train
26511,train
70057,train
43616,train
55564,train
87152,train
38192,train
45094,train
55749,train
78569,train
11115,train
16355,train
10947,train
55028,train
51283,train
19749,train
70608,train
43929,train
93889,train
44500,train
48738,train
1525,train
39655,train
57897,train
40051,train
54262,train
12633,train
83638,train
82232,train
16645,train
38735,train
68686,train
57268,train
39063,train
75263,train
42585,train
21311,train
11626,train
22229,train
31821,train
3743,train
36218,train
16323,train
89342,train
98365,train
51111,train
37848,train
88154,train
75845,train
72023,train
33682,train
11733,train
29195,train
11909,train
82027,train
71354,train
33707,train
44692,train
15959,train
10471,train
54129,train
84207,train
75443,train
84502,train
7732,train
19142,train
82689,train
85721,train
51126,train
79157,train
13823,train
82413,train
27392,train
96982,train
96032,train
47938,train
84083,train
15876,train
21701,train
17035,train
25925,train
22360,train
23591,train
45846,train
1294,train
94634,train
22411,train
76925,train
8212,train
21017,train
78508,train
4676,train
93248,train
655,train
36535,train
54322,train
97435,train
26931,train
57620,train
89809,train
5981,train
24814,train
56593,train
22475,train
38211,train
38547,train
31356,train
10838,train
1438,train
64680,train
9420,train
43861,train
38273,train
19235,train
62291,train
29608,train
50865,train
90991,train
98617,train
92236,train
72186,train
43596,train
12666,train
80277,train
59166,train
97967,train
26389,train
240,train
61309,train
38664,train
46609,train
67061,train
94269,train
50520,train
21953,train
65302,train
35968,train
13625,train
31506,train
30305,train
94600,train
62450,train
97935,train
9780,train
87949,train
29618,train
91850,train
96205,train
29977,train
24100,train
85436,train
25516,train
37722,train
78368,train
62868,train
73907,train
80840,train
57446,train
87929,train
47091,train
12466,train
87009,train
723,train
38088,train
30660,train
16512,train
20718,train
78473,train
14689,train
8436,train
19726,train
75704,train
55519,train
76270,train
8954,train
62423,train
62393,train
4333,train
23253,train
8230,train
44135,train
37669,train
90845,train
94847,train
72688,train
30477,train
63587,train
71832,train
7367,train
91398,train
7963,train
65591,train
75706,train
54412,train
4608,train
56252,train
21663,train
38837,train
84677,train
84406,train
45673,train
93365,train
63826,train
41399,train
84985,train
36233,train
46631,train
62308,train
98729,train
72483,train
43340,train
79640,train
80285,train
62085,train
43657,train
24540,train
17109,train
48222,train
14159,train
21317,train
86773,train
91365,train
90915,train
54847,train
29727,train
90843,train
2517,train
95789,train
51357,train
44956,train
32455,train
66468,train
18112,train
61233,train
23544,train
58202,train
80694,train
73454,train
8385,train
9735,train
79511,train
37224,train
65378,train
71017,train
32390,train
22435,train
74734,train
20701,train
94220,train
32534,train
10855,train
21009,train
17368,train
8922,train
9985,train
85567,train
68230,train
40610,train
81351,train
41191,train
24761,train
86591,train
91905,train
67694,train
5379,train
14235,train
29690,train
84511,train
75595,train
58867,train
70169,train
54306,train
45118,train
71392,train
77718,train
73750,train
92741,train
62178,train
22700,train
6926,train
56660,train
31813,train
73233,train
21013,train
91613,train
37958,train
59559,train
31618,train
86507,train
12499,train
10624,train
33940,train
7313,train
98830,train
19474,train
74193,train
12379,train
87624,train
612,train
14425,train
44021,train
45418,train
1708,train
53835,train
10615,train
7664,train
79720,train
82095,train
82808,train
83147,train
92946,train
28086,train
88021,train
81159,train
2714,train
62692,train
4824,train
97781,train
68383,train
9182,train
78345,train
19446,train
61853,train
36902,train
26767,train
19593,train
19704,train
31641,train
13754,train
13488,train
83155,train
84800,train
66480,train
95811,train
41802,train
34109,train
29779,train
65091,train
721,train
68381,train
24725,train
16826,train
79882,train
87795,train
60409,train
31332,train
82114,train
28094,train
69303,train
8199,train
25359,train
14291,train
4738,train
25848,train
5719,train
42883,train
97155,train
553,train
12804,train
99628,train
71913,train
35043,train
98747,train
57941,train
42643,train
1562,train
44973,train
15677,train
32829,train
79491,train
12734,train
84521,train
36223,train
26260,train
26651,train
67163,train
40053,train
89200,train
98504,train
30101,train
62304,train
9025,train
61977,train
84963,train
86497,train
48893,train
3679,train
5691,train
23947,train
10074,train
67976,train
32967,train
34946,train
68335,train
83658,train
26409,train
23158,train
53099,train
73447,train
89635,train
15037,train
48846,train
17281,train
94497,train
66665,train
32322,train
11141,train
78283,train
49378,train
64954,train
14868,train
400,train
37801,train
39830,train
54171,train
68087,train
79297,train
77174,train
48392,train
52249,train
1629,train
27443,train
16819,train
44839,train
82230,train
10048,train
74898,train
79751,train
22320,train
68681,train
87366,train
61408,train
67848,train
31708,train
29521,train
63566,train
17813,train
76512,train
25402,train
36165,train
91331,train
68391,train
46845,train
5817,train
47055,train
3055,train
62001,train
51873,train
4255,train
84432,train
74100,train
31248,train
29430,train
15542,train
84571,train
40823,train
53798,train
75684,train
21585,train
64390,train
84493,train
18495,train
89352,train
65361,train
65328,train
60189,train
88035,train
22410,train
74387,train
51764,train
47285,train
40263,train
30881,train
45275,train
45902,train
8526,train
59609,train
67144,train
69989,train
53536,train
38202,train
78190,train
7046,train
50370,train
57571,train
28522,train
31138,train
91010,train
52447,train
59340,train
23743,train
83423,train
25485,train
63728,train
87353,train
94473,train
91480,train
54707,train
93294,train
76306,train
13076,train
8083,train
48882,train
31726,train
35459,train
14428,train
78786,train
55973,train
53047,train
68567,train
15931,train
83473,train
21763,train
24024,train
40516,train
53576,train
96304,train
32988,train
46485,train
38731,train
30374,train
99092,train
17550,train
91206,train
83909,train
65466,train
18631,train
2881,train
50776,train
81184,train
6459,train
32191,train
1930,train
28757,train
83049,train
49622,train
16476,train
61896,train
88332,train
66446,train
91567,train
84454,train
98280,train
16879,train
31472,train
89896,train
4770,train
1658,train
89125,train
40226,train
86541,train
28142,train
24631,train
25887,train
86717,train
21086,train
8829,train
36027,train
71103,train
10871,train
90404,train
8979,train
58181,train
80353,train
59755,train
28688,train
7957,train
50434,train
59493,train
7733,train
6182,train
22420,train
41005,train
94535,train
46968,train
10753,train
13807,train
27248,train
79923,train
25494,train
29532,train
98024,train
50519,train
94190,train
46861,train
70463,train
21578,train
88334,train
49815,train
77273,train
89283,train
51437,train
20968,train
48656,train
432,train
41795,train
11651,train
96704,train
42257,train
42973,train
64845,train
22840,train
457,train
18312,train
16765,train
55887,train
31183,train
70641,train
82622,train
52560,train
80482,train
89129,train
82539,train
48378,train
11966,train
43974,train
87536,train
34301,train
37992,train
54597,train
10238,train
78575,train
84786,train
21267,train
10216,train
18968,train
83445,train
77715,train
225,train
94290,train
14465,train
28745,train
37531,train
3078,train
66432,train
84324,train
91543,train
47111,train
79927,train
65074,train
16341,train
39691,train
82047,train
65468,train
57832,train
25702,train
577,train
76506,train
261,train
12489,train
70994,train
92270,train
19003,train
2900,train
25237,train
47464,train
11517,train
95345,train
61500,train
24755,train
39846,train
14678,train
46899,train
97561,train
79214,train
48597,train
56332,train
45594,train
1999,train
54099,train
65845,train
28844,train
170,train
97776,train
38831,train
12959,train
13328,train
82947,train
19438,train
56231,train
85536,train
51003,train
48324,train
11981,train
95665,train
49500,train
73196,train
59728,train
8163,train
32648,train
32142,train
46680,train
38205,train
37609,train
67427,train
58261,train
8606,train
51758,train
51737,train
75604,train
44686,train
60256,train
93541,train
88286,train
93042,train
6414,train
84891,train
49608,train
30689,train
57703,train
85910,train
94904,train
45306,train
2225,train
44631,train
20100,train
7946,train
31736,train
4607,train
91498,train
14269,train
87558,train
54372,train
62866,train
98860,train
75253,train
61882,train
98213,train
39986,train
78503,train
23349,train
27818,train
20455,train
23090,train
26416,train
87148,train
29264,train
32883,train
11076,train
24516,train
95240,train
99830,train
30957,train
21687,train
17428,train
87128,train
20451,train
92603,train
18522,train
64982,train
93928,train
60156,train
74267,train
12100,train
42052,train
93359,train
94719,train
42280,train
81122,train
29582,train
80008,train
42504,train
72867,train
99472,train
24305,train
83944,train
17138,train
71458,train
8691,train
91131,train
58453,train
40170,train
92508,train
32234,train
57715,train
58994,train
81099,train
18741,train
71868,train
43847,train
73929,train
99816,train
37871,train
24290,train
45671,train
44607,train
18494,train
40082,train
82196,train
32167,train
6035,train
71280,train
1299,train
98477,train
79406,train
5269,train
84781,train
57793,train
37777,train
3030,train
28102,train
84745,train
57723,train
92267,train
23957,train
43371,train
59003,train
543,train
57082,train
90954,train
19588,train
79618,train
30014,train
54813,train
57034,train
53069,train
30531,train
93707,train
12850,train
37719,train
34413,train
15182,train
4935,train
97043,train
55747,train
54010,train
18849,train
64348,train
26368,train
70805,train
38644,train
32027,train
14437,train
46852,train
29196,train
28614,train
53554,train
27995,train
94377,train
54154,train
98567,train
86053,train
30970,train
7272,train
6080,train
14138,train
82522,train
72652,train
63021,train
42775,train
92064,train
12412,train
46364,train
45715,train
22895,train
18103,train
16866,train
14489,train
58029,train
90101,train
39086,train
15341,train
44736,train
75981,train
7006,train
49223,train
76624,train
1284,train
52569,train
23694,train
17283,train
91339,train
60781,train
45367,train
62445,train
42663,train
50334,train
26248,train
11886,train
17633,train
45914,train
48683,train
18533,train
7201,train
10050,train
4618,train
23427,train
63730,train
25980,train
54745,train
25422,train
15955,train
50625,train
18142,train
2670,train
78995,train
93041,train
41105,train
56421,train
50831,train
37013,train
35780,train
53197,train
73775,train
59371,train
10146,train
73785,train
78332,train
82054,train
40195,train
24768,train
22077,train
80142,train
51723,train
32773,train
73054,train
29326,train
67786,train
85645,train
68060,train
22835,train
60642,train
29852,train
15564,train
43669,train
38113,train
25587,train
3639,train
57511,train
21393,train
182,train
32957,train
22779,train
40080,train
53243,train
80638,train
916,train
55033,train
16920,train
22787,train
81879,train
83745,train
63808,train
6135,train
58304,train
14137,train
2790,train
81863,train
18188,train
30295,train
46521,train
38312,train
2343,train
88836,train
60598,train
30338,train
90634,train
64580,train
24760,train
58822,train
43930,train
43316,train
59374,train
5159,train
74302,train
46240,train
39327,train
78516,train
46396,train
23418,train
94133,train
97116,train
95427,train
14359,train
44529,train
92515,train
62402,train
63732,train
29603,train
36290,train
16290,train
12896,train
67700,train
62193,train
52983,train
61410,train
99211,train
28713,train
70040,train
50345,train
19123,train
31886,train
6720,train
74719,train
44907,train
85587,train
4757,train
45758,train
63461,train
78296,train
65828,train
13005,train
847,train
6235,train
56378,train
27023,train
31228,train
56628,train
68029,train
85743,train
87616,train
98736,train
28328,train
8624,train
14946,train
73582,train
30558,train
80841,train
32470,train
59550,train
52371,train
37379,train
18372,train
89840,train
89244,train
52888,train
61257,train
67732,train
24722,train
73506,train
71528,train
45813,train
37721,train
16414,train
18234,train
1039,train
10411,train
48565,train
28270,train
76899,train
20559,train
56505,train
81490,train
88808,train
30163,train
14454,train
57286,train
33272,train
90553,train
30729,train
69058,train
11681,train
54754,train
55872,train
57602,train
33965,train
86186,train
11447,train
90265,train
47657,train
88888,train
72079,train
11819,train
46204,train
26521,train
21503,train
62380,train
61416,train
11272,train
43248,train
58292,train
55918,train
63735,train
11530,train
88224,train
64992,train
61288,train
6726,train
40078,train
96213,train
51285,train
18175,train
83939,train
66773,train
96879,train
27614,train
6509,train
81872,train
94110,train
38901,train
68426,train
57415,train
13141,train
1635,train
9286,train
44669,train
87227,train
34574,train
71648,train
84272,train
23764,train
41526,train
23320,train
13489,train
51335,train
70802,train
32430,train
68286,train
10842,train
48398,train
97140,train
12738,train
1595,train
76105,train
42498,train
54971,train
46689,train
36045,train
35718,train
42519,train
47483,train
5586,train
64352,train
99154,train
49184,train
43604,train
90591,train
19861,train
174,train
2581,train
33944,train
66980,train
89425,train
39842,train
74831,train
14310,train
10132,train
30104,train
76423,train
98588,train
91190,train
39083,train
69384,train
77964,train
13294,train
79703,train
17271,train
71964,train
59500,train
63065,train
76341,train
50582,train
87097,train
75605,train
90517,train
77074,train
46433,train
56186,train
9439,train
46460,train
26355,train
38026,train
85105,train
28284,train
86454,train
8969,train
27110,train
12248,train
85574,train
95234,train
59490,train
87176,train
13838,train
22963,train
73165,train
67958,train
64634,train
61969,train
20328,train
73696,train
59273,train
98902,train
3736,train
91432,train
76154,train
64335,train
82881,train
84373,train
59952,train
46908,train
67640,train
43381,train
2720,train
73015,train
20303,train
78983,train
61742,train
18366,train
79821,train
15195,train
52709,train
5264,train
91879,train
88093,train
25559,train
65387,train
61831,train
6939,train
57213,train
37000,train
73731,train
97572,train
20891,train
342,train
94663,train
41615,train
51802,train
10952,train
68253,train
83411,train
3336,train
62907,train
80966,train
61111,train
95415,train
41392,train
13550,train
36832,train
2097,train
76583,train
74126,train
60280,train
83102,train
80291,train
69258,train
49496,train
7936,train
35613,train
21502,train
97512,train
95709,train
91610,train
14431,train
23552,train
11749,train
77375,train
46489,train
74257,train
33282,train
58695,train
96893,train
22723,train
67771,train
23062,train
61238,train
16118,train
86003,train
39505,train
54288,train
51962,train
5789,train
82761,train
70922,train
40148,train
5504,train
82800,train
167,train
17001,train
16174,train
35334,train
87975,train
96998,train
49040,train
46358,train
84655,train
63376,train
77050,train
9101,train
50803,train
21604,train
49253,train
92875,train
79706,train
48315,train
5038,train
79056,train
71655,train
47866,train
25021,train
82654,train
62233,train
75886,train
74239,train
65425,train
74388,train
35473,train
75036,train
8363,train
2191,train
32096,train
72800,train
80654,train
3105,train
35077,train
45656,train
92023,train
83477,train
26898,train
14568,train
69948,train
72321,train
36922,train
46803,train
1809,train
13071,train
86394,train
95054,train
7212,train
49012,train
91162,train
74736,train
43221,train
4213,train
37615,train
64459,train
3879,train
57562,train
23516,train
67126,train
11821,train
14161,train
44422,train
70360,train
97750,train
82463,train
17386,train
30748,train
37337,train
98547,train
69907,train
72149,train
33971,train
5846,train
11021,train
66040,train
53208,train
77772,train
41264,train
9909,train
58387,train
21804,train
47563,train
47881,train
83017,train
69057,train
66512,train
28583,train
29821,train
17889,train
67873,train
55420,train
41140,train
98623,train
10899,train
1391,train
19706,train
3313,train
95296,train
53484,train
44198,train
55271,train
24214,train
18485,train
62176,train
75795,train
44931,train
16880,train
55237,train
68302,train
5647,train
40929,train
25820,train
10104,train
74059,train
91519,train
85382,train
74243,train
4144,train
47919,train
24881,train
17311,train
89382,train
73058,train
46523,train
871,train
18380,train
87820,train
45001,train
90569,train
88222,train
63646,train
66285,train
37515,train
49268,train
10392,train
90280,train
28202,train
72905,train
85700,train
58462,train
62114,train
85582,train
97081,train
88302,train
3665,train
16258,train
56220,train
22715,train
98801,train
27310,train
92356,train
50675,train
90201,train
39014,train
71123,train
61759,train
47116,train
45559,train
18896,train
55110,train
85429,train
63702,train
19835,train
74195,train
32092,train
25070,train
30697,train
49042,train
3229,train
95746,train
86447,train
29921,train
9656,train
8123,train
61935,train
27941,train
4376,train
21654,train
43253,train
86442,train
29085,train
89213,train
72676,train
76424,train
32901,train
51401,train
88788,train
40313,train
94268,train
29787,train
1924,train
98821,train
92144,train
88457,train
11199,train
29114,train
46683,train
4810,train
59680,train
66349,train
25357,train
92086,train
57754,train
79307,train
5988,train
28605,train
8502,train
87491,train
65814,train
83819,train
79864,train
95386,train
75207,train
58898,train
19364,train
85446,train
35291,train
77108,train
21056,train
4756,train
4742,train
68508,train
86791,train
15816,train
14600,train
91514,train
33375,train
37786,train
50541,train
44846,train
78844,train
12119,train
68841,train
41366,train
76590,train
28722,train
45699,train
62676,train
72559,train
60470,train
89262,train
59477,train
92969,train
20867,train
41668,train
73702,train
88389,train
16302,train
60239,train
90073,train
93555,train
48554,train
68532,train
55787,train
61610,train
77741,train
78209,train
39650,train
70112,train
37986,train
12789,train
57192,train
73658,train
99125,train
84934,train
35588,train
14169,train
21310,train
66890,train
10916,train
96635,train
54195,train
67513,train
75267,train
56729,train
32932,train
12055,train
64821,train
48109,train
94769,train
93977,train
92565,train
92948,train
11275,train
32634,train
76357,train
45952,train
88145,train
95767,train
15867,train
74397,train
71703,train
23830,train
59948,train
31688,train
90537,train
82428,train
83524,train
89760,train
74169,train
41168,train
20041,train
10078,train
56141,train
53500,train
44656,train
31382,train
9595,train
33430,train
82863,train
97395,train
89901,train
67229,train
45804,train
72530,train
43466,train
8897,train
74943,train
50388,train
24848,train
19949,train
42799,train
36325,train
47525,train
16821,train
89383,train
56272,train
30751,train
13779,train
34512,train
77059,train
82469,train
17426,train
95377,train
62779,train
99159,train
21888,train
5748,train
56596,train
72592,train
988,train
58052,train
94689,train
25368,train
52313,train
76566,train
90885,train
15163,train
32201,train
6298,train
21011,train
84720,train
75441,train
55017,train
42037,train
26932,train
22848,train
35241,train
1604,train
13767,train
49354,train
72724,train
38796,train
1700,train
64260,train
26573,train
29663,train
83679,train
36491,train
36396,train
64619,train
68463,train
74703,train
99386,train
27841,train
74666,train
47503,train
54867,train
6530,train
60763,train
57520,train
61994,train
96298,train
1550,train
528,train
42888,train
64749,train
60138,train
92054,train
42869,train
68319,train
22906,train
97392,train
49352,train
31995,train
72173,train
55318,train
65222,train
63475,train
66528,train
63452,train
98896,train
60975,train
75106,train
85325,train
61719,train
35877,train
10870,train
87651,train
16761,train
88870,train
71085,train
63928,train
16351,train
42485,train
13919,train
47038,train
98360,train
94956,train
66575,train
68251,train
29798,train
23893,train
75986,train
67826,train
8149,train
22239,train
1515,train
98223,train
6208,train
78740,train
26395,train
81770,train
27714,train
50371,train
71286,train
35462,train
87775,train
57361,train
87242,train
8150,train
30629,train
36061,train
49273,train
1445,train
58705,train
78821,train
90745,train
55022,train
29876,train
36545,train
64134,train
98459,train
30927,train
7522,train
29615,train
76958,train
33026,train
90622,train
8527,train
87924,train
9349,train
79340,train
74392,train
27068,train
51696,train
37870,train
56022,train
88,train
32710,train
69492,train
71188,train
61169,train
3244,train
78433,train
62026,train
42273,train
82112,train
2445,train
1699,train
33901,train
12568,train
66943,train
83881,train
71526,train
40759,train
22057,train
99217,train
67084,train
92699,train
43143,train
46924,train
71583,train
69614,train
51685,train
79144,train
86069,train
39281,train
54935,train
28083,train
71495,train
20450,train
31462,train
12096,train
11226,train
12373,train
62847,train
38694,train
55192,train
90856,train
41312,train
85985,train
254,train
51664,train
60560,train
97764,train
53169,train
45366,train
5672,train
87356,train
81376,train
8012,train
44049,train
45274,train
32928,train
5754,train
91479,train
3272,train
63707,train
80524,train
80946,train
53854,train
44993,train
23562,train
80133,train
41785,train
44032,train
79443,train
57382,train
9320,train
17587,train
88635,train
52477,train
99792,train
78738,train
73337,train
88629,train
85888,train
75953,train
50878,train
16104,train
96652,train
58781,train
35274,train
58455,train
6927,train
20915,train
23452,train
5694,train
51548,train
85506,train
574,train
97696,train
90355,train
77582,train
45213,train
18500,train
41493,train
76447,train
15317,train
24245,train
98484,train
68864,train
24781,train
63790,train
74041,train
92688,train
28624,train
35760,train
39630,train
24395,train
10266,train
38378,train
59060,train
47829,train
85646,train
58657,train
69761,train
7577,train
82063,train
86360,train
3434,train
54287,train
22241,train
56319,train
18072,train
3373,train
28022,train
26340,train
4660,train
28232,train
94881,train
74114,train
43768,train
17932,train
39522,train
53746,train
31293,train
72490,train
20638,train
62962,train
67143,train
88632,train
99304,train
81385,train
29518,train
4480,train
55597,train
78782,train
42440,train
70801,train
38254,train
88528,train
97919,train
25344,train
2898,train
68548,train
2431,train
41666,train
99693,train
9785,train
21574,train
94998,train
43438,train
27435,train
96868,train
77942,train
67632,train
78472,train
86659,train
90475,train
30995,train
7011,train
78262,train
46069,train
56535,train
63871,train
797,train
76520,train
72181,train
38720,train
68130,train
13773,train
7029,train
30308,train
73604,train
75712,train
63736,train
46401,train
24369,train
20714,train
72298,train
30754,train
3187,train
89674,train
26907,train
45702,train
65735,train
28434,train
26076,train
65159,train
40540,train
35811,train
11558,train
22384,train
2932,train
13678,train
16647,train
7045,train
72564,train
89396,train
37883,train
92956,train
18044,train
98667,train
94388,train
90190,train
47539,train
73584,train
61991,train
39712,train
5533,train
47642,train
33503,train
99606,train
32595,train
93155,train
30953,train
90682,train
48476,train
10742,train
60506,train
17313,train
28420,train
63105,train
48712,train
7865,train
30939,train
1236,train
5451,train
97542,train
53266,train
41646,train
27043,train
85698,train
14129,train
80446,train
98565,train
30899,train
23132,train
1534,train
24801,train
7487,train
91864,train
81341,train
55576,train
64109,train
64601,train
42595,train
95118,train
92189,train
97929,train
10761,train
72946,train
38678,train
15566,train
14451,train
64015,train
7104,train
11274,train
77853,train
13726,train
18593,train
89397,train
84956,train
5428,train
2594,train
32286,train
74902,train
6077,train
98726,train
84576,train
76817,train
84252,train
14638,train
74760,train
24574,train
47678,train
89485,train
92907,train
7636,train
34172,train
90302,train
81577,train
66875,train
40581,train
73818,train
32568,train
82320,train
60242,train
39037,train
18764,train
46964,train
31159,train
89585,train
77814,train
2327,train
20713,train
31030,train
24005,train
42333,train
18109,train
98117,train
85754,train
95029,train
69331,train
56317,train
53087,train
4797,train
93921,train
95919,train
11500,train
37347,train
99063,train
31936,train
12314,train
24956,train
657,train
47659,train
29802,train
74885,train
61902,train
33156,train
29778,train
9536,train
89276,train
99437,train
87361,train
5140,train
24917,train
55432,train
3717,train
13664,train
4808,train
62634,train
59579,train
27246,train
97428,train
55944,train
538,train
25955,train
67291,train
43612,train
13102,train
99136,train
90316,train
47912,train
18942,train
60346,train
56237,train
87074,train
91286,train
37110,train
56687,train
59078,train
6958,train
84374,train
20219,train
60528,train
80596,train
59623,train
38569,train
79633,train
88019,train
474,train
8825,train
66608,train
21404,train
93635,train
42877,train
67110,train
72010,train
73422,train
56463,train
57200,train
44075,train
11308,train
81781,train
49321,train
88162,train
19186,train
5225,train
63121,train
4048,train
55713,train
55626,train
47714,train
84921,train
76166,train
70633,train
49260,train
67304,train
57316,train
84193,train
43827,train
26397,train
67138,train
60379,train
86760,train
67396,train
19814,train
32682,train
69398,train
24909,train
14941,train
32014,train
62754,train
83315,train
29801,train
97636,train
88296,train
61147,train
91702,train
5852,train
59300,train
68939,train
25875,train
46673,train
72074,train
92185,train
93169,train
33261,train
40094,train
74369,train
39432,train
31280,train
21872,train
96783,train
86555,train
77413,train
67049,train
33303,train
76939,train
80193,train
72313,train
30575,train
13037,train
84371,train
1381,train
46754,train
11615,train
88433,train
97372,train
55106,train
54358,train
49612,train
71741,train
54854,train
12355,train
60635,train
3170,train
15602,train
53595,train
5794,train
87341,train
47841,train
53699,train
19598,train
90266,train
47442,train
78247,train
43299,train
45469,train
20749,train
7143,train
73227,train
42210,train
35398,train
38248,train
99298,train
50624,train
66562,train
55300,train
88839,train
77950,train
25349,train
69978,train
67473,train
2392,train
75671,train
13830,train
26102,train
42196,train
27298,train
82941,train
1667,train
59909,train
18289,train
44131,train
2871,train
74861,train
72917,train
90020,train
51418,train
70538,train
87914,train
60050,train
32745,train
39303,train
82885,train
72762,train
39369,train
74091,train
37712,train
56589,train
65217,train
2566,train
48713,train
51721,train
25891,train
70131,train
55230,train
5128,train
86153,train
73264,train
1981,train
42655,train
6526,train
93319,train
37186,train
68897,train
86537,train
19786,train
19098,train
15209,train
85167,train
44092,train
1221,train
2259,train
39497,train
9145,train
85703,train
71601,train
6556,train
62673,train
73318,train
56699,train
43000,train
82390,train
15200,train
67951,train
79991,train
89331,train
12300,train
52433,train
35293,train
74700,train
2336,train
88017,train
57795,train
79243,train
14097,train
88422,train
76665,train
73949,train
82663,train
27996,train
43680,train
56293,train
57136,train
99878,train
12678,train
53109,train
11479,train
52766,train
63660,train
85191,train
19916,train
29342,train
25580,train
98607,train
87010,train
37652,train
98945,train
18307,train
27979,train
5927,train
67858,train
90724,train
88367,train
90211,train
72210,train
43286,train
41498,train
56981,train
86300,train
22616,train
20007,train
61732,train
60861,train
51324,train
19811,train
12540,train
26286,train
69269,train
49827,train
37603,train
95222,train
90839,train
1588,train
31252,train
27020,train
80856,train
40363,train
65324,train
39717,train
37905,train
19079,train
88198,train
36967,train
43661,train
98032,train
58744,train
89932,train
78623,train
43989,train
55604,train
53910,train
93065,train
85749,train
25598,train
77888,train
45339,train
99383,train
69387,train
99671,train
89508,train
56937,train
74886,train
50207,train
51143,train
69661,train
42637,train
6392,train
20677,train
21073,train
81005,train
13868,train
35461,train
53895,train
98889,train
31295,train
60629,train
66391,train
1962,train
84075,train
11019,train
44980,train
26082,train
76917,train
97607,train
48688,train
74137,train
48247,train
15298,train
54612,train
22262,train
29728,train
55915,train
68070,train
52422,train
72372,train
40034,train
80564,train
38957,train
61972,train
80858,train
93545,train
31559,train
31869,train
26392,train
38414,train
33387,train
95538,train
4253,train
67659,train
53932,train
7734,train
69125,train
27415,train
12438,train
31709,train
98611,train
6486,train
70868,train
90516,train
43241,train
91783,train
70245,train
70273,train
70806,train
70018,train
69980,train
3172,train
64738,train
41739,train
70059,train
97019,train
69094,train
50529,train
8136,train
27024,train
31662,train
24853,train
33035,train
99978,train
64167,train
62970,train
46367,train
19394,train
66226,train
88086,train
67103,train
92771,train
81618,train
62166,train
22419,train
28186,train
23928,train
82432,train
37706,train
55260,train
52084,train
74877,train
34186,train
69096,train
49613,train
14346,train
89965,train
67748,train
81346,train
56790,train
75716,train
50797,train
6199,train
58197,train
99000,train
87537,train
26101,train
79716,train
24355,train
48031,train
94630,train
5147,train
98481,train
96980,train
99481,train
74781,train
54720,train
67154,train
50461,train
30778,train
71753,train
98380,train
42254,train
9242,train
15716,train
52181,train
5732,train
27864,train
32581,train
46033,train
42689,train
11876,train
91985,train
12370,train
1322,train
18436,train
31820,train
23474,train
14881,train
72806,train
42158,train
17789,train
72479,train
32392,train
61105,train
39485,train
43499,train
49680,train
64477,train
77774,train
51087,train
98901,train
81727,train
43512,train
94957,train
64612,train
28842,train
58648,train
68209,train
19755,train
70818,train
93483,train
90092,train
35335,train
12360,train
81010,train
49501,train
66344,train
64764,train
34267,train
3017,train
89622,train
48066,train
47621,train
90742,train
54866,train
70168,train
66209,train
30914,train
19017,train
42910,train
80343,train
99570,train
59275,train
77635,train
51443,train
28384,train
1587,train
69791,train
63052,train
5126,train
74652,train
12993,train
22170,train
78716,train
71435,train
96914,train
80154,train
61629,train
65711,train
77825,train
10473,train
29129,train
25274,train
62089,train
99405,train
28305,train
56919,train
22818,train
63337,train
37743,train
58009,train
14777,train
24520,train
5676,train
38417,train
20995,train
28931,train
89030,train
87248,train
26695,train
35250,train
64748,train
60682,train
36556,train
63819,train
63485,train
30355,train
49043,train
46876,train
53398,train
43644,train
1368,train
42537,train
25041,train
25595,train
85947,train
88072,train
53323,train
63210,train
85869,train
3802,train
74345,train
81873,train
14794,train
4511,train
8677,train
40944,train
50581,train
97053,train
36665,train
5323,train
26546,train
86718,train
3,train
72539,train
34234,train
68331,train
28582,train
17694,train
62126,train
15648,train
57708,train
92389,train
23934,train
59942,train
52589,train
60188,train
50337,train
25854,train
90867,train
82170,train
23919,train
21507,train
63657,train
31600,train
3726,train
17657,train
60534,train
71712,train
45361,train
15273,train
97958,train
31483,train
8497,train
72636,train
87474,train
91384,train
70592,train
85991,train
19849,train
73676,train
5640,train
60601,train
73356,train
5432,train
61487,train
19940,train
85175,train
74817,train
41280,train
52997,train
41377,train
94345,train
77012,train
80131,train
99051,train
55146,train
54675,train
71617,train
49033,train
99642,train
3875,train
56116,train
54773,train
75344,train
7966,train
41444,train
30257,train
15233,train
13119,train
47970,train
69607,train
66358,train
35929,train
69998,train
98697,train
2141,train
1934,train
77222,train
94261,train
95682,train
72431,train
81973,train
3731,train
67225,train
43845,train
59787,train
35149,train
23448,train
10016,train
82427,train
73308,train
64884,train
29861,train
89131,train
21481,train
16634,train
44335,train
50941,train
99056,train
32984,train
41752,train
68180,train
66341,train
39516,train
8733,train
84784,train
53000,train
2361,train
9867,train
38801,train
85187,train
8768,train
89964,train
93937,train
85109,train
43370,train
88419,train
10862,train
52828,train
10719,train
24020,train
97745,train
12561,train
5364,train
80795,train
39022,train
16739,train
35104,train
69629,train
42166,train
53147,train
75199,train
41700,train
61590,train
97875,train
56634,train
41061,train
99412,train
90489,train
12450,train
95917,train
57030,train
2818,train
33196,train
23084,train
51167,train
44229,train
54370,train
88437,train
4929,train
69588,train
30076,train
5195,train
96966,train
78038,train
87638,train
57031,train
20159,train
16572,train
32410,train
73742,train
91166,train
96710,train
91231,train
70267,train
30135,train
24560,train
39550,train
31532,train
35490,train
70146,train
30261,train
62183,train
62493,train
38639,train
80487,train
81962,train
73578,train
23140,train
57860,train
66337,train
4070,train
67166,train
16509,train
20641,train
10974,train
41096,train
45107,train
94822,train
83985,train
207,train
77974,train
27288,train
40813,train
78799,train
25206,train
7745,train
94857,train
89849,train
22364,train
5044,train
26746,train
13061,train
96915,train
92396,train
16215,train
77767,train
66420,train
57881,train
84012,train
49888,train
55364,train
78583,train
42082,train
1430,train
11578,train
78515,train
11404,train
87785,train
91036,train
9032,train
16285,train
44028,train
75180,train
91705,train
33331,train
90883,train
99139,train
41227,train
85527,train
72884,train
85172,train
47334,train
77589,train
87702,train
48132,train
40645,train
5456,train
95302,train
71498,train
75591,train
15039,train
67881,train
55734,train
81296,train
94144,train
79725,train
98132,train
72302,train
80186,train
29526,train
9004,train
25306,train
6833,train
50399,train
64,train
42682,train
35727,train
94085,train
46996,train
65129,train
36897,train
71817,train
59573,train
54504,train
49898,train
93543,train
21781,train
52110,train
53974,train
63486,train
60816,train
17593,train
2728,train
42205,train
17199,train
684,train
13793,train
53819,train
82309,train
61891,train
84672,train
99690,train
38501,train
36303,train
73462,train
7988,train
43413,train
67745,train
92278,train
41672,train
7324,train
37,train
86957,train
65013,train
72326,train
60546,train
42288,train
71933,train
32445,train
15,train
99998,train
20140,train
57552,train
39144,train
87918,train
78676,train
83316,train
58992,train
79752,train
35604,train
26773,train
10640,train
62199,train
34702,train
1548,train
49732,train
8667,train
34305,train
52075,train
4133,train
39339,train
59514,train
82204,train
36149,train
30445,train
9767,train
18463,train
96901,train
76112,train
89883,train
1757,train
83395,train
9554,train
11358,train
65078,train
48964,train
33888,train
80757,train
71268,train
36203,train
38411,train
24897,train
24043,train
36587,train
16252,train
39853,train
30493,train
91189,train
37084,train
34996,train
4020,train
88498,train
24957,train
25203,train
10003,train
72412,train
10294,train
57478,train
6394,train
7378,train
53671,train
94925,train
21155,train
24354,train
82058,train
73133,train
3671,train
30587,train
11952,train
69592,train
32442,train
84064,train
68179,train
65133,train
46136,train
15857,train
82687,train
7776,train
80552,train
96268,train
90378,train
518,train
9324,train
56391,train
80683,train
96207,train
74363,train
88081,train
59237,train
79593,train
23752,train
18729,train
41059,train
26203,train
60137,train
37730,train
87426,train
41886,train
65886,train
80086,train
92949,train
47071,train
26179,train
21717,train
93396,train
26388,train
55147,train
14646,train
84898,train
96636,train
65926,train
22280,train
69942,train
47144,train
27772,train
60027,train
66078,train
33340,train
73934,train
44547,train
910,train
4492,train
26784,train
27282,train
49293,train
54973,train
73491,train
33006,train
54507,train
39793,train
91352,train
60550,train
85363,train
20111,train
91489,train
87201,train
42972,train
37272,train
76886,train
20815,train
78408,train
25742,train
35466,train
85767,train
65526,train
34833,train
51689,train
96126,train
67779,train
31877,train
94748,train
17246,train
22638,train
86194,train
25222,train
64284,train
43176,train
35567,train
98093,train
84962,train
44793,train
42636,train
10608,train
76221,train
47859,train
87014,train
40699,train
7501,train
89281,train
35401,train
10765,train
73183,train
7163,train
77560,train
21996,train
51752,train
51821,train
68118,train
89614,train
85225,train
26798,train
93539,train
41518,train
18358,train
40858,train
3772,train
78337,train
95554,train
19872,train
70473,train
7781,train
74412,train
66082,train
46900,train
85534,train
95124,train
80122,train
43599,train
94274,train
18996,train
44133,train
524,train
50352,train
44623,train
60829,train
11305,train
16754,train
36446,train
79111,train
33613,train
64924,train
35884,train
68186,train
60277,train
17660,train
1656,train
13446,train
56099,train
38266,train
41181,train
3260,train
64735,train
3934,train
15247,train
53410,train
16481,train
56736,train
77848,train
46545,train
12037,train
3771,train
41398,train
72496,train
83962,train
91876,train
86581,train
4157,train
74268,train
52211,train
11618,train
83171,train
19258,train
19919,train
8989,train
8474,train
72176,train
7951,train
28612,train
24449,train
55182,train
90617,train
21898,train
66234,train
26202,train
63204,train
97135,train
84437,train
3484,train
59120,train
15548,train
58590,train
4504,train
46726,train
615,train
82009,train
67367,train
13272,train
14776,train
54261,train
93552,train
45017,train
27424,train
76876,train
20959,train
80162,train
82769,train
7813,train
96688,train
89837,train
26414,train
16504,train
77017,train
91689,train
88561,train
22358,train
36069,train
91292,train
12488,train
69491,train
39835,train
40981,train
83998,train
58302,train
92717,train
71258,train
83234,train
98009,train
37103,train
45549,train
69455,train
90589,train
32136,train
3628,train
75868,train
77995,train
25892,train
25008,train
71382,train
11445,train
27339,train
38580,train
24599,train
85682,train
29653,train
71508,train
47076,train
67901,train
85858,train
91700,train
9687,train
40845,train
98120,train
62588,train
54893,train
37628,train
20435,train
2580,train
14649,train
45385,train
62718,train
10957,train
98872,train
69178,train
13710,train
29086,train
49134,train
21343,train
9218,train
18813,train
3560,train
43594,train
23939,train
82216,train
29350,train
51191,train
5505,train
73451,train
30018,train
97033,train
31789,train
38630,train
97113,train
67631,train
45886,train
57685,train
53971,train
94667,train
22211,train
71235,train
80597,train
33296,train
22004,train
92638,train
16976,train
59426,train
3014,train
55172,train
13343,train
73781,train
41657,train
81390,train
63408,train
36973,train
49837,train
79535,train
29323,train
74662,train
60565,train
90600,train
35073,train
68058,train
24933,train
49855,train
3097,train
20908,train
87114,train
69827,train
3865,train
36280,train
27428,train
32440,train
45924,train
73234,train
21089,train
95661,train
8708,train
29785,train
95418,train
51955,train
49836,train
51565,train
57301,train
69389,train
61258,train
91658,train
76234,train
55648,train
88894,train
60008,train
4704,train
31347,train
79748,train
5219,train
5751,train
79616,train
58700,train
94447,train
11978,train
94607,train
57509,train
79234,train
58988,train
53891,train
35071,train
48958,train
38841,train
27181,train
13995,train
28100,train
40487,train
34609,train
41373,train
14228,train
63389,train
51941,train
44568,train
71894,train
16276,train
85041,train
46808,train
25991,train
37355,train
96017,train
37978,train
40942,train
59748,train
30302,train
73486,train
21975,train
57672,train
94830,train
24184,train
25885,train
84058,train
26978,train
57137,train
72455,train
90507,train
64110,train
70056,train
49983,train
84848,train
6410,train
65798,train
24918,train
30688,train
63780,train
1120,train
55252,train
42020,train
90223,train
78457,train
81415,train
49381,train
77860,train
66299,train
55741,train
20623,train
28606,train
38422,train
95414,train
59612,train
11540,train
38668,train
12363,train
22078,train
2665,train
5196,train
69719,train
31740,train
33970,train
39399,train
68554,train
23692,train
51753,train
1046,train
70754,train
69494,train
12725,train
15181,train
24591,train
36743,train
57673,train
86322,train
64674,train
40201,train
84262,train
65017,train
1205,train
24176,train
43584,train
59849,train
40334,train
25804,train
8338,train
8743,train
29529,train
45407,train
61140,train
36752,train
45235,train
97619,train
15762,train
14400,train
17497,train
83762,train
98021,train
51166,train
95379,train
18588,train
66662,train
20890,train
78852,train
85009,train
97132,train
22508,train
36681,train
46103,train
42046,train
35458,train
28701,train
52604,train
57899,train
75152,train
2129,train
70329,train
50721,train
7874,train
91685,train
77238,train
22455,train
32955,train
7571,train
59105,train
24340,train
8709,train
31638,train
1182,train
52680,train
54249,train
79318,train
42828,train
36717,train
67671,train
23305,train
23583,train
17765,train
19614,train
85019,train
97329,train
85158,train
74283,train
63206,train
53267,train
23861,train
46373,train
39649,train
45424,train
97702,train
29584,train
80625,train
44145,train
12163,train
38366,train
97021,train
51654,train
71493,train
92220,train
24115,train
49869,train
53219,train
49274,train
81444,train
46158,train
85183,train
32206,train
45939,train
22259,train
10886,train
6907,train
57299,train
28776,train
37035,train
69749,train
32103,train
51705,train
89103,train
53071,train
71224,train
8961,train
99521,train
68794,train
31826,train
41995,train
84744,train
30371,train
41302,train
72367,train
59600,train
49413,train
37045,train
90345,train
52217,train
88038,train
90966,train
79755,train
32019,train
76177,train
92094,train
81956,train
32154,train
27674,train
25994,train
53344,train
24480,train
21195,train
60567,train
30546,train
49233,train
55277,train
79256,train
13400,train
15752,train
58443,train
63004,train
2478,train
32981,train
89875,train
18276,train
55153,train
79454,train
58153,train
61755,train
90612,train
83341,train
30155,train
38524,train
47547,train
24905,train
95748,train
34478,train
68010,train
44433,train
40007,train
29686,train
54568,train
8439,train
38749,train
56791,train
2676,train
84955,train
73466,train
48555,train
25936,train
43843,train
1292,train
17341,train
17810,train
31922,train
75548,train
53663,train
93700,train
72340,train
46082,train
90452,train
41172,train
40498,train
71983,train
43727,train
74291,train
68752,train
55176,train
53797,train
45494,train
96263,train
27413,train
80761,train
64249,train
94443,train
53078,train
43265,train
88481,train
84633,train
81961,train
76188,train
38000,train
94991,train
48462,train
49282,train
85616,train
51187,train
19505,train
94533,train
60075,train
24545,train
24148,train
2765,train
97042,train
37181,train
83071,train
7868,train
97873,train
64526,train
84768,train
82704,train
78396,train
81323,train
65706,train
65199,train
95540,train
27816,train
26883,train
23256,train
55337,train
87903,train
97803,train
77265,train
76718,train
67971,train
58642,train
56212,train
94049,train
84300,train
14022,train
55289,train
29366,train
10538,train
30617,train
56349,train
73484,train
96781,train
33240,train
80475,train
58922,train
42665,train
51818,train
25457,train
41385,train
19680,train
17010,train
85615,train
51373,train
39426,train
14611,train
24104,train
12307,train
79463,train
30212,train
10946,train
19715,train
50615,train
34853,train
21107,train
19575,train
25236,train
97195,train
55525,train
64244,train
14298,train
13018,train
22747,train
22257,train
71772,train
77531,train
52988,train
7406,train
85509,train
76133,train
70972,train
11260,train
55035,train
1426,train
50167,train
67341,train
56714,train
20692,train
76723,train
57010,train
42590,train
9871,train
46278,train
23674,train
42886,train
28507,train
93094,train
87312,train
95385,train
99334,train
17171,train
17269,train
64531,train
51684,train
5368,train
3193,train
11295,train
38137,train
72279,train
33560,train
14757,train
43767,train
91782,train
70476,train
65915,train
40384,train
80476,train
83214,train
39126,train
70455,train
85555,train
97074,train
71346,train
15727,train
64988,train
89108,train
74711,train
38325,train
14399,train
48675,train
90789,train
57948,train
14046,train
49703,train
20271,train
18887,train
77659,train
53683,train
56624,train
14110,train
9151,train
91185,train
72409,train
71516,train
72649,train
92104,train
8556,train
54817,train
63248,train
55875,train
61449,train
56193,train
99340,train
77862,train
4092,train
48105,train
26232,train
40258,train
46089,train
24539,train
11595,train
38839,train
14968,train
47075,train
32960,train
40778,train
5145,train
51652,train
16449,train
91731,train
86304,train
18239,train
76995,train
65262,train
24734,train
48619,train
32474,train
21230,train
25576,train
70187,train
12364,train
2411,train
85620,train
72918,train
1429,train
32332,train
82041,train
99614,train
21147,train
52096,train
75528,train
88152,train
9323,train
15167,train
64311,train
70256,train
53530,train
93650,train
47188,train
17104,train
57144,train
8140,train
67665,train
55267,train
80924,train
15076,train
82760,train
9530,train
51131,train
90258,train
92251,train
18804,train
12161,train
95737,train
10797,train
50974,train
58468,train
83764,train
26693,train
99339,train
83143,train
54542,train
1289,train
41070,train
18484,train
31466,train
92965,train
52958,train
47048,train
25643,train
53788,train
71405,train
76359,train
23904,train
18716,train
96993,train
98444,train
29667,train
63207,train
25644,train
19399,train
78967,train
51317,train
50596,train
7002,train
77818,train
79872,train
51820,train
75325,train
92757,train
13458,train
4514,train
1110,train
16768,train
74334,train
48997,train
96985,train
65555,train
47720,train
60764,train
40550,train
59479,train
86023,train
86663,train
90282,train
55695,train
17234,train
36278,train
97476,train
42447,train
51512,train
41703,train
19232,train
11851,train
55168,train
86175,train
39651,train
22405,train
40768,train
99035,train
90821,train
90284,train
45507,train
29765,train
97711,train
40547,train
53970,train
71404,train
29535,train
27013,train
89543,train
13040,train
74076,train
61522,train
66596,train
86206,train
63897,train
5371,train
54289,train
64229,train
35503,train
81262,train
19686,train
78435,train
94138,train
16643,train
5281,train
805,train
14973,train
20021,train
27626,train
6887,train
42529,train
99117,train
35449,train
3035,train
44723,train
31258,train
84280,train
6053,train
40088,train
84264,train
33962,train
29037,train
32923,train
69181,train
87000,train
3961,train
21449,train
53867,train
72055,train
11661,train
33401,train
64881,train
61447,train
28133,train
60437,train
65157,train
29294,train
68063,train
31109,train
13900,train
76538,train
26200,train
75891,train
15893,train
19639,train
27014,train
99709,train
70194,train
62686,train
96286,train
20678,train
62635,train
64198,train
3126,train
54545,train
57212,train
63309,train
51794,train
91617,train
38445,train
79559,train
21506,train
73327,train
60940,train
9030,train
10548,train
48805,train
81910,train
95651,train
50830,train
8,train
74322,train
56551,train
40208,train
11284,train
11566,train
6631,train
7111,train
65908,train
91537,train
89621,train
959,train
7408,train
17955,train
33868,train
66554,train
51670,train
92825,train
5380,train
12863,train
64986,train
7442,train
34320,train
63957,train
21232,train
66713,train
42919,train
96305,train
10976,train
68278,train
86448,train
28297,train
85766,train
21023,train
7519,train
70651,train
46113,train
66935,train
78900,train
12920,train
45464,train
72780,train
99318,train
81060,train
63202,train
81095,train
66264,train
12076,train
97045,train
25527,train
50121,train
5955,train
76949,train
75553,train
12099,train
55601,train
14727,train
95608,train
59019,train
7056,train
47719,train
15800,train
93075,train
91487,train
12681,train
23195,train
27191,train
10456,train
63983,train
36068,train
63106,train
30682,train
13265,train
35270,train
59162,train
35151,train
4898,train
96004,train
51209,train
79705,train
34337,train
50644,train
40825,train
95735,train
6569,train
79301,train
29250,train
11489,train
25504,train
57670,train
30905,train
15892,train
33852,train
69014,train
77502,train
87191,train
88202,train
38584,train
59058,train
53415,train
16554,train
42419,train
95496,train
35895,train
52787,train
4759,train
97097,train
53298,train
286,train
70628,train
6492,train
17462,train
72438,train
57166,train
67000,train
51154,train
49526,train
86163,train
45616,train
4313,train
75807,train
71384,train
58358,train
10458,train
45089,train
36980,train
33719,train
97024,train
37827,train
88193,train
25079,train
20523,train
42292,train
70287,train
41062,train
91242,train
60063,train
25376,train
61708,train
37927,train
3296,train
17071,train
95332,train
98174,train
2318,train
28793,train
15434,train
57307,train
6259,train
62455,train
68839,train
77349,train
2103,train
79288,train
38243,train
32635,train
45069,train
69133,train
81735,train
93472,train
86467,train
44874,train
85789,train
1189,train
91263,train
36425,train
14371,train
36894,train
12027,train
11893,train
73647,train
17911,train
83015,train
36480,train
34551,train
98734,train
7427,train
99512,train
42170,train
85677,train
75483,train
28374,train
26501,train
20898,train
38927,train
51068,train
73324,train
95101,train
23540,train
43270,train
23141,train
46658,train
69955,train
52278,train
78624,train
97885,train
93769,train
85650,train
95444,train
9981,train
50061,train
39702,train
47942,train
61249,train
71082,train
43687,train
34414,train
80782,train
91589,train
32852,train
154,train
8639,train
89902,train
50267,train
49870,train
83001,train
6511,train
85157,train
95410,train
24099,train
53787,train
65663,train
34997,train
36863,train
28292,train
48276,train
17310,train
52979,train
83110,train
65150,train
60578,train
40431,train
7398,train
34216,train
14995,train
98944,train
14056,train
68123,train
72273,train
59329,train
40633,train
28885,train
3714,train
66770,train
831,train
66915,train
64372,train
20085,train
80526,train
27381,train
56065,train
35778,train
58308,train
70622,train
78687,train
7449,train
22240,train
94711,train
41623,train
66678,train
59148,train
87705,train
54566,train
79128,train
47615,train
92128,train
32426,train
28637,train
60699,train
17122,train
27550,train
27041,train
45454,train
49317,train
1572,train
82115,train
3486,train
49304,train
97662,train
49593,train
32678,train
84242,train
65860,train
3593,train
31099,train
28733,train
54334,train
92774,train
57432,train
56720,train
31301,train
19136,train
9838,train
94433,train
53026,train
37639,train
25817,train
7166,train
60770,train
2306,train
48691,train
4934,train
43711,train
81652,train
51997,train
33985,train
16781,train
16154,train
29682,train
78074,train
4566,train
68930,train
37833,train
13078,train
88414,train
84028,train
89178,train
65885,train
39740,train
21606,train
40945,train
90297,train
4179,train
20514,train
55348,train
86401,train
39487,train
64641,train
96493,train
9050,train
66294,train
73762,train
29619,train
18629,train
6325,train
48065,train
69282,train
65812,train
77727,train
21021,train
58518,train
91375,train
14184,train
62942,train
52675,train
5183,train
50016,train
4370,train
48425,train
86824,train
16059,train
352,train
95163,train
42994,train
80494,train
7620,train
81604,train
93394,train
27084,train
97452,train
68894,train
91322,train
75767,train
76024,train
41391,train
21294,train
62004,train
99043,train
15081,train
31721,train
6675,train
26812,train
70703,train
54063,train
15711,train
41114,train
34867,train
98211,train
83684,train
15055,train
46040,train
26464,train
30235,train
5683,train
62665,train
70089,train
50590,train
41053,train
55520,train
11403,train
89984,train
40126,train
5115,train
17569,train
49045,train
89068,train
19526,train
48535,train
54757,train
7262,train
99565,train
16921,train
72781,train
99364,train
69837,train
85988,train
73684,train
5402,train
76476,train
5635,train
2685,train
35112,train
78689,train
67529,train
69673,train
48138,train
43379,train
79235,train
10712,train
50662,train
44533,train
78735,train
79826,train
5812,train
76714,train
92934,train
55746,train
48328,train
83433,train
57492,train
41246,train
35750,train
80591,train
26795,train
90618,train
9487,train
17697,train
31881,train
73766,train
88981,train
94125,train
7797,train
10137,train
81291,train
52179,train
45934,train
5824,train
66345,train
31091,train
24676,train
18421,train
18024,train
7715,train
20480,train
44969,train
82899,train
82714,train
13714,train
33211,train
77804,train
41021,train
66811,train
42552,train
74077,train
50387,train
88666,train
62094,train
14459,train
11288,train
90465,train
60491,train
56558,train
99855,train
97921,train
39230,train
55387,train
45046,train
28617,train
23570,train
97911,train
47300,train
18874,train
96585,train
14345,train
63783,train
96141,train
66122,train
80090,train
25581,train
53762,train
32516,train
59324,train
9026,train
75302,train
46025,train
97614,train
25273,train
2834,train
88764,train
41365,train
9580,train
13880,train
40737,train
30951,train
63051,train
75901,train
11565,train
54549,train
50993,train
61675,train
27399,train
92801,train
41660,train
45514,train
502,train
47450,train
59608,train
99431,train
66362,train
57145,train
91709,train
94451,train
80954,train
7561,train
40688,train
88943,train
5790,train
59470,train
66007,train
7887,train
99775,train
5617,train
80626,train
69992,train
68004,train
91354,train
50357,train
4403,train
50038,train
93259,train
99244,train
41916,train
58113,train
91390,train
91794,train
15465,train
85970,train
34656,train
70300,train
21906,train
80521,train
68169,train
28958,train
88032,train
91455,train
91132,train
87403,train
92239,train
32436,train
48498,train
33806,train
94028,train
17870,train
87912,train
20902,train
77532,train
53514,train
23036,train
47744,train
86834,train
12297,train
31464,train
98195,train
89801,train
10913,train
25599,train
49132,train
74125,train
48171,train
96398,train
7071,train
82862,train
18255,train
52210,train
59839,train
67697,train
56160,train
73008,train
37700,train
4939,train
97291,train
89007,train
48855,train
68168,train
49000,train
31534,train
19743,train
65890,train
53249,train
28024,train
40178,train
90581,train
76089,train
23332,train
54660,train
81661,train
26948,train
36974,train
56216,train
23341,train
79034,train
75090,train
53730,train
47105,train
61838,train
49725,train
87171,train
12976,train
79096,train
93452,train
6812,train
86923,train
37122,train
26940,train
88792,train
95970,train
59165,train
94625,train
55816,train
12454,train
32399,train
29809,train
29060,train
92230,train
14105,train
57421,train
32556,train
94922,train
10763,train
82450,train
69725,train
24712,train
10019,train
62058,train
5313,train
29857,train
17483,train
85593,train
63424,train
79016,train
70485,train
53795,train
51398,train
92766,train
33364,train
60971,train
15387,train
25385,train
22588,train
79786,train
43950,train
89693,train
89703,train
19563,train
57996,train
80696,train
40097,train
85144,train
33265,train
45642,train
30065,train
52616,train
79411,train
47101,train
53146,train
81345,train
5083,train
77762,train
51135,train
83023,train
56419,train
62471,train
44360,train
98038,train
61908,train
86386,train
21133,train
99495,train
58903,train
95356,train
18842,train
9155,train
76699,train
67541,train
43931,train
17808,train
50005,train
39203,train
9657,train
1994,train
81431,train
10996,train
16304,train
69055,train
9646,train
73232,train
1373,train
92122,train
29327,train
26922,train
19137,train
21758,train
26763,train
36829,train
90787,train
65832,train
81615,train
33974,train
5230,train
80997,train
23454,train
85052,train
29530,train
85798,train
25634,train
73222,train
67678,train
50835,train
54124,train
24297,train
47980,train
39154,train
21630,train
227,train
42658,train
34818,train
72206,train
71592,train
95361,train
50360,train
55644,train
56904,train
569,train
43965,train
60495,train
86050,train
79850,train
72216,train
85291,train
49330,train
89796,train
54102,train
69655,train
48329,train
84219,train
52843,train
97446,train
30271,train
93166,train
53889,train
65172,train
45974,train
90418,train
88416,train
58919,train
21623,train
80060,train
17645,train
65257,train
52781,train
22162,train
67645,train
22296,train
46125,train
13829,train
218,train
96220,train
29864,train
66306,train
71260,train
52896,train
41670,train
12802,train
58713,train
10376,train
56176,train
87082,train
72754,train
67209,train
2068,train
35593,train
95039,train
76955,train
85213,train
75165,train
58242,train
78720,train
16010,train
93305,train
40898,train
34759,train
46607,train
90976,train
87644,train
32546,train
13339,train
93329,train
35381,train
76417,train
33182,train
50883,train
29845,train
26844,train
96152,train
21172,train
82161,train
22690,train
80286,train
26305,train
63560,train
54956,train
24211,train
18098,train
94992,train
6151,train
38155,train
17989,train
31494,train
28377,train
15792,train
76470,train
45256,train
97789,train
92455,train
42147,train
75601,train
53796,train
3466,train
72545,train
60754,train
96530,train
61114,train
67791,train
14176,train
7656,train
86334,train
27615,train
24630,train
35001,train
43427,train
1058,train
7214,train
83273,train
59925,train
55464,train
12194,train
18325,train
16804,train
24322,train
71069,train
20109,train
87409,train
50565,train
42670,train
98167,train
3719,train
12723,train
12695,train
43372,train
26554,train
93053,train
87951,train
33953,train
63483,train
91002,train
9128,train
99458,train
72006,train
18122,train
38609,train
27982,train
8435,train
82501,train
92551,train
24567,train
67703,train
48639,train
9965,train
19836,train
79142,train
85357,train
32878,train
63085,train
68110,train
4052,train
10133,train
19078,train
6094,train
57345,train
55161,train
68437,train
5832,train
13992,train
83510,train
38304,train
98818,train
52319,train
35373,train
57982,train
14845,train
62105,train
16190,train
37338,train
88593,train
72094,train
11362,train
62767,train
73723,train
4784,train
31613,train
5791,train
42746,train
93580,train
56388,train
60275,train
88740,train
61636,train
64041,train
14057,train
98507,train
43205,train
98706,train
10530,train
7593,train
10107,train
98653,train
20199,train
36939,train
46953,train
89174,train
90754,train
4498,train
56195,train
51057,train
82323,train
63579,train
88078,train
94975,train
32446,train
9938,train
90160,train
18280,train
16203,train
18427,train
78809,train
26538,train
43098,train
72,train
29187,train
61777,train
23660,train
22591,train
79773,train
45793,train
32877,train
26337,train
12270,train
69975,train
64193,train
173,train
25660,train
66569,train
86612,train
23306,train
86578,train
25766,train
87223,train
36657,train
76873,train
17007,train
1137,train
42189,train
90985,train
33511,train
12495,train
56415,train
59806,train
85762,train
96082,train
72096,train
44291,train
74300,train
67469,train
75298,train
59916,train
10570,train
30895,train
57015,train
545,train
98510,train
79588,train
92544,train
44503,train
62914,train
10988,train
26526,train
10415,train
29514,train
51000,train
85377,train
43996,train
23426,train
46323,train
86414,train
40349,train
70677,train
30588,train
99224,train
57112,train
97886,train
38463,train
7597,train
38997,train
50881,train
86075,train
39254,train
79548,train
54984,train
15714,train
2950,train
50793,train
45537,train
40006,train
83828,train
31926,train
5319,train
67935,train
39587,train
97082,train
82426,train
10980,train
2894,train
25966,train
32279,train
92683,train
7915,train
94739,train
32121,train
87642,train
56096,train
24617,train
88004,train
96055,train
29141,train
31897,train
78020,train
58969,train
76872,train
53117,train
8245,train
67558,train
49803,train
83859,train
20758,train
52850,train
50143,train
18958,train
67957,train
51693,train
74046,train
61923,train
92456,train
72333,train
55711,train
47332,train
68371,train
12084,train
3673,train
89702,train
97788,train
13723,train
15880,train
64627,train
38793,train
49315,train
33630,train
83079,train
27326,train
82949,train
17992,train
86674,train
56855,train
14186,train
45451,train
80373,train
11024,train
69553,train
66193,train
75905,train
1399,train
92037,train
11438,train
9988,train
32230,train
92070,train
31592,train
67788,train
97361,train
15492,train
75453,train
74323,train
84266,train
19363,train
75982,train
59555,train
92308,train
85614,train
86199,train
66238,train
89070,train
39448,train
53629,train
64885,train
39348,train
15580,train
92193,train
56878,train
74633,train
49447,train
7510,train
76174,train
68998,train
9109,train
6102,train
88165,train
19509,train
24362,train
20352,train
68341,train
63469,train
22032,train
67484,train
77110,train
61225,train
1788,train
5296,train
47593,train
59481,train
8407,train
13740,train
51278,train
51788,train
46785,train
12329,train
81443,train
93577,train
70310,train
3830,train
47183,train
37136,train
24851,train
55223,train
32906,train
28432,train
73199,train
56230,train
57825,train
84983,train
25534,train
29772,train
28608,train
10464,train
35467,train
2632,train
6116,train
63341,train
61625,train
22044,train
28540,train
95500,train
69935,train
25630,train
34376,train
83699,train
78136,train
91444,train
65353,train
63637,train
51176,train
58144,train
26065,train
85206,train
29508,train
19001,train
48571,train
22946,train
20096,train
56539,train
18824,train
55488,train
14208,train
57530,train
30105,train
79658,train
80565,train
17273,train
68157,train
65642,train
10485,train
12162,train
51756,train
62496,train
60021,train
35586,train
70249,train
63742,train
4421,train
44730,train
17669,train
46101,train
7803,train
27489,train
97420,train
34332,train
81279,train
59894,train
80984,train
37036,train
84485,train
20694,train
58643,train
11398,train
11778,train
2175,train
98244,train
15056,train
56933,train
61087,train
46643,train
46902,train
57896,train
47523,train
88912,train
4383,train
46781,train
2062,train
50218,train
5040,train
1909,train
17557,train
80884,train
82965,train
39930,train
43152,train
57587,train
16342,train
82422,train
12659,train
55822,train
23712,train
41354,train
93266,train
8469,train
7383,train
36668,train
13975,train
28622,train
70874,train
37028,train
32809,train
50826,train
82672,train
68604,train
84405,train
84873,train
8868,train
1655,train
30621,train
46801,train
56545,train
72572,train
30968,train
74601,train
41397,train
45908,train
94272,train
48161,train
82176,train
44977,train
10227,train
28672,train
69071,train
13686,train
13166,train
75512,train
68684,train
59874,train
30795,train
86021,train
1254,train
26249,train
82036,train
55319,train
68603,train
37346,train
66824,train
94080,train
23801,train
59330,train
7220,train
17916,train
16973,train
37612,train
90459,train
55054,train
33119,train
40345,train
57156,train
54113,train
94335,train
22774,train
22292,train
2520,train
94318,train
26561,train
62785,train
37356,train
60249,train
59245,train
7870,train
30893,train
31900,train
5250,train
79308,train
98816,train
53284,train
48080,train
99134,train
31097,train
74792,train
3944,train
63817,train
25721,train
96036,train
45406,train
65984,train
19417,train
76396,train
73024,train
78236,train
81670,train
87781,train
70567,train
47910,train
75659,train
77951,train
79938,train
24049,train
64957,train
58,train
71499,train
61293,train
48764,train
35465,train
29253,train
71122,train
68891,train
54489,train
51558,train
72972,train
60405,train
11230,train
86549,train
58542,train
65073,train
27745,train
94207,train
49636,train
76806,train
65168,train
919,train
32459,train
12305,train
66134,train
88799,train
72336,train
58946,train
58985,train
20253,train
35676,train
10235,train
90709,train
65577,train
33929,train
4474,train
9054,train
80305,train
80955,train
20878,train
73236,train
47347,train
45500,train
59808,train
6465,train
74413,train
52350,train
39013,train
97467,train
17052,train
91900,train
41588,train
20744,train
33739,train
85202,train
45666,train
64039,train
57042,train
68535,train
40066,train
21861,train
32329,train
59118,train
31140,train
96592,train
17159,train
82474,train
10001,train
75046,train
6925,train
48616,train
84128,train
68923,train
18597,train
8127,train
96851,train
11511,train
43078,train
95826,train
96597,train
29944,train
48248,train
98202,train
70283,train
68314,train
59152,train
79277,train
4184,train
40133,train
44053,train
33451,train
96258,train
57609,train
39295,train
74787,train
34295,train
92662,train
24371,train
44446,train
8592,train
75064,train
64028,train
55552,train
11379,train
21357,train
77276,train
38222,train
86852,train
56859,train
99433,train
6775,train
58105,train
6431,train
80601,train
18347,train
42911,train
25913,train
99113,train
26811,train
15429,train
68796,train
33950,train
77632,train
71961,train
46436,train
34093,train
34687,train
50609,train
52809,train
67715,train
95624,train
14540,train
31266,train
17560,train
68725,train
8196,train
2093,train
62197,train
2160,train
26422,train
74436,train
27855,train
23006,train
72444,train
44363,train
78245,train
45526,train
47673,train
15305,train
58339,train
71559,train
2629,train
75937,train
88695,train
77311,train
73190,train
43517,train
1714,train
1852,train
22841,train
52824,train
99834,train
33758,train
96506,train
15185,train
37089,train
18392,train
36887,train
77824,train
9241,train
6577,train
97105,train
4154,train
66282,train
95515,train
74259,train
94353,train
22375,train
40430,train
40411,train
24706,train
32705,train
83904,train
71366,train
42313,train
85968,train
76327,train
70419,train
20650,train
93255,train
99879,train
32835,train
76853,train
29411,train
62473,train
17778,train
21510,train
96936,train
84849,train
70960,train
55210,train
12816,train
47889,train
26214,train
78253,train
89209,train
11335,train
7917,train
58289,train
94712,train
40463,train
68739,train
87068,train
73826,train
14035,train
46577,train
915,train
77067,train
95841,train
9710,train
4086,train
92361,train
49362,train
53419,train
76442,train
89366,train
13174,train
70869,train
22784,train
68525,train
44345,train
23796,train
23671,train
10664,train
45791,train
47064,train
30846,train
68333,train
73532,train
50512,train
32211,train
63524,train
98556,train
49099,train
61529,train
34498,train
68044,train
54570,train
40118,train
70777,train
97635,train
59751,train
43980,train
16345,train
23478,train
11965,train
61701,train
22525,train
57,train
38561,train
79833,train
92974,train
98410,train
93767,train
13445,train
3247,train
24212,train
94407,train
47049,train
80919,train
30330,train
65530,train
18605,train
96411,train
94095,train
91533,train
92227,train
85800,train
73865,train
81318,train
5253,train
36347,train
97317,train
55164,train
65485,train
44810,train
78303,train
69376,train
48602,train
34665,train
53359,train
26993,train
9395,train
57040,train
94311,train
97506,train
56998,train
77587,train
26517,train
53471,train
95043,train
12200,train
73006,train
24353,train
77830,train
69602,train
21462,train
35496,train
1038,train
48331,train
6861,train
98375,train
23150,train
66140,train
1457,train
14332,train
11633,train
45668,train
35582,train
51610,train
26275,train
66794,train
60985,train
81635,train
68146,train
43602,train
34169,train
17418,train
39976,train
2496,train
93593,train
83911,train
97424,train
91656,train
44651,train
39451,train
41677,train
67996,train
78184,train
39060,train
51105,train
83383,train
18744,train
38167,train
84912,train
11951,train
94868,train
56003,train
64262,train
51034,train
15285,train
11779,train
67461,train
37817,train
35485,train
45471,train
29758,train
69717,train
95877,train
19728,train
4904,train
55810,train
40989,train
44654,train
24962,train
19104,train
3366,train
88126,train
39898,train
70331,train
23012,train
44864,train
53871,train
89216,train
98578,train
59754,train
86453,train
54658,train
68397,train
44403,train
96576,train
43532,train
38656,train
29482,train
80947,train
80098,train
70737,train
8444,train
66778,train
55555,train
25088,train
88408,train
97577,train
31870,train
99160,train
31468,train
13469,train
34270,train
92187,train
32621,train
47120,train
78211,train
39559,train
8793,train
39920,train
46017,train
15160,train
62531,train
54206,train
95866,train
50685,train
76404,train
38978,train
57962,train
47548,train
88048,train
56308,train
1237,train
11487,train
80976,train
17510,train
40762,train
73568,train
87468,train
68688,train
62659,train
72937,train
9436,train
93336,train
92963,train
80340,train
7680,train
82345,train
32851,train
80180,train
99675,train
52260,train
16770,train
51785,train
48761,train
55709,train
24067,train
70234,train
29026,train
74643,train
79507,train
66816,train
2922,train
40582,train
69143,train
11591,train
82811,train
43004,train
82442,train
78586,train
65366,train
53389,train
50523,train
65919,train
62585,train
49257,train
42136,train
53937,train
1220,train
83635,train
44641,train
43358,train
37772,train
87639,train
7509,train
19699,train
68283,train
75341,train
86381,train
9053,train
58414,train
94432,train
98029,train
51001,train
82765,train
96056,train
45529,train
20441,train
97003,train
62989,train
23543,train
23304,train
55638,train
10086,train
86751,train
92584,train
90090,train
18681,train
1703,train
35368,train
44169,train
68605,train
99552,train
16876,train
30367,train
54161,train
63965,train
74234,train
34108,train
38234,train
85151,train
84448,train
17787,train
65862,train
8888,train
6042,train
21522,train
53240,train
53327,train
5912,train
18900,train
74638,train
16772,train
72679,train
66964,train
40086,train
69155,train
29766,train
22182,train
88804,train
4237,train
70037,train
64116,train
22892,train
91509,train
77391,train
74107,train
93182,train
64784,train
53235,train
36216,train
45263,train
3569,train
13026,train
65713,train
92475,train
76235,train
93163,train
90210,train
6574,train
75917,train
25183,train
7204,train
64786,train
26274,train
41867,train
29612,train
43225,train
15067,train
50087,train
4615,train
69227,train
33822,train
15188,train
74858,train
41033,train
44646,train
1295,train
60348,train
52166,train
84952,train
31749,train
73848,train
89751,train
30193,train
17205,train
22962,train
21612,train
84461,train
87274,train
94702,train
16448,train
80388,train
88300,train
54310,train
89024,train
74024,train
5966,train
51199,train
95891,train
43734,train
53094,train
32480,train
41109,train
25897,train
3161,train
18321,train
2451,train
59269,train
58634,train
59725,train
14090,train
43336,train
59637,train
77170,train
55043,train
9369,train
39738,train
6899,train
45799,train
90806,train
13138,train
98043,train
71121,train
77792,train
16769,train
20586,train
98121,train
6291,train
64876,train
21673,train
97409,train
97760,train
95819,train
30255,train
81440,train
32473,train
22579,train
92709,train
57138,train
53001,train
22136,train
58688,train
85863,train
8646,train
68131,train
70901,train
36691,train
6401,train
28550,train
44023,train
16687,train
49957,train
44031,train
33343,train
28065,train
95336,train
44939,train
98864,train
24042,train
59994,train
94728,train
76619,train
27454,train
44756,train
5441,train
24391,train
8737,train
3805,train
18724,train
23399,train
83,train
53764,train
90877,train
44232,train
42403,train
21387,train
28720,train
98420,train
94035,train
1634,train
99703,train
53938,train
32869,train
65476,train
62323,train
52605,train
56917,train
94293,train
17058,train
5270,train
19935,train
84750,train
63508,train
91504,train
19101,train
15683,train
45130,train
20984,train
59292,train
89738,train
1060,train
88352,train
61031,train
51554,train
33334,train
44953,train
50118,train
96289,train
42528,train
90082,train
58122,train
6901,train
22122,train
16191,train
7344,train
81702,train
88291,train
30066,train
75713,train
47806,train
58682,train
91112,train
11563,train
44009,train
68827,train
1197,train
71065,train
60289,train
61835,train
69399,train
28157,train
52396,train
61599,train
41361,train
56560,train
29776,train
34968,train
57312,train
3870,train
10846,train
36946,train
32861,train
74511,train
2493,train
33136,train
69574,train
20893,train
34549,train
77037,train
73671,train
57743,train
314,train
76826,train
58686,train
939,train
21600,train
36229,train
18687,train
92182,train
27150,train
810,train
59104,train
43495,train
14620,train
21117,train
74544,train
8567,train
62077,train
36205,train
8231,train
29463,train
35625,train
93920,train
45443,train
5620,train
35046,train
3038,train
14645,train
82542,train
2531,train
24157,train
89271,train
66272,train
77717,train
71088,train
8627,train
81326,train
81464,train
63463,train
43088,train
45779,train
64275,train
72297,train
86291,train
30097,train
99503,train
93367,train
15440,train
81236,train
18174,train
89277,train
21270,train
46605,train
88462,train
63978,train
98705,train
95479,train
18546,train
80141,train
79542,train
71330,train
61846,train
86139,train
63324,train
36452,train
52452,train
6871,train
51933,train
90125,train
58038,train
85099,train
57810,train
50349,train
53245,train
90764,train
361,train
55203,train
12983,train
34168,train
46675,train
9298,train
30392,train
76313,train
64914,train
27002,train
91336,train
26842,train
35320,train
52535,train
22007,train
45172,train
29579,train
85862,train
12001,train
65674,train
4302,train
81583,train
87944,train
65237,train
37097,train
27597,train
21425,train
83074,train
18181,train
64415,train
53382,train
62388,train
41036,train
84645,train
22027,train
1052,train
40330,train
57413,train
63814,train
82482,train
54912,train
93719,train
68096,train
55584,train
42768,train
71058,train
12446,train
94046,train
22949,train
39330,train
59572,train
94641,train
81861,train
64324,train
39780,train
95306,train
41437,train
86214,train
42337,train
52640,train
50019,train
88370,train
49872,train
30985,train
11680,train
39614,train
60978,train
69346,train
10046,train
44863,train
7623,train
81118,train
85455,train
69205,train
91932,train
82183,train
80921,train
29541,train
21871,train
2874,train
59050,train
81502,train
90551,train
29202,train
96886,train
14854,train
12848,train
48707,train
1850,train
61422,train
32658,train
779,train
87927,train
97176,train
26457,train
58288,train
16271,train
14352,train
58224,train
91805,train
48837,train
31947,train
63835,train
77126,train
47193,train
90137,train
45171,train
71081,train
29416,train
18423,train
6628,train
39366,train
95787,train
4203,train
91212,train
7589,train
3535,train
36162,train
80539,train
57682,train
41038,train
19907,train
45714,train
54311,train
45881,train
48522,train
58072,train
49064,train
11339,train
96025,train
27035,train
28156,train
39742,train
53606,train
31647,train
38289,train
84102,train
71402,train
18265,train
48184,train
41604,train
82370,train
13606,train
22860,train
62726,train
37091,train
21747,train
89038,train
80315,train
42311,train
36402,train
10320,train
23378,train
3289,train
74102,train
39775,train
81896,train
42381,train
23225,train
86844,train
55321,train
82832,train
54217,train
94978,train
15774,train
9963,train
72289,train
77357,train
25611,train
1024,train
79345,train
67741,train
79009,train
65345,train
23345,train
46293,train
4218,train
82449,train
90107,train
99057,train
66868,train
81494,train
7059,train
62194,train
42699,train
62300,train
73177,train
90505,train
70966,train
11091,train
90060,train
46621,train
33568,train
5583,train
28939,train
76110,train
63645,train
48293,train
86644,train
81512,train
16589,train
65587,train
86836,train
52406,train
53899,train
63316,train
21789,train
85781,train
87879,train
29438,train
20592,train
68857,train
99406,train
76497,train
76856,train
72783,train
918,train
17532,train
92136,train
5212,train
15574,train
4439,train
27405,train
62435,train
93554,train
30740,train
67622,train
3549,train
616,train
68364,train
30901,train
5823,train
92535,train
11416,train
70450,train
35603,train
28794,train
58239,train
71883,train
63940,train
36093,train
12708,train
49155,train
65072,train
75312,train
92244,train
63893,train
90146,train
14175,train
4985,train
58173,train
77806,train
10169,train
92241,train
14835,train
65296,train
92744,train
58050,train
62894,train
16960,train
56556,train
52889,train
43633,train
42806,train
73651,train
58260,train
88863,train
79194,train
91008,train
25977,train
32469,train
88999,train
2071,train
15385,train
30289,train
80700,train
3691,train
32859,train
26520,train
5924,train
87805,train
97302,train
53547,train
38282,train
57249,train
32836,train
50600,train
67829,train
94362,train
86811,train
7920,train
70174,train
40234,train
59167,train
6130,train
25426,train
20800,train
62436,train
36032,train
65737,train
19181,train
48227,train
2931,train
85782,train
14469,train
79975,train
98110,train
93264,train
21518,train
22648,train
9037,train
17370,train
11098,train
38637,train
30549,train
67766,train
4911,train
5483,train
5191,train
66667,train
21314,train
79554,train
78753,train
74109,train
35058,train
39259,train
39660,train
97320,train
69699,train
88678,train
30704,train
68494,train
80491,train
88122,train
3419,train
47945,train
74028,train
70488,train
76664,train
2825,train
13679,train
36846,train
77861,train
88715,train
49829,train
57801,train
99799,train
62630,train
48776,train
13459,train
94791,train
12419,train
76719,train
60656,train
75833,train
73840,train
17132,train
45319,train
43162,train
69027,train
92150,train
20216,train
18970,train
946,train
65630,train
88470,train
908,train
91045,train
46592,train
99452,train
24453,train
3488,train
36624,train
61211,train
20436,train
82291,train
35415,train
22907,train
47569,train
50989,train
82105,train
4095,train
44125,train
47868,train
87027,train
95038,train
33232,train
9832,train
90500,train
45605,train
41692,train
32084,train
51803,train
83308,train
63289,train
38603,train
11696,train
93735,train
81429,train
68751,train
92772,train
55418,train
96474,train
25744,train
58200,train
24134,train
73439,train
32778,train
17564,train
96586,train
62603,train
126,train
15142,train
88353,train
9011,train
34276,train
60384,train
34476,train
81829,train
93055,train
16816,train
82049,train
53812,train
30540,train
15929,train
12234,train
88499,train
35519,train
75120,train
18395,train
69868,train
24222,train
97829,train
67233,train
89237,train
67814,train
61247,train
69961,train
27709,train
76818,train
70833,train
13691,train
99183,train
33257,train
97602,train
87930,train
94944,train
71096,train
68849,train
9215,train
73340,train
43514,train
72669,train
33170,train
68138,train
84826,train
26149,train
335,train
66948,train
650,train
63074,train
19841,train
82137,train
51247,train
58597,train
11346,train
26549,train
19034,train
58719,train
40310,train
43099,train
82638,train
24861,train
45724,train
94344,train
60065,train
63429,train
88650,train
93088,train
35749,train
9936,train
90035,train
79403,train
91657,train
24309,train
66284,train
33460,train
40105,train
6296,train
70756,train
44258,train
38424,train
62201,train
1087,train
39148,train
81976,train
43457,train
1074,train
59471,train
92156,train
5662,train
53353,train
84860,train
15466,train
81802,train
88902,train
10965,train
18731,train
98187,train
46706,train
70923,train
95559,train
75950,train
39802,train
5285,train
88458,train
8668,train
60696,train
41306,train
11234,train
4494,train
50583,train
48769,train
92099,train
86500,train
73614,train
64154,train
80266,train
22883,train
70577,train
58915,train
44655,train
33607,train
68721,train
26191,train
40340,train
63667,train
77966,train
64411,train
55759,train
88932,train
96607,train
68951,train
16093,train
86327,train
11675,train
49341,train
57014,train
12310,train
21410,train
46020,train
27609,train
98413,train
318,train
51854,train
30402,train
81853,train
32218,train
54156,train
83263,train
77838,train
41476,train
35070,train
2455,train
59302,train
62184,train
68342,train
1876,train
77982,train
44477,train
89550,train
11617,train
7070,train
96169,train
71024,train
17265,train
60677,train
22295,train
19650,train
84757,train
10096,train
54317,train
49055,train
94174,train
61931,train
32693,train
78776,train
37262,train
45268,train
56341,train
1899,train
21178,train
90924,train
14832,train
31304,train
84146,train
8139,train
15517,train
1579,train
75518,train
8609,train
8560,train
37546,train
36114,train
87729,train
10445,train
70140,train
33420,train
91542,train
35357,train
63107,train
95965,train
93062,train
98773,train
56971,train
37050,train
44796,train
15409,train
31959,train
43385,train
54467,train
18361,train
79428,train
22706,train
23184,train
89596,train
22434,train
11755,train
28511,train
32110,train
42998,train
23130,train
16727,train
18797,train
89240,train
99801,train
75856,train
99538,train
73909,train
22966,train
52793,train
36381,train
41499,train
94685,train
29400,train
32398,train
32698,train
94536,train
53510,train
79362,train
35189,train
36646,train
34416,train
41688,train
48024,train
27420,train
10889,train
50174,train
29237,train
27520,train
4854,train
10968,train
73089,train
44856,train
3437,train
23989,train
23564,train
97544,train
82580,train
33198,train
5275,train
92924,train
8063,train
91681,train
7084,train
60817,train
77852,train
61382,train
83553,train
10403,train
56110,train
66530,train
73066,train
50405,train
64378,train
83051,train
93956,train
94413,train
51779,train
49059,train
19431,train
45179,train
69619,train
20562,train
76524,train
92056,train
18352,train
74695,train
31435,train
15529,train
50022,train
14514,train
41890,train
87676,train
23582,train
13423,train
3194,train
59818,train
26144,train
61401,train
50425,train
80742,train
5037,train
79780,train
77261,train
8496,train
28209,train
77240,train
2843,train
14781,train
16072,train
78955,train
48275,train
80811,train
47762,train
90684,train
86273,train
40883,train
2240,train
83402,train
61153,train
70941,train
24949,train
72435,train
1019,train
51904,train
51304,train
61685,train
23064,train
40663,train
71864,train
53926,train
71297,train
4116,train
82790,train
17480,train
38746,train
55040,train
43826,train
7725,train
46468,train
41018,train
78381,train
85535,train
72270,train
46234,train
74735,train
87827,train
27911,train
98528,train
89947,train
95396,train
99482,train
21210,train
81726,train
2116,train
50758,train
79033,train
20023,train
96368,train
4526,train
71986,train
40993,train
97801,train
396,train
29004,train
16214,train
8426,train
86035,train
16397,train
68212,train
54836,train
90260,train
78770,train
32689,train
66325,train
3572,train
91943,train
39907,train
98657,train
4126,train
3471,train
32155,train
40495,train
73642,train
88009,train
47799,train
5553,train
72948,train
39064,train
21250,train
39410,train
52334,train
81068,train
73028,train
62355,train
17715,train
23186,train
39881,train
20093,train
15696,train
78954,train
49764,train
12739,train
70771,train
65562,train
73328,train
96800,train
3685,train
60828,train
32744,train
85252,train
24209,train
58469,train
18820,train
93917,train
12991,train
10902,train
99114,train
52606,train
70582,train
76607,train
7867,train
47063,train
19496,train
34250,train
62818,train
7998,train
47440,train
87506,train
98508,train
96761,train
9916,train
23786,train
88413,train
72733,train
8534,train
57690,train
72535,train
98163,train
87948,train
16186,train
60477,train
3826,train
63768,train
63217,train
85580,train
22953,train
31548,train
10195,train
14389,train
47967,train
63726,train
19543,train
24142,train
61591,train
69697,train
24570,train
48748,train
38230,train
70156,train
40113,train
14875,train
19983,train
16057,train
34463,train
66745,train
30525,train
5071,train
94729,train
35323,train
44731,train
31146,train
20416,train
42701,train
82706,train
9831,train
92153,train
75482,train
41108,train
37900,train
6963,train
25105,train
40676,train
18461,train
15731,train
7637,train
93793,train
60083,train
45664,train
3670,train
73747,train
17319,train
78921,train
84970,train
72287,train
24841,train
9451,train
23329,train
14943,train
87449,train
36228,train
32596,train
85310,train
29868,train
18939,train
71851,train
80820,train
12733,train
88449,train
71615,train
92210,train
75461,train
12515,train
30227,train
12687,train
22225,train
22399,train
17508,train
86714,train
6343,train
98143,train
44465,train
10302,train
99185,train
42545,train
97246,train
47730,train
20928,train
79627,train
29428,train
45240,train
67208,train
96492,train
74179,train
30151,train
26205,train
34292,train
55362,train
76084,train
61791,train
84178,train
28566,train
57221,train
68323,train
42433,train
63184,train
46215,train
1803,train
31125,train
5949,train
52445,train
88563,train
81893,train
34603,train
85037,train
59886,train
84572,train
69628,train
19450,train
14526,train
49832,train
42391,train
20886,train
99897,train
564,train
28003,train
15583,train
92808,train
63243,train
48513,train
91298,train
30002,train
27551,train
56255,train
52294,train
92507,train
57887,train
23522,train
90973,train
60440,train
11556,train
22335,train
46254,train
63256,train
55754,train
95397,train
68468,train
78016,train
9511,train
19491,train
33875,train
74656,train
43531,train
19709,train
45824,train
84009,train
20977,train
34528,train
12651,train
71004,train
36300,train
78241,train
80810,train
43972,train
30332,train
5870,train
24204,train
2846,train
99648,train
71843,train
58325,train
88259,train
4927,train
87868,train
64999,train
85508,train
75517,train
34913,train
6735,train
52409,train
34418,train
98806,train
77586,train
43812,train
61839,train
15879,train
21983,train
74411,train
28861,train
88084,train
64137,train
912,train
61090,train
60710,train
46410,train
44454,train
49336,train
1728,train
14073,train
50555,train
99150,train
53820,train
49397,train
65537,train
65033,train
35732,train
10934,train
99851,train
69038,train
2967,train
94414,train
44463,train
18634,train
39343,train
81641,train
32548,train
26021,train
16721,train
40670,train
93995,train
31727,train
63963,train
17216,train
14015,train
59062,train
87496,train
86753,train
76052,train
77057,train
11674,train
30437,train
3438,train
21825,train
53711,train
57448,train
53189,train
24116,train
53374,train
11785,train
31954,train
40111,train
21498,train
81544,train
44599,train
56296,train
18932,train
5574,train
89945,train
13982,train
739,train
44615,train
97850,train
48788,train
89321,train
61598,train
87336,train
36666,train
95549,train
3290,train
18855,train
79911,train
33501,train
19759,train
66572,train
45613,train
29231,train
61635,train
13401,train
81314,train
73480,train
51926,train
65918,train
55311,train
94716,train
744,train
38872,train
37925,train
18387,train
17256,train
48539,train
69467,train
50841,train
97981,train
39551,train
4175,train
28932,train
16621,train
92383,train
59551,train
85914,train
65295,train
27850,train
72050,train
60445,train
47109,train
71158,train
55046,train
28950,train
44733,train
36843,train
92434,train
21750,train
47801,train
47,train
38053,train
76783,train
92599,train
56492,train
7833,train
66847,train
21840,train
17120,train
60308,train
43650,train
25012,train
56759,train
81680,train
64688,train
31406,train
24839,train
85964,train
41121,train
49235,train
81049,train
65878,train
21415,train
3217,train
62826,train
35031,train
60804,train
49740,train
10581,train
19688,train
5745,train
74974,train
71656,train
34894,train
94624,train
74537,train
50398,train
89183,train
99019,train
95621,train
15191,train
19630,train
94675,train
20099,train
36607,train
11075,train
96171,train
20013,train
71920,train
53363,train
54182,train
37004,train
13497,train
96609,train
82212,train
42921,train
65205,train
49591,train
83566,train
43777,train
60899,train
59634,train
56301,train
70585,train
37389,train
39173,train
1073,train
58793,train
41039,train
5214,train
61486,train
51177,train
9213,train
76528,train
64635,train
19859,train
73858,train
61677,train
47254,train
40134,train
90862,train
45726,train
72610,train
71211,train
83279,train
85326,train
15695,train
22955,train
64370,train
55316,train
89304,train
33454,train
3189,train
53233,train
24632,train
59305,train
11022,train
25976,train
80785,train
59917,train
12049,train
21124,train
64577,train
45607,train
40311,train
81199,train
36793,train
54872,train
23524,train
10982,train
29724,train
70489,train
81869,train
13352,train
3001,train
63237,train
92106,train
38875,train
82999,train
4103,train
22585,train
45411,train
65308,train
72739,train
51066,train
98612,train
94635,train
43222,train
99837,train
5322,train
22476,train
32033,train
43563,train
15618,train
59613,train
97336,train
37576,train
55849,train
34138,train
47399,train
38821,train
20850,train
62156,train
92563,train
13930,train
91765,train
81772,train
96415,train
48663,train
89717,train
17936,train
7391,train
22046,train
61502,train
82536,train
71028,train
52954,train
4444,train
31970,train
2542,train
17183,train
95570,train
77811,train
54162,train
45237,train
6027,train
11068,train
41143,train
72178,train
18661,train
61127,train
12065,train
96192,train
56970,train
13859,train
9596,train
62420,train
61007,train
61788,train
52496,train
95355,train
76734,train
22016,train
77043,train
37051,train
71950,train
43305,train
49975,train
49787,train
91801,train
50526,train
13190,train
17533,train
84368,train
65239,train
76023,train
30499,train
63886,train
7907,train
68888,train
83718,train
94099,train
22729,train
33745,train
15068,train
90481,train
59733,train
64817,train
78836,train
28027,train
82068,train
87993,train
84900,train
58103,train
92829,train
56874,train
92330,train
13649,train
17654,train
6602,train
39631,train
65367,train
67853,train
50745,train
91505,train
18616,train
10212,train
21475,train
13553,train
18308,train
17211,train
78543,train
58506,train
19573,train
17247,train
31284,train
9481,train
7342,train
75532,train
94581,train
65145,train
2571,train
15501,train
77798,train
31451,train
99734,train
61133,train
68167,train
34991,train
12783,train
23791,train
52193,train
55051,train
96475,train
39160,train
8298,train
25363,train
76692,train
18956,train
48018,train
35302,train
30535,train
30564,train
77627,train
25880,train
3561,train
43202,train
60132,train
18257,train
93345,train
20676,train
54535,train
652,train
97497,train
43300,train
8132,train
48813,train
99655,train
57098,train
37191,train
68543,train
41724,train
64340,train
42373,train
46584,train
75511,train
46648,train
78728,train
56217,train
94181,train
10147,train
92626,train
58472,train
84148,train
92360,train
76136,train
8967,train
49759,train
45856,train
53623,train
85818,train
17837,train
39821,train
94855,train
17255,train
78029,train
36207,train
79969,train
19997,train
4373,train
49150,train
35369,train
53875,train
64192,train
63901,train
48359,train
94273,train
15977,train
38072,train
51004,train
9589,train
41182,train
40040,train
8281,train
18903,train
26623,train
78360,train
46505,train
76915,train
7940,train
62763,train
8734,train
67805,train
65813,train
82164,train
49286,train
55493,train
93381,train
87224,train
55979,train
33402,train
89309,train
96393,train
93270,train
25723,train
16692,train
72053,train
434,train
14511,train
53718,train
49454,train
25289,train
96117,train
52104,train
34740,train
52821,train
38594,train
19014,train
58732,train
19520,train
51592,train
54574,train
64093,train
85160,train
16798,train
1676,train
70324,train
72555,train
83665,train
60312,train
48312,train
78682,train
40351,train
15853,train
12718,train
40283,train
7975,train
34128,train
66188,train
67543,train
88409,train
50285,train
53485,train
69639,train
16722,train
41862,train
27004,train
68970,train
14808,train
46151,train
80978,train
1940,train
34797,train
66633,train
76644,train
30379,train
82824,train
20813,train
75451,train
80830,train
15813,train
88142,train
86802,train
94999,train
3163,train
3625,train
37936,train
57210,train
33484,train
79876,train
88719,train
37479,train
25467,train
68473,train
83693,train
61353,train
17570,train
39584,train
59542,train
73373,train
81194,train
14947,train
89808,train
68597,train
85610,train
13220,train
19758,train
15358,train
39430,train
30321,train
51809,train
404,train
57184,train
85342,train
52920,train
32248,train
34362,train
66104,train
51663,train
98158,train
58086,train
81548,train
1395,train
44261,train
29594,train
7548,train
23992,train
93622,train
78141,train
47603,train
77562,train
72350,train
1862,train
9373,train
31379,train
11838,train
18233,train
37765,train
54038,train
91060,train
56814,train
7366,train
15910,train
7802,train
943,train
60915,train
22718,train
27093,train
53621,train
27914,train
87940,train
75998,train
1454,train
19092,train
84369,train
89740,train
74214,train
90420,train
47256,train
70518,train
61201,train
95055,train
36054,train
56479,train
22391,train
25043,train
81274,train
48864,train
73479,train
47699,train
25568,train
94246,train
33958,train
7772,train
87603,train
30051,train
9016,train
10044,train
91169,train
89743,train
41540,train
31593,train
90587,train
29891,train
33604,train
92030,train
44253,train
83374,train
662,train
459,train
38386,train
70198,train
45198,train
70123,train
43423,train
59217,train
34433,train
11067,train
69446,train
93821,train
33871,train
84319,train
59446,train
67705,train
59181,train
63164,train
39224,train
32141,train
37131,train
80855,train
17875,train
77884,train
76615,train
26234,train
10288,train
67890,train
41382,train
53952,train
59556,train
31969,train
35721,train
54953,train
3664,train
1021,train
88075,train
23959,train
42026,train
2020,train
57590,train
38213,train
89459,train
77119,train
6568,train
20687,train
5622,train
80522,train
21499,train
23265,train
75123,train
42668,train
90580,train
33763,train
23200,train
4032,train
84049,train
3418,train
88536,train
16273,train
85722,train
74449,train
19400,train
44711,train
18655,train
83205,train
3689,train
82373,train
74569,train
83865,train
14265,train
55885,train
73045,train
16135,train
79698,train
19576,train
63211,train
81317,train
63987,train
75957,train
88547,train
87535,train
59209,train
1443,train
34080,train
56692,train
80375,train
57907,train
38058,train
2952,train
96528,train
5814,train
41517,train
2669,train
7209,train
25125,train
24645,train
81110,train
42612,train
22480,train
72970,train
98646,train
87390,train
1974,train
33369,train
24535,train
27925,train
95416,train
4748,train
66614,train
37144,train
97735,train
48147,train
90986,train
67376,train
86343,train
96149,train
64304,train
89206,train
24690,train
5216,train
77195,train
10922,train
11891,train
50149,train
66522,train
28587,train
78048,train
65949,train
57585,train
55375,train
99540,train
2504,train
44722,train
24648,train
18042,train
97844,train
20366,train
56616,train
82925,train
66287,train
30519,train
16570,train
95439,train
61854,train
75490,train
91055,train
72777,train
84456,train
92885,train
74976,train
3420,train
16129,train
78636,train
40750,train
92376,train
91288,train
46159,train
51295,train
4298,train
61251,train
56183,train
90159,train
61511,train
22688,train
63797,train
26503,train
73132,train
40763,train
21900,train
51364,train
12181,train
79558,train
1484,train
59795,train
38606,train
70566,train
8237,train
28951,train
40949,train
51673,train
24220,train
59656,train
8304,train
27990,train
19483,train
19172,train
87575,train
73314,train
47496,train
11422,train
44117,train
52243,train
28309,train
21991,train
84679,train
34340,train
46757,train
51499,train
45211,train
99348,train
99605,train
50488,train
8638,train
33121,train
97687,train
31132,train
53580,train
12115,train
65702,train
10891,train
48078,train
51161,train
73224,train
72122,train
37177,train
28050,train
30253,train
71141,train
10642,train
37401,train
81378,train
38409,train
80320,train
13080,train
52116,train
60619,train
33580,train
81104,train
40667,train
26332,train
58348,train
6008,train
44534,train
96799,train
16805,train
50246,train
12210,train
98177,train
32914,train
1787,train
16775,train
58273,train
4786,train
48681,train
74337,train
26534,train
56019,train
25877,train
42079,train
98988,train
64961,train
67293,train
24659,train
4173,train
93301,train
72711,train
53528,train
90064,train
67577,train
95080,train
61530,train
90874,train
21823,train
17838,train
49036,train
91120,train
65095,train
61136,train
27408,train
14130,train
58849,train
85794,train
5176,train
47134,train
15473,train
16703,train
37637,train
31267,train
17317,train
4035,train
53268,train
85814,train
85330,train
40971,train
62095,train
88526,train
19323,train
53981,train
35118,train
25850,train
50729,train
62778,train
22413,train
97460,train
58452,train
47379,train
30978,train
71965,train
92793,train
71573,train
4150,train
29347,train
36513,train
25056,train
22141,train
693,train
60628,train
24965,train
83812,train
82746,train
44753,train
95530,train
2413,train
51213,train
30361,train
76705,train
65231,train
60849,train
71074,train
22553,train
55696,train
86514,train
89224,train
11503,train
89818,train
45672,train
59718,train
48573,train
24695,train
77591,train
8112,train
8088,train
59248,train
87554,train
76702,train
18448,train
12284,train
46295,train
4017,train
40643,train
71045,train
31704,train
82162,train
44429,train
86930,train
47576,train
91513,train
75307,train
92119,train
54761,train
34153,train
33942,train
48934,train
56952,train
54786,train
81654,train
27242,train
40386,train
94459,train
78600,train
13824,train
77220,train
11072,train
90582,train
4907,train
23434,train
96190,train
68691,train
72063,train
15957,train
50813,train
71563,train
74815,train
42503,train
61621,train
37614,train
92208,train
6303,train
72233,train
62698,train
17667,train
46898,train
54168,train
64900,train
75827,train
85960,train
57309,train
71823,train
79508,train
83389,train
88307,train
50130,train
894,train
78873,train
55441,train
79351,train
81132,train
9453,train
79167,train
57113,train
11734,train
73757,train
40087,train
51688,train
15330,train
37916,train
26384,train
56444,train
54131,train
55089,train
6710,train
1403,train
54270,train
78442,train
74743,train
27846,train
83659,train
80484,train
48579,train
75083,train
27262,train
72366,train
45223,train
61607,train
25832,train
69696,train
14135,train
83106,train
52819,train
74790,train
6003,train
91335,train
17025,train
4495,train
49078,train
90584,train
25987,train
24589,train
21558,train
9606,train
3497,train
66291,train
24315,train
93706,train
20643,train
97366,train
6714,train
89946,train
37473,train
89741,train
39457,train
56462,train
91536,train
33325,train
29711,train
70884,train
9678,train
19536,train
40994,train
93624,train
6002,train
74318,train
90540,train
60058,train
64473,train
57189,train
34017,train
62379,train
68456,train
74849,train
78965,train
958,train
65529,train
45889,train
21876,train
33848,train
51351,train
71811,train
80846,train
88578,train
874,train
31949,train
26824,train
16040,train
514,train
10430,train
88828,train
4061,train
29168,train
20999,train
76879,train
95827,train
77629,train
50807,train
81188,train
66694,train
13745,train
6028,train
66571,train
56816,train
62560,train
25923,train
6429,train
74441,train
75446,train
68313,train
91894,train
54455,train
62797,train
21733,train
79377,train
77489,train
67752,train
51409,train
48911,train
31934,train
96738,train
94068,train
86095,train
72389,train
67459,train
93175,train
6306,train
97056,train
88016,train
38696,train
78485,train
82858,train
28944,train
46826,train
54476,train
27293,train
22153,train
30179,train
91012,train
89799,train
43405,train
1290,train
99105,train
40373,train
48472,train
3948,train
60825,train
30630,train
36611,train
5885,train
57383,train
15046,train
34888,train
70446,train
44136,train
98222,train
73573,train
1921,train
53222,train
81886,train
96101,train
74319,train
20355,train
8941,train
91799,train
84136,train
99149,train
45653,train
13935,train
34670,train
13189,train
12639,train
74353,train
46661,train
91796,train
76246,train
98189,train
27514,train
88428,train
48366,train
57880,train
5243,train
91085,train
8995,train
55902,train
27178,train
42055,train
98262,train
94352,train
29932,train
61801,train
80108,train
82617,train
4056,train
92943,train
3618,train
40861,train
39861,train
29827,train
28837,train
96517,train
91511,train
2135,train
4094,train
3232,train
94249,train
93936,train
24466,train
91239,train
87110,train
58246,train
46426,train
86589,train
92533,train
6816,train
69338,train
51547,train
86170,train
6356,train
39713,train
87075,train
68821,train
30182,train
33185,train
5506,train
58717,train
23563,train
11705,train
59506,train
65350,train
45458,train
67719,train
35440,train
17296,train
80541,train
75157,train
32946,train
66413,train
21170,train
93882,train
42484,train
68399,train
78893,train
73413,train
36112,train
42336,train
93411,train
25649,train
69247,train
33900,train
61639,train
93458,train
51725,train
70305,train
19024,train
24012,train
10860,train
77094,train
90470,train
30157,train
34188,train
99859,train
89009,train
40905,train
74217,train
70985,train
68846,train
18787,train
88594,train
21553,train
13623,train
61294,train
67047,train
75486,train
3839,train
53137,train
62990,train
5744,train
28530,train
87791,train
18875,train
4398,train
71183,train
18198,train
10412,train
618,train
3928,train
60160,train
50170,train
65717,train
34901,train
53316,train
7736,train
97192,train
36150,train
97027,train
4863,train
21283,train
44336,train
65564,train
2418,train
78377,train
49529,train
3780,train
55990,train
97154,train
95180,train
82354,train
97207,train
85381,train
65883,train
74837,train
20500,train
55397,train
78783,train
67063,train
5302,train
91964,train
23834,train
98674,train
59190,train
71862,train
54421,train
9592,train
74758,train
768,train
28167,train
76161,train
96805,train
22006,train
58527,train
92331,train
95438,train
81859,train
43723,train
79711,train
62612,train
69061,train
83793,train
91913,train
40903,train
36084,train
30743,train
96558,train
43799,train
98134,train
59962,train
34229,train
99594,train
82752,train
42852,train
78027,train
66917,train
65137,train
88985,train
19678,train
90221,train
79710,train
140,train
37087,train
39596,train
3712,train
53342,train
13106,train
50160,train
65481,train
17064,train
89368,train
2766,train
47284,train
79324,train
90226,train
22334,train
79289,train
58864,train
5801,train
91570,train
9707,train
36261,train
46974,train
27507,train
17024,train
75429,train
68309,train
2122,train
87699,train
96841,train
78655,train
99501,train
29830,train
1903,train
42332,train
28109,train
11502,train
46371,train
23344,train
88492,train
20716,train
39108,train
5220,train
58715,train
24778,train
19397,train
65182,train
55883,train
79022,train
85211,train
41403,train
43477,train
43229,train
91102,train
63626,train
40916,train
56776,train
24358,train
71849,train
13297,train
75669,train
18,train
11180,train
18989,train
84986,train
49531,train
32194,train
41756,train
18138,train
53083,train
96455,train
67101,train
43062,train
65629,train
19712,train
12900,train
50924,train
49272,train
28988,train
12625,train
64633,train
85111,train
50162,train
12629,train
68372,train
75509,train
4506,train
75673,train
63281,train
24728,train
94706,train
23586,train
75589,train
6976,train
99811,train
73557,train
92640,train
98180,train
96094,train
57684,train
49068,train
41254,train
44333,train
672,train
35411,train
55485,train
57123,train
88893,train
7586,train
72928,train
40266,train
38532,train
72532,train
4638,train
67827,train
96112,train
98363,train
54696,train
86701,train
76392,train
16242,train
19282,train
60105,train
22343,train
62946,train
84532,train
76953,train
61298,train
48641,train
18022,train
77651,train
14287,train
13224,train
77120,train
47168,train
59918,train
61476,train
70747,train
71740,train
10480,train
86585,train
82124,train
87555,train
14690,train
2650,train
8367,train
97397,train
33413,train
12550,train
34158,train
9276,train
25055,train
16315,train
88957,train
19216,train
3016,train
98275,train
15064,train
47405,train
84628,train
83824,train
44787,train
30195,train
62600,train
73182,train
58410,train
44103,train
31206,train
69021,train
94664,train
58433,train
30594,train
97941,train
60283,train
24836,train
2538,train
11240,train
81352,train
48752,train
40702,train
81220,train
21766,train
74152,train
338,train
76203,train
99360,train
50444,train
78746,train
32285,train
22063,train
3909,train
47352,train
68601,train
71820,train
23479,train
44196,train
9196,train
59879,train
88829,train
5673,train
16597,train
46788,train
97964,train
38090,train
38246,train
42155,train
74502,train
78072,train
43448,train
23224,train
33760,train
8345,train
71674,train
88442,train
58392,train
10559,train
73915,train
72251,train
36219,train
36014,train
38575,train
80130,train
66247,train
75073,train
52326,train
61440,train
97694,train
45294,train
91914,train
27701,train
81108,train
20164,train
66270,train
32736,train
98815,train
9940,train
12060,train
82653,train
58927,train
16511,train
83831,train
48304,train
40854,train
73827,train
13893,train
88333,train
20872,train
28165,train
31080,train
66947,train
26583,train
40843,train
11471,train
84592,train
40553,train
60012,train
71351,train
12990,train
6640,train
58560,train
82395,train
80040,train
96373,train
24824,train
5821,train
63839,train
93022,train
7652,train
4564,train
29912,train
7283,train
24075,train
98962,train
56100,train
55614,train
56417,train
85607,train
36521,train
74295,train
99698,train
54189,train
73905,train
48062,train
23595,train
53868,train
39423,train
54332,train
25416,train
69930,train
19995,train
46301,train
16851,train
63850,train
67113,train
64150,train
89597,train
91141,train
29007,train
77282,train
9828,train
38418,train
65553,train
78230,train
7307,train
53577,train
44878,train
4083,train
7289,train
55824,train
36009,train
65471,train
37932,train
44838,train
45163,train
6341,train
43791,train
11436,train
36489,train
72899,train
17892,train
70846,train
13408,train
22811,train
83560,train
32064,train
41698,train
54753,train
77193,train
5839,train
22852,train
25676,train
74018,train
63373,train
22258,train
36157,train
87091,train
56507,train
44895,train
68820,train
36284,train
63798,train
60665,train
48371,train
23804,train
92038,train
34649,train
81567,train
53032,train
67730,train
11622,train
19055,train
36526,train
36007,train
85122,train
85312,train
2239,train
38085,train
24064,train
89139,train
88973,train
93497,train
15975,train
82646,train
29620,train
58226,train
20172,train
34971,train
34441,train
25309,train
38742,train
86918,train
26292,train
18279,train
57178,train
93510,train
20166,train
85106,train
73082,train
30711,train
55852,train
39085,train
74473,train
72726,train
54214,train
66502,train
57073,train
36211,train
37138,train
72891,train
86571,train
27220,train
99466,train
46725,train
33880,train
67582,train
77578,train
80014,train
12657,train
52892,train
48196,train
64647,train
43920,train
422,train
65441,train
76855,train
12434,train
36245,train
50945,train
36074,train
66405,train
43469,train
55888,train
67395,train
11811,train
94557,train
61715,train
49104,train
22015,train
18166,train
42592,train
48483,train
6383,train
92488,train
72841,train
49724,train
56836,train
58265,train
56767,train
20081,train
48187,train
15972,train
45309,train
11512,train
23075,train
4204,train
43065,train
74407,train
19345,train
59950,train
66452,train
58363,train
1669,train
59553,train
37270,train
94197,train
17608,train
42060,train
81953,train
40796,train
24263,train
17157,train
79852,train
9872,train
30486,train
59486,train
91523,train
46987,train
44171,train
42206,train
11949,train
15996,train
55951,train
4034,train
18699,train
82025,train
66457,train
19823,train
91295,train
28810,train
35524,train
94453,train
95567,train
27072,train
32845,train
28828,train
42076,train
89774,train
70431,train
17975,train
5042,train
77786,train
30405,train
29537,train
17327,train
76932,train
50757,train
68873,train
57663,train
1883,train
9092,train
54130,train
11439,train
24081,train
97863,train
10771,train
40107,train
14902,train
87992,train
50701,train
8425,train
28468,train
43518,train
14098,train
40724,train
15250,train
85469,train
99583,train
11121,train
67204,train
26745,train
86176,train
2163,train
55701,train
79547,train
36106,train
35810,train
58044,train
66467,train
92666,train
40002,train
11059,train
59921,train
50530,train
89724,train
98534,train
25701,train
5730,train
72394,train
36220,train
25708,train
55484,train
74340,train
79683,train
58116,train
30874,train
54475,train
7155,train
38833,train
16282,train
8462,train
89114,train
40068,train
61182,train
5314,train
35201,train
84087,train
21671,train
85764,train
60051,train
82725,train
13774,train
87643,train
20341,train
92014,train
21450,train
14512,train
89032,train
97782,train
68403,train
94382,train
26403,train
33647,train
97193,train
92899,train
81716,train
52050,train
54055,train
42131,train
76332,train
30948,train
84326,train
15236,train
63255,train
87246,train
24372,train
13510,train
99010,train
43804,train
2251,train
64222,train
97266,train
45771,train
64384,train
97301,train
91596,train
71897,train
95700,train
7587,train
28,train
83345,train
4038,train
71984,train
9847,train
12000,train
5972,train
48141,train
15993,train
13499,train
70939,train
93800,train
69657,train
11357,train
23654,train
41464,train
83313,train
49210,train
46106,train
67219,train
16316,train
52826,train
79765,train
95801,train
20281,train
3848,train
27685,train
92990,train
26984,train
45862,train
20017,train
26833,train
35126,train
12190,train
98150,train
93072,train
37584,train
20609,train
47184,train
96274,train
66371,train
69770,train
65451,train
78385,train
11354,train
20670,train
71461,train
68770,train
9098,train
92124,train
23993,train
62833,train
95556,train
80762,train
42848,train
44804,train
65152,train
55927,train
42476,train
40799,train
8645,train
15027,train
82529,train
27446,train
21613,train
10101,train
14414,train
98506,train
38290,train
29091,train
18081,train
93480,train
30670,train
97489,train
95433,train
32384,train
3512,train
23206,train
18905,train
20743,train
40751,train
86165,train
10639,train
83975,train
49999,train
78073,train
86324,train
15966,train
52618,train
40365,train
38719,train
8510,train
82502,train
45540,train
35004,train
59712,train
60211,train
64199,train
83369,train
8965,train
11355,train
45501,train
20614,train
59498,train
64231,train
75104,train
6904,train
17988,train
2043,train
18608,train
84294,train
4064,train
71557,train
58857,train
56962,train
6473,train
71608,train
11105,train
74905,train
60107,train
52904,train
4176,train
25776,train
85220,train
78840,train
86024,train
55417,train
30217,train
44346,train
46078,train
81101,train
26634,train
56374,train
74039,train
11772,train
62223,train
33858,train
35600,train
16231,train
12295,train
11935,train
10134,train
45009,train
70119,train
76737,train
7374,train
34287,train
9456,train
57965,train
70138,train
6382,train
86882,train
79124,train
54526,train
74896,train
5572,train
27416,train
98670,train
62292,train
96866,train
52961,train
82619,train
34115,train
54496,train
65898,train
70881,train
71914,train
88006,train
47486,train
80959,train
7740,train
58625,train
33134,train
74127,train
38151,train
77941,train
81989,train
68328,train
56446,train
38784,train
41439,train
25393,train
57006,train
55795,train
40209,train
386,train
97163,train
85911,train
26413,train
74205,train
37223,train
64700,train
73188,train
68326,train
69772,train
82024,train
67139,train
43304,train
96384,train
29792,train
36179,train
64068,train
10689,train
34854,train
86350,train
83406,train
8343,train
3902,train
96085,train
28341,train
95419,train
29320,train
64765,train
48082,train
21551,train
41904,train
13977,train
36662,train
19597,train
9442,train
47152,train
37815,train
7217,train
10778,train
45565,train
84333,train
15886,train
15488,train
22918,train
23636,train
3431,train
78962,train
16810,train
7528,train
37010,train
13573,train
24509,train
60523,train
41774,train
69691,train
27688,train
55021,train
7650,train
32391,train
72551,train
41195,train
24346,train
35771,train
99872,train
14543,train
43054,train
96039,train
62984,train
6454,train
62143,train
37951,train
93395,train
13154,train
76386,train
55838,train
20272,train
96970,train
56149,train
38975,train
43946,train
29233,train
36553,train
71789,train
21799,train
61187,train
76820,train
49679,train
66732,train
11927,train
10883,train
25600,train
54286,train
927,train
19724,train
37407,train
91448,train
37021,train
49267,train
89922,train
55065,train
67668,train
5051,train
17568,train
76109,train
36881,train
19217,train
39819,train
81760,train
90123,train
74944,train
56748,train
17832,train
99845,train
47061,train
23510,train
23290,train
9031,train
68223,train
36764,train
1663,train
20814,train
33649,train
14677,train
4435,train
62075,train
14910,train
26314,train
31342,train
58195,train
44264,train
42512,train
49425,train
48190,train
5545,train
63727,train
53387,train
705,train
49941,train
40696,train
97036,train
75183,train
17061,train
58245,train
93406,train
77483,train
76258,train
37425,train
17575,train
26919,train
64965,train
23081,train
28833,train
87530,train
71695,train
60353,train
68059,train
15546,train
97012,train
87458,train
14072,train
8682,train
96739,train
15461,train
91757,train
75015,train
22272,train
40621,train
23918,train
95656,train
25433,train
47836,train
13370,train
47200,train
32552,train
79147,train
44048,train
62486,train
94523,train
3626,train
34343,train
60456,train
90487,train
89463,train
22950,train
57366,train
99107,train
4299,train
80786,train
97075,train
34739,train
23857,train
27066,train
87597,train
76049,train
43887,train
59652,train
91918,train
18212,train
91272,train
63685,train
75131,train
28397,train
65283,train
53915,train
13758,train
72195,train
69173,train
2264,train
13192,train
40136,train
62597,train
77880,train
71518,train
29441,train
75431,train
87898,train
34273,train
8377,train
89359,train
25916,train
24417,train
97031,train
84019,train
75053,train
34300,train
20439,train
70498,train
36858,train
70380,train
66635,train
43047,train
70201,train
16605,train
37139,train
66311,train
17297,train
24268,train
57354,train
68570,train
23255,train
24269,train
18413,train
55714,train
25264,train
20513,train
20175,train
30838,train
72378,train
79014,train
11499,train
48538,train
83092,train
65804,train
42266,train
5549,train
82774,train
63611,train
77987,train
30418,train
58585,train
3222,train
47331,train
82918,train
81504,train
53346,train
30113,train
95272,train
90114,train
7799,train
32374,train
31690,train
84797,train
24602,train
7486,train
72033,train
53901,train
33345,train
63178,train
5013,train
32522,train
99618,train
12256,train
86285,train
41784,train
64428,train
55132,train
43135,train
32207,train
42135,train
23024,train
24326,train
98311,train
33794,train
74737,train
46945,train
36159,train
42737,train
94880,train
4221,train
2607,train
96122,train
84941,train
33606,train
62093,train
89551,train
86046,train
47971,train
55452,train
6214,train
62497,train
33795,train
26827,train
8164,train
5218,train
59618,train
96855,train
23097,train
59080,train
23649,train
51604,train
46698,train
85889,train
47278,train
8016,train
13059,train
36457,train
54221,train
77415,train
15274,train
37579,train
32841,train
34131,train
79598,train
68585,train
57664,train
57324,train
60152,train
71900,train
59317,train
143,train
50356,train
65527,train
20807,train
46231,train
11469,train
58177,train
20192,train
56068,train
74983,train
32942,train
49165,train
81740,train
24379,train
65127,train
92631,train
72003,train
88062,train
59423,train
14426,train
60031,train
57217,train
98359,train
97985,train
70665,train
21734,train
67813,train
3493,train
52948,train
79122,train
99446,train
76924,train
49839,train
70991,train
91042,train
82207,train
14804,train
73749,train
66895,train
88864,train
55004,train
6909,train
53830,train
30627,train
40684,train
98538,train
30397,train
11739,train
89566,train
15610,train
70017,train
13109,train
86706,train
65595,train
6977,train
71335,train
36109,train
76516,train
43773,train
29288,train
76365,train
14301,train
10290,train
27675,train
43076,train
68351,train
47189,train
80528,train
56866,train
60853,train
31964,train
35970,train
30958,train
24996,train
15613,train
8454,train
62102,train
59407,train
60082,train
73635,train
55684,train
60791,train
46071,train
47993,train
96465,train
78640,train
8456,train
97015,train
56459,train
37726,train
99543,train
190,train
44329,train
28591,train
43964,train
35062,train
11375,train
43051,train
2341,train
17487,train
1006,train
86091,train
4016,train
81942,train
35402,train
38177,train
20543,train
51319,train
68135,train
55151,train
99630,train
33827,train
34336,train
56514,train
47485,train
90927,train
11332,train
29337,train
97267,train
84635,train
75826,train
49624,train
95706,train
54554,train
61569,train
72440,train
66857,train
1653,train
52956,train
55315,train
44903,train
93924,train
17779,train
98390,train
73751,train
91981,train
36673,train
93738,train
2154,train
71855,train
14932,train
9800,train
31680,train
16705,train
80749,train
17746,train
96453,train
39241,train
44231,train
12145,train
38758,train
13700,train
43876,train
35409,train
34980,train
53720,train
57726,train
22133,train
14174,train
8550,train
46325,train
46087,train
51237,train
52149,train
82155,train
59469,train
43542,train
32481,train
38333,train
9223,train
5137,train
46050,train
68948,train
57009,train
53379,train
69134,train
94982,train
46879,train
90807,train
67619,train
51132,train
32533,train
87028,train
48549,train
93959,train
74045,train
6114,train
73662,train
27064,train
44383,train
93277,train
85140,train
20326,train
43456,train
47652,train
14341,train
99735,train
60076,train
28744,train
27739,train
93939,train
74515,train
96664,train
64532,train
75947,train
36726,train
91534,train
21901,train
80256,train
39953,train
36929,train
46305,train
50123,train
26730,train
29358,train
13286,train
48666,train
45734,train
43021,train
83484,train
36912,train
68529,train
44902,train
26645,train
42329,train
14070,train
98591,train
44188,train
90128,train
44210,train
72392,train
83916,train
78707,train
18399,train
3013,train
94964,train
49818,train
40277,train
29755,train
98758,train
46542,train
47554,train
37592,train
37409,train
72613,train
52693,train
12124,train
92392,train
5151,train
14759,train
60806,train
93612,train
68520,train
81733,train
49374,train
14802,train
96727,train
14713,train
13924,train
46232,train
35794,train
66168,train
15458,train
93844,train
48568,train
71663,train
61176,train
16555,train
30560,train
62644,train
32900,train
65979,train
71525,train
63664,train
38111,train
81419,train
3134,train
8457,train
79865,train
69257,train
55128,train
69732,train
75476,train
34942,train
50885,train
10131,train
66831,train
79462,train
37866,train
24450,train
18029,train
13927,train
74840,train
8565,train
66355,train
78768,train
41238,train
97878,train
28010,train
27784,train
94262,train
37231,train
5476,train
51736,train
87861,train
78416,train
99890,train
29516,train
85692,train
75944,train
53430,train
8723,train
95635,train
35820,train
86617,train
93364,train
74596,train
68877,train
2454,train
95774,train
49002,train
75375,train
58786,train
98490,train
45803,train
31428,train
4917,train
92346,train
17073,train
45239,train
12471,train
53145,train
87239,train
41316,train
52323,train
90651,train
49854,train
6576,train
40032,train
31420,train
74362,train
19820,train
12539,train
95063,train
66245,train
57150,train
81843,train
48772,train
56858,train
91598,train
1687,train
29274,train
60501,train
71574,train
43659,train
41669,train
81012,train
65470,train
8241,train
29879,train
66602,train
60408,train
62171,train
35581,train
51407,train
20729,train
7016,train
57539,train
6456,train
11135,train
40182,train
77994,train
53148,train
2399,train
7251,train
39867,train
61640,train
5449,train
59228,train
58841,train
25034,train
16460,train
31176,train
11509,train
63873,train
34397,train
40205,train
9171,train
23262,train
38859,train
72892,train
11828,train
92805,train
2827,train
11009,train
71610,train
34822,train
16971,train
76758,train
72495,train
41157,train
23611,train
70998,train
82866,train
71380,train
98485,train
96724,train
76732,train
97296,train
6916,train
911,train
1364,train
20478,train
73948,train
94755,train
48246,train
37705,train
21884,train
47163,train
1673,train
14888,train
209,train
19475,train
31601,train
5900,train
17362,train
67520,train
61903,train
22721,train
86070,train
43613,train
23706,train
91971,train
35006,train
67714,train
76763,train
35960,train
17282,train
62943,train
77590,train
86636,train
41900,train
94112,train
80868,train
56496,train
35456,train
43297,train
70835,train
91870,train
66519,train
14245,train
25215,train
5962,train
81283,train
28113,train
57569,train
67435,train
98181,train
4021,train
77674,train
86101,train
17625,train
99408,train
50393,train
78856,train
91200,train
93019,train
10652,train
1269,train
71491,train
1266,train
55275,train
40812,train
93257,train
32493,train
56184,train
55262,train
89080,train
15864,train
49191,train
43332,train
94118,train
59971,train
99311,train
61131,train
82940,train
92406,train
39480,train
85287,train
33327,train
92399,train
93172,train
2731,train
72487,train
25028,train
59488,train
22516,train
96772,train
26437,train
58140,train
99794,train
4715,train
86156,train
17733,train
90215,train
16557,train
35474,train
57767,train
10082,train
98688,train
84170,train
36618,train
57974,train
39993,train
33270,train
3212,train
45453,train
14663,train
949,train
83163,train
53561,train
73997,train
54601,train
86622,train
8517,train
15045,train
55890,train
1844,train
2303,train
26405,train
48225,train
42319,train
91756,train
84515,train
70378,train
79717,train
48373,train
65130,train
33049,train
7579,train
32364,train
18230,train
63581,train
92580,train
13183,train
38280,train
89539,train
76295,train
54946,train
9141,train
9280,train
42712,train
85708,train
79320,train
96442,train
3866,train
26263,train
31022,train
19877,train
71927,train
14640,train
44037,train
27274,train
94854,train
70150,train
57913,train
58068,train
66649,train
8009,train
9799,train
44930,train
7688,train
87310,train
44324,train
93058,train
73717,train
1582,train
4896,train
31108,train
21666,train
40165,train
74612,train
14059,train
78406,train
8358,train
93017,train
13068,train
8006,train
73031,train
37462,train
25307,train
51471,train
91582,train
21297,train
3995,train
42394,train
67486,train
62425,train
46272,train
3801,train
6384,train
56893,train
50355,train
63328,train
19391,train
20799,train
57001,train
92865,train
63479,train
10580,train
12232,train
17429,train
5724,train
58684,train
52794,train
88424,train
2044,train
11920,train
52441,train
78357,train
90995,train
60878,train
8192,train
52645,train
7585,train
1916,train
78816,train
86238,train
69141,train
5907,train
69440,train
42302,train
59304,train
41186,train
47997,train
18108,train
11419,train
41287,train
17551,train
34434,train
65923,train
98994,train
70599,train
42865,train
93213,train
72732,train
2285,train
81610,train
31625,train
44216,train
27947,train
87813,train
64574,train
62351,train
53358,train
19669,train
66715,train
77041,train
78006,train
45028,train
23917,train
37483,train
85061,train
60908,train
79745,train
97342,train
52037,train
48566,train
51158,train
74442,train
93487,train
26256,train
88737,train
46768,train
84688,train
85378,train
32108,train
55361,train
67243,train
43459,train
59140,train
73269,train
78850,train
24375,train
92685,train
77010,train
95449,train
77347,train
89456,train
75556,train
79941,train
45051,train
17070,train
58555,train
43771,train
58916,train
36693,train
5609,train
94990,train
51497,train
94490,train
67968,train
82210,train
9999,train
18285,train
83202,train
87273,train
62806,train
24229,train
87561,train
54036,train
15794,train
24469,train
57131,train
87964,train
46749,train
76575,train
95275,train
63226,train
823,train
50308,train
8175,train
18964,train
88883,train
92047,train
69738,train
13191,train
94363,train
40284,train
46751,train
10052,train
64859,train
5982,train
52585,train
5130,train
62638,train
85433,train
58667,train
13566,train
63435,train
51801,train
23122,train
58129,train
2158,train
5711,train
6491,train
42767,train
61670,train
3043,train
97346,train
80693,train
99551,train
9725,train
37296,train
60244,train
18769,train
80449,train
39155,train
61526,train
66697,train
18666,train
74532,train
18840,train
24737,train
34808,train
76997,train
93290,train
6427,train
8929,train
69137,train
27216,train
41600,train
37353,train
5039,train
68526,train
9330,train
95022,train
16620,train
63920,train
59466,train
49401,train
77086,train
29473,train
3686,train
18926,train
61339,train
77377,train
1034,train
27291,train
21579,train
98094,train
56743,train
22128,train
9649,train
32868,train
63631,train
6782,train
22260,train
37274,train
67921,train
72715,train
42129,train
71905,train
27989,train
57418,train
56526,train
91488,train
61948,train
91486,train
4310,train
31639,train
30835,train
28869,train
91277,train
66903,train
4628,train
4951,train
84183,train
55923,train
19972,train
22945,train
28259,train
22500,train
56779,train
87760,train
79529,train
90373,train
66670,train
77129,train
94120,train
47644,train
59460,train
96062,train
14246,train
74824,train
92341,train
25767,train
82843,train
61646,train
50653,train
81565,train
72719,train
47446,train
70177,train
93965,train
6661,train
41591,train
20854,train
58449,train
72894,train
39305,train
53674,train
23534,train
85047,train
57666,train
89502,train
35139,train
16887,train
52049,train
60826,train
50279,train
51246,train
97453,train
53373,train
96070,train
64490,train
34876,train
19118,train
93897,train
8059,train
59008,train
69932,train
70973,train
25418,train
51184,train
98105,train
905,train
72659,train
9473,train
16439,train
70185,train
15721,train
65041,train
85372,train
65708,train
58571,train
69771,train
22127,train
66756,train
9363,train
21261,train
44666,train
23538,train
62410,train
73178,train
82628,train
21848,train
26284,train
86883,train
65491,train
34170,train
65930,train
64293,train
15780,train
70385,train
81084,train
34180,train
9784,train
72575,train
61054,train
34161,train
18317,train
42602,train
77551,train
72654,train
76035,train
52007,train
95945,train
39096,train
76444,train
7441,train
55372,train
11450,train
59123,train
12365,train
54223,train
11142,train
22704,train
22431,train
81248,train
29503,train
995,train
14983,train
88642,train
14231,train
35145,train
12842,train
83040,train
25843,train
33928,train
67173,train
44639,train
21879,train
78164,train
15748,train
55427,train
76293,train
76407,train
76605,train
51160,train
19495,train
49028,train
60571,train
2817,train
78240,train
21954,train
96300,train
98256,train
26752,train
14079,train
15144,train
84177,train
76259,train
84042,train
92663,train
42074,train
81858,train
16178,train
85316,train
12182,train
10594,train
85761,train
40758,train
32356,train
61495,train
11580,train
72274,train
85813,train
97077,train
89559,train
59686,train
24155,train
65954,train
43522,train
3472,train
48479,train
32236,train
3745,train
47641,train
9699,train
40680,train
12707,train
60273,train
64495,train
16975,train
77564,train
98749,train
55825,train
71350,train
9259,train
91670,train
36266,train
2252,train
96302,train
76505,train
98993,train
40187,train
86726,train
43790,train
58603,train
66388,train
29962,train
14825,train
46481,train
54841,train
66248,train
3271,train
46471,train
38891,train
9794,train
63476,train
56085,train
64653,train
5928,train
39,train
91830,train
22794,train
36851,train
34675,train
45932,train
83404,train
51861,train
89942,train
24879,train
49418,train
42858,train
81643,train
52443,train
14478,train
72376,train
30730,train
72744,train
39783,train
68075,train
11485,train
17062,train
62591,train
19885,train
14998,train
43280,train
4710,train
9803,train
72881,train
59716,train
84616,train
217,train
29476,train
21974,train
28735,train
58147,train
78917,train
73297,train
65355,train
77497,train
67896,train
82745,train
69950,train
79372,train
65037,train
13863,train
42862,train
50666,train
24365,train
3041,train
87106,train
43895,train
40127,train
16631,train
80129,train
56773,train
63151,train
8213,train
27831,train
88960,train
24888,train
51609,train
93915,train
13104,train
87867,train
24398,train
96934,train
69842,train
16666,train
14924,train
51589,train
80091,train
65651,train
21760,train
26345,train
44632,train
53975,train
85340,train
71281,train
18379,train
51137,train
99204,train
60916,train
80123,train
30399,train
86546,train
5026,train
63696,train
83570,train
98463,train
14929,train
53270,train
48581,train
79861,train
4960,train
10084,train
56473,train
91518,train
28230,train
86951,train
57634,train
40268,train
70834,train
49227,train
94316,train
36976,train
97540,train
62485,train
5906,train
6381,train
3080,train
9793,train
56054,train
55330,train
50724,train
77477,train
87595,train
13803,train
62825,train
17811,train
98468,train
96695,train
67300,train
53057,train
20788,train
38407,train
44552,train
93206,train
59527,train
28664,train
23816,train
99922,train
4556,train
80132,train
57834,train
76277,train
33229,train
30557,train
37747,train
9322,train
25845,train
28526,train
37843,train
11286,train
50283,train
59796,train
40372,train
78650,train
86840,train
81430,train
44850,train
65824,train
78063,train
16890,train
10076,train
5776,train
3725,train
30333,train
46979,train
96988,train
17060,train
83891,train
93091,train
49019,train
46107,train
4538,train
80663,train
33062,train
99300,train
97804,train
41436,train
31414,train
31059,train
31739,train
29490,train
48778,train
11903,train
43708,train
15507,train
88762,train
83702,train
23874,train
53657,train
97575,train
9251,train
67885,train
30982,train
48690,train
69147,train
97820,train
62298,train
37081,train
19739,train
61158,train
47862,train
43417,train
71506,train
35304,train
10951,train
45395,train
31008,train
93347,train
5600,train
27707,train
90098,train
39421,train
39067,train
14877,train
37466,train
55087,train
82325,train
13372,train
19693,train
25739,train
24796,train
28691,train
53372,train
3053,train
1495,train
8182,train
47005,train
52552,train
7363,train
97471,train
26139,train
23751,train
66021,train
65192,train
84614,train
26894,train
36988,train
40998,train
94065,train
70444,train
6969,train
14453,train
19674,train
70134,train
88425,train
82591,train
44501,train
67254,train
72187,train
35883,train
20042,train
94000,train
68979,train
57717,train
18613,train
11276,train
99467,train
45487,train
88923,train
70631,train
78364,train
4334,train
44950,train
52931,train
49634,train
25425,train
57727,train
53043,train
10560,train
7341,train
83003,train
28618,train
81019,train
71433,train
90948,train
26734,train
52989,train
11328,train
70069,train
35436,train
87153,train
34082,train
3119,train
92505,train
67518,train
65059,train
72951,train
58489,train
64315,train
76569,train
21712,train
60751,train
75559,train
87962,train
64011,train
39266,train
99659,train
94838,train
78105,train
51813,train
48437,train
13103,train
57162,train
18569,train
22190,train
39970,train
46384,train
200,train
94872,train
76918,train
98221,train
20220,train
45921,train
83564,train
26712,train
56029,train
94606,train
70499,train
15052,train
50827,train
9931,train
62464,train
47987,train
42238,train
44161,train
48757,train
6834,train
28600,train
17610,train
76770,train
98376,train
12535,train
5493,train
31171,train
37447,train
92555,train
52434,train
68489,train
96212,train
85652,train
57003,train
58119,train
35041,train
77124,train
59037,train
94562,train
44036,train
48939,train
13282,train
3267,train
83044,train
74519,train
21079,train
22750,train
42284,train
6045,train
78857,train
96684,train
2559,train
31351,train
15620,train
18183,train
18977,train
90174,train
96416,train
34962,train
41124,train
21513,train
59191,train
77322,train
46178,train
15300,train
49987,train
92066,train
81694,train
70011,train
17969,train
97660,train
39741,train
90983,train
50057,train
61611,train
24312,train
84747,train
34026,train
21413,train
96472,train
14390,train
56510,train
18452,train
54636,train
80676,train
23622,train
45408,train
6749,train
89811,train
69631,train
95126,train
44313,train
24830,train
56661,train
84872,train
66735,train
98288,train
87587,train
97180,train
3687,train
51012,train
43206,train
56598,train
19432,train
39586,train
2469,train
33453,train
97177,train
91732,train
5431,train
92147,train
78499,train
92503,train
40714,train
67089,train
19135,train
63075,train
62706,train
45127,train
25543,train
48051,train
2342,train
96885,train
69260,train
32987,train
15281,train
45884,train
61050,train
49564,train
39755,train
94678,train
44371,train
95998,train
63828,train
39258,train
56309,train
60298,train
74973,train
15212,train
64421,train
16946,train
13168,train
32530,train
82952,train
48212,train
33894,train
63137,train
28278,train
1404,train
38014,train
13197,train
31339,train
51413,train
93532,train
15895,train
71884,train
39180,train
22657,train
92750,train
37782,train
63791,train
14827,train
33652,train
39279,train
43353,train
90169,train
92328,train
62548,train
83616,train
82019,train
43963,train
38788,train
71988,train
40697,train
45428,train
36258,train
93927,train
58225,train
87231,train
83933,train
52512,train
35659,train
25481,train
84348,train
1022,train
39030,train
4404,train
60167,train
49016,train
60068,train
31477,train
18471,train
73722,train
88496,train
8013,train
1942,train
6009,train
29094,train
11156,train
64484,train
51421,train
80115,train
15449,train
48821,train
25663,train
15457,train
88556,train
5453,train
44634,train
31624,train
34935,train
46666,train
9351,train
81066,train
57753,train
21126,train
36604,train
50323,train
83539,train
47870,train
40956,train
98933,train
36252,train
86195,train
99947,train
39765,train
38159,train
32157,train
15836,train
53472,train
94520,train
19737,train
35544,train
71302,train
11324,train
65946,train
62758,train
77905,train
84731,train
24611,train
16742,train
70090,train
13644,train
42763,train
25975,train
4815,train
34283,train
74893,train
92303,train
95580,train
90416,train
93836,train
82399,train
12544,train
1492,train
8564,train
66160,train
35110,train
26434,train
41658,train
34173,train
44622,train
13327,train
98606,train
15712,train
37121,train
3887,train
47181,train
24251,train
13385,train
49723,train
67402,train
17971,train
71535,train
50177,train
90851,train
26988,train
90736,train
49538,train
5501,train
62557,train
94435,train
11630,train
22900,train
25478,train
67964,train
47270,train
40880,train
73145,train
44567,train
47489,train
82288,train
68963,train
56294,train
96307,train
4577,train
61151,train
23179,train
78610,train
289,train
61318,train
90181,train
70837,train
61574,train
65153,train
23197,train
53869,train
25078,train
52998,train
66441,train
44430,train
99076,train
53065,train
54714,train
19927,train
10189,train
61130,train
53531,train
55988,train
30306,train
2686,train
36751,train
49498,train
3416,train
95251,train
3146,train
68349,train
96707,train
11290,train
66050,train
82464,train
139,train
7925,train
4353,train
88758,train
50299,train
90950,train
5272,train
22919,train
58479,train
93104,train
60568,train
36841,train
37247,train
76659,train
63353,train
94585,train
78743,train
93059,train
25647,train
24938,train
36940,train
36337,train
10454,train
43401,train
26860,train
57565,train
70547,train
28704,train
99074,train
84887,train
78019,train
85168,train
27736,train
79435,train
83795,train
41532,train
94077,train
80404,train
66380,train
36151,train
63031,train
51840,train
6067,train
2960,train
47648,train
80508,train
78971,train
72132,train
76038,train
81753,train
35579,train
77180,train
45893,train
35964,train
47861,train
58847,train
6843,train
17821,train
75534,train
50900,train
17842,train
132,train
75572,train
18226,train
95973,train
62069,train
95045,train
67782,train
855,train
28697,train
67629,train
9482,train
43106,train
46490,train
34966,train
53035,train
35517,train
34653,train
63561,train
2718,train
70926,train
81016,train
53446,train
23840,train
85695,train
81253,train
75366,train
53791,train
44798,train
85003,train
94968,train
60473,train
35956,train
32609,train
49876,train
57558,train
57044,train
68384,train
64972,train
82935,train
42927,train
50224,train
95437,train
66431,train
85843,train
74462,train
88391,train
41674,train
114,train
81521,train
17069,train
99451,train
94697,train
55575,train
75723,train
17929,train
50007,train
6105,train
18506,train
60141,train
76207,train
26018,train
70349,train
42538,train
39219,train
44217,train
38084,train
20554,train
69679,train
87607,train
99882,train
49254,train
11804,train
32753,train
98897,train
81469,train
58483,train
23572,train
67230,train
49592,train
15058,train
3190,train
35755,train
66776,train
6305,train
34859,train
83709,train
22482,train
64431,train
27646,train
55840,train
7043,train
77215,train
49845,train
30926,train
90414,train
17476,train
65027,train
40632,train
80237,train
82455,train
33111,train
30425,train
2787,train
38922,train
83551,train
91353,train
60843,train
96271,train
45570,train
45063,train
93374,train
93880,train
53227,train
40191,train
74856,train
25401,train
98125,train
93696,train
11013,train
49124,train
26873,train
48043,train
91545,train
70614,train
18215,train
86783,train
67723,train
73381,train
53420,train
40183,train
33191,train
67992,train
85507,train
57640,train
62849,train
65865,train
46083,train
2828,train
22714,train
6164,train
34402,train
9600,train
69538,train
62160,train
50244,train
98260,train
16340,train
72599,train
77359,train
90102,train
70786,train
54537,train
71439,train
63078,train
62302,train
62799,train
3976,train
31915,train
0,train
37593,train
62130,train
75810,train
3860,train
47327,train
88755,train
33063,train
44962,train
75799,train
41709,train
6888,train
5345,train
37027,train
69800,train
7607,train
18351,train
90515,train
85956,train
97538,train
92198,train
7560,train
31459,train
85902,train
88891,train
89588,train
35859,train
26720,train
62791,train
91822,train
10958,train
66876,train
24583,train
47575,train
85853,train
55970,train
43107,train
22554,train
15869,train
2757,train
16824,train
28155,train
42169,train
25,train
53738,train
75786,train
3362,train
42629,train
42380,train
68269,train
61398,train
21258,train
81372,train
24750,train
68085,train
83137,train
21075,train
8216,train
14830,train
64807,train
63302,train
76677,train
91856,train
38426,train
29946,train
98878,train
48786,train
61188,train
38041,train
94615,train
44620,train
9058,train
61491,train
84425,train
98655,train
71196,train
69348,train
69794,train
21599,train
30684,train
34519,train
3996,train
63450,train
6822,train
83062,train
9517,train
41028,train
32654,train
22404,train
66314,train
78560,train
78598,train
97253,train
48002,train
31376,train
88239,train
43755,train
57278,train
93337,train
33631,train
34151,train
95072,train
59516,train
36872,train
8665,train
86847,train
81718,train
87563,train
20780,train
66859,train
96561,train
46206,train
97255,train
9012,train
16225,train
77093,train
13688,train
29880,train
82451,train
28048,train
57591,train
22424,train
46145,train
18314,train
94230,train
42454,train
18170,train
6656,train
35833,train
19705,train
94554,train
48327,train
31296,train
44044,train
19866,train
19578,train
84507,train
18641,train
96191,train
65223,train
30081,train
5260,train
42465,train
89519,train
26640,train
19047,train
99220,train
6231,train
35941,train
69903,train
5200,train
4262,train
17535,train
78066,train
71662,train
84127,train
78559,train
84606,train
92545,train
78421,train
16988,train
17222,train
37384,train
65599,train
12864,train
18052,train
32786,train
4178,train
54109,train
51815,train
26128,train
22696,train
65146,train
18346,train
16286,train
55932,train
66482,train
7041,train
8831,train
23587,train
52662,train
59094,train
44404,train
42121,train
54852,train
903,train
46018,train
35791,train
75044,train
5890,train
3883,train
23367,train
52307,train
92080,train
45600,train
77312,train
47336,train
97771,train
50268,train
17279,train
68055,train
59379,train
30902,train
71133,train
84989,train
66785,train
64066,train
65960,train
97311,train
33859,train
31628,train
32886,train
3904,train
76761,train
12473,train
88254,train
79356,train
87883,train
13771,train
20143,train
57425,train
49463,train
4148,train
84822,train
73104,train
10738,train
11066,train
34937,train
59092,train
67831,train
46435,train
35395,train
43984,train
12425,train
78440,train
14391,train
297,train
90998,train
45134,train
38405,train
90396,train
43597,train
3768,train
90460,train
80399,train
29737,train
10686,train
84158,train
32415,train
64880,train
27861,train
18895,train
73010,train
64465,train
30770,train
76628,train
39894,train
60765,train
19562,train
20048,train
14167,train
27385,train
34940,train
86108,train
51853,train
18275,train
57986,train
12741,train
69858,train
72648,train
46198,train
6133,train
36542,train
56841,train
81171,train
9013,train
65991,train
87008,train
65260,train
36156,train
78714,train
35557,train
55264,train
78858,train
27028,train
92602,train
20179,train
43957,train
22318,train
26358,train
41467,train
4426,train
72625,train
26493,train
2110,train
33091,train
23363,train
49239,train
46463,train
11972,train
93617,train
64897,train
75382,train
1128,train
14878,train
25447,train
13449,train
85992,train
25205,train
38287,train
95354,train
7080,train
90478,train
63349,train
68098,train
47281,train
11051,train
91381,train
55685,train
59590,train
13620,train
2081,train
73213,train
99564,train
70117,train
85074,train
83758,train
24445,train
83696,train
3063,train
27059,train
99104,train
21968,train
89926,train
49351,train
55929,train
70413,train
44440,train
37378,train
3064,train
70938,train
9210,train
61139,train
77185,train
56711,train
21243,train
60010,train
66657,train
77095,train
98570,train
70704,train
28453,train
75369,train
17647,train
8775,train
28806,train
97223,train
21577,train
49547,train
92490,train
42526,train
97422,train
42252,train
586,train
36171,train
32970,train
24149,train
37749,train
67013,train
9049,train
80944,train
93642,train
2290,train
86459,train
92778,train
8086,train
43546,train
41598,train
75966,train
35724,train
1892,train
89623,train
88880,train
67251,train
84778,train
60196,train
62529,train
38453,train
90182,train
87471,train
44729,train
31236,train
58998,train
25675,train
86985,train
85777,train
57782,train
90005,train
13744,train
63022,train
48728,train
91481,train
26103,train
12887,train
20249,train
65951,train
25068,train
77722,train
50567,train
10457,train
5180,train
31343,train
44951,train
71733,train
83818,train
30823,train
89268,train
82412,train
96010,train
58311,train
34747,train
35095,train
43153,train
30082,train
51572,train
79312,train
75484,train
21260,train
87424,train
88022,train
39725,train
60296,train
17276,train
90271,train
66334,train
92337,train
69658,train
73540,train
12594,train
76562,train
711,train
18179,train
56525,train
38921,train
95620,train
95183,train
21839,train
73359,train
77211,train
63238,train
8920,train
6523,train
50088,train
23875,train
27080,train
33585,train
764,train
51545,train
89859,train
57468,train
93784,train
8498,train
46338,train
59425,train
32135,train
56042,train
98664,train
27549,train
87648,train
39306,train
88359,train
5273,train
71804,train
15319,train
86439,train
90315,train
25475,train
76149,train
97500,train
23999,train
13304,train
55435,train
58655,train
73276,train
18116,train
68546,train
76947,train
77306,train
21242,train
38676,train
43091,train
64201,train
46498,train
83513,train
41321,train
56620,train
87658,train
11826,train
82022,train
28634,train
16199,train
23548,train
64916,train
14641,train
54821,train
66924,train
2893,train
53818,train
18606,train
85408,train
33895,train
26858,train
37370,train
99867,train
68184,train
34251,train
65648,train
23429,train
43637,train
80390,train
39308,train
33081,train
38277,train
57340,train
80688,train
44008,train
97535,train
21494,train
39143,train
55881,train
64985,train
1880,train
35943,train
16392,train
53512,train
65103,train
75233,train
32610,train
75811,train
26489,train
78214,train
61349,train
81139,train
3792,train
38820,train
81688,train
82481,train
50042,train
49333,train
34419,train
12529,train
19782,train
28482,train
50812,train
63016,train
22671,train
85039,train
18774,train
7147,train
75051,train
40338,train
88046,train
3315,train
66492,train
65298,train
85819,train
66300,train
79156,train
94034,train
53894,train
66533,train
12847,train
24239,train
6842,train
59084,train
67802,train
80479,train
74219,train
21620,train
45457,train
35902,train
792,train
94865,train
12732,train
27281,train
35975,train
51441,train
69712,train
86230,train
40448,train
53277,train
85055,train
32799,train
45597,train
14430,train
92129,train
90703,train
38201,train
80578,train
10606,train
21259,train
24019,train
46707,train
1518,train
73715,train
83637,train
36839,train
76983,train
10932,train
72797,train
31074,train
7639,train
49937,train
98112,train
45774,train
77162,train
40122,train
35013,train
97408,train
63122,train
19815,train
76095,train
31855,train
35854,train
43071,train
95931,train
99945,train
16305,train
18410,train
63418,train
73283,train
17400,train
17406,train
58784,train
65519,train
66301,train
37443,train
82887,train
88144,train
79647,train
22644,train
7285,train
38679,train
51332,train
94989,train
42385,train
53130,train
32085,train
89860,train
76733,train
77137,train
47986,train
57778,train
43277,train
48323,train
48357,train
39653,train
34778,train
77965,train
33655,train
63104,train
679,train
10089,train
77523,train
56111,train
31574,train
23023,train
64593,train
22166,train
20781,train
46672,train
59419,train
63499,train
99126,train
57619,train
65158,train
36174,train
16098,train
21431,train
49337,train
53948,train
7532,train
34444,train
3966,train
13066,train
92135,train
75339,train
51189,train
40958,train
50408,train
19309,train
17512,train
82867,train
10110,train
12646,train
71878,train
25406,train
51144,train
38473,train
94040,train
84051,train
88669,train
40828,train
88174,train
70285,train
21677,train
43682,train
61868,train
66070,train
78417,train
66202,train
33526,train
67758,train
56285,train
22977,train
9508,train
28643,train
71376,train
9515,train
51660,train
84169,train
53460,train
21284,train
84678,train
30586,train
23394,train
29380,train
86799,train
83674,train
56610,train
8337,train
23234,train
70888,train
21875,train
32700,train
22493,train
5075,train
17878,train
88924,train
16432,train
57331,train
68946,train
31057,train
15329,train
81769,train
20034,train
80760,train
55573,train
81213,train
86886,train
23104,train
31073,train
50059,train
36796,train
70897,train
52356,train
59345,train
17666,train
57662,train
25972,train
14347,train
15283,train
93156,train
56923,train
5764,train
42422,train
41284,train
72876,train
14879,train
58736,train
15704,train
79062,train
22599,train
21490,train
19308,train
26870,train
75029,train
45151,train
3705,train
71616,train
92947,train
54140,train
4688,train
33541,train
71228,train
5124,train
33106,train
34801,train
88574,train
299,train
47930,train
2972,train
49760,train
58184,train
35416,train
39555,train
26385,train
2086,train
52098,train
10726,train
51064,train
61654,train
60444,train
14396,train
1010,train
93602,train
85875,train
59611,train
22526,train
899,train
58456,train
3723,train
68500,train
61808,train
64492,train
52712,train
87250,train
36557,train
4629,train
12325,train
6731,train
13060,train
42285,train
98431,train
90769,train
70510,train
79509,train
14914,train
58512,train
70475,train
93303,train
27692,train
57306,train
63375,train
98671,train
2523,train
84756,train
87629,train
87051,train
90824,train
85204,train
72020,train
67975,train
64071,train
79955,train
14078,train
6800,train
62268,train
23244,train
78168,train
60038,train
16996,train
80128,train
12880,train
86742,train
72794,train
67656,train
58487,train
65147,train
12020,train
35585,train
70322,train
55338,train
17954,train
83868,train
21093,train
64515,train
26145,train
55463,train
71546,train
51258,train
16206,train
20342,train
4502,train
64111,train
8877,train
90375,train
16897,train
64930,train
19408,train
45342,train
66246,train
92610,train
31322,train
39001,train
16279,train
92635,train
79191,train
33146,train
60954,train
22089,train
31404,train
38611,train
12884,train
30782,train
27815,train
53349,train
81305,train
17451,train
44727,train
76124,train
49030,train
29422,train
59320,train
11491,train
10331,train
82532,train
24323,train
82031,train
48210,train
76738,train
50659,train
45636,train
53254,train
17072,train
44139,train
13359,train
19497,train
58762,train
86486,train
20223,train
91883,train
1376,train
77002,train
77525,train
99473,train
267,train
73698,train
46712,train
59263,train
6915,train
66742,train
3380,train
13432,train
52522,train
75894,train
78032,train
83162,train
66799,train
10257,train
17443,train
46720,train
16495,train
58779,train
75319,train
25571,train
23932,train
6578,train
35317,train
74477,train
49388,train
71194,train
98237,train
92266,train
22590,train
74481,train
36080,train
17561,train
24732,train
70775,train
84949,train
75320,train
14229,train
82608,train
58829,train
36508,train
30213,train
18907,train
48737,train
7279,train
90189,train
53916,train
94655,train
20620,train
10478,train
33807,train
856,train
60933,train
69958,train
47750,train
30234,train
94845,train
3321,train
62817,train
34698,train
71794,train
75733,train
70178,train
72266,train
8349,train
88581,train
18338,train
43324,train
23556,train
22534,train
75748,train
36449,train
9507,train
11802,train
73474,train
84165,train
6478,train
72124,train
31935,train
22496,train
54457,train
32860,train
29444,train
65831,train
71421,train
58040,train
78972,train
55215,train
33869,train
19767,train
11691,train
24045,train
47831,train
80015,train
44893,train
2930,train
9769,train
53905,train
20304,train
78697,train
41513,train
45027,train
12996,train
39752,train
58734,train
13208,train
82834,train
20661,train
71982,train
22560,train
23697,train
59536,train
52400,train
76713,train
45300,train
92588,train
9967,train
19278,train
19240,train
58757,train
48139,train
97444,train
74527,train
95631,train
36367,train
97324,train
35769,train
89143,train
41514,train
9787,train
5618,train
2740,train
97343,train
85486,train
6599,train
94280,train
30424,train
72018,train
70863,train
36559,train
57373,train
68347,train
83227,train
40456,train
53482,train
83070,train
92283,train
30408,train
43011,train
10859,train
22887,train
81793,train
72048,train
36552,train
12545,train
3642,train
83961,train
10729,train
29467,train
76564,train
20037,train
52996,train
35504,train
23246,train
47248,train
77186,train
4078,train
26150,train
71683,train
64297,train
55370,train
92674,train
6617,train
2058,train
65423,train
47294,train
64979,train
78925,train
6075,train
84120,train
18195,train
67767,train
31567,train
99265,train
23619,train
6533,train
89181,train
30653,train
97685,train
4812,train
5116,train
35534,train
69940,train
78929,train
36745,train
7050,train
19955,train
54832,train
61594,train
46302,train
71124,train
14475,train
45007,train
35862,train
826,train
79581,train
8001,train
61940,train
61172,train
13394,train
7195,train
35063,train
98456,train
95359,train
15692,train
53991,train
26308,train
66077,train
16014,train
90550,train
83438,train
23295,train
67244,train
71215,train
93513,train
58369,train
7069,train
19766,train
68007,train
14069,train
16055,train
26038,train
5030,train
97946,train
95012,train
90978,train
42141,train
88724,train
3346,train
97203,train
76187,train
90902,train
40414,train
89013,train
94889,train
9064,train
77937,train
846,train
26062,train
97454,train
62144,train
59220,train
80448,train
85396,train
74221,train
56382,train
14701,train
17731,train
74622,train
67410,train
97808,train
4279,train
51836,train
99909,train
61066,train
11236,train
48015,train
79187,train
36838,train
31493,train
11463,train
95732,train
90630,train
52992,train
2385,train
72335,train
46425,train
35226,train
892,train
77263,train
54982,train
33980,train
25781,train
39561,train
3400,train
28799,train
68742,train
93101,train
78715,train
18783,train
90572,train
93865,train
45165,train
97110,train
8020,train
75744,train
21295,train
9045,train
57067,train
73069,train
36944,train
7471,train
75582,train
38519,train
17099,train
9325,train
10472,train
65849,train
56486,train
83922,train
80594,train
47537,train
46161,train
40718,train
18517,train
47606,train
99507,train
7554,train
53909,train
23414,train
64369,train
80926,train
28532,train
83260,train
36253,train
50850,train
4683,train
4542,train
24600,train
52516,train
13268,train
76533,train
64008,train
45601,train
76408,train
66812,train
24859,train
24218,train
90547,train
25448,train
2928,train
6803,train
26664,train
33014,train
6755,train
70578,train
97870,train
80427,train
6840,train
22114,train
76340,train
18660,train
26331,train
12146,train
79801,train
45176,train
5679,train
94135,train
82674,train
92476,train
69368,train
49039,train
97800,train
60638,train
80240,train
68861,train
45576,train
4641,train
88282,train
50172,train
21946,train
86128,train
21542,train
35703,train
76008,train
65139,train
45341,train
25927,train
58341,train
27255,train
99567,train
88227,train
94646,train
58675,train
43050,train
79846,train
10935,train
63385,train
72714,train
7500,train
72658,train
4274,train
71101,train
41859,train
89785,train
34982,train
90462,train
91107,train
26478,train
22414,train
90184,train
70872,train
29219,train
60720,train
69028,train
88809,train
94797,train
95046,train
83133,train
79734,train
92209,train
96753,train
40795,train
69663,train
3610,train
49356,train
2185,train
45181,train
12313,train
55205,train
42398,train
32790,train
85626,train
45784,train
16471,train
82787,train
14937,train
95952,train
45677,train
48962,train
42805,train
98991,train
31507,train
84018,train
33072,train
39640,train
41094,train
29268,train
20922,train
31246,train
23174,train
57981,train
90249,train
99711,train
51305,train
88978,train
12174,train
36308,train
21715,train
29907,train
41764,train
80836,train
54023,train
37537,train
38818,train
85343,train
34666,train
19616,train
65690,train
5554,train
37415,train
7787,train
88322,train
78365,train
69777,train
86356,train
57325,train
20824,train
9490,train
89242,train
63889,train
68276,train
67961,train
7903,train
36572,train
90007,train
46403,train
33561,train
50404,train
61600,train
98794,train
77425,train
28356,train
67533,train
78727,train
53604,train
9404,train
96560,train
7489,train
81120,train
79179,train
95153,train
77428,train
3953,train
82380,train
5648,train
91165,train
51980,train
36115,train
96919,train
86250,train
41596,train
86501,train
10240,train
48626,train
21940,train
58516,train
66004,train
18466,train
11654,train
52673,train
72889,train
6039,train
56977,train
71955,train
12272,train
81238,train
56178,train
47941,train
80053,train
24704,train
6314,train
58843,train
86972,train
16221,train
67176,train
6141,train
40527,train
83416,train
86639,train
30046,train
7770,train
25195,train
99345,train
69728,train
12051,train
61976,train
35910,train
33368,train
19347,train
58928,train
33708,train
9527,train
75946,train
28826,train
51866,train
80312,train
66768,train
37412,train
62595,train
23814,train
42481,train
58859,train
16957,train
6598,train
46437,train
76871,train
97936,train
33851,train
18698,train
21448,train
78033,train
32969,train
47814,train
82614,train
17881,train
87,train
36212,train
71786,train
98767,train
53499,train
42361,train
34544,train
71632,train
60203,train
40747,train
91149,train
17425,train
72489,train
71571,train
79370,train
33720,train
38043,train
7552,train
60787,train
77755,train
7840,train
35846,train
84367,train
17750,train
37455,train
59367,train
19357,train
91591,train
25293,train
93817,train
2256,train
11642,train
49360,train
34290,train
41943,train
57592,train
60852,train
93370,train
65140,train
54481,train
47431,train
44507,train
84213,train
57608,train
55290,train
90982,train
84066,train
24805,train
2426,train
97360,train
46008,train
92259,train
24002,train
20825,train
86723,train
69603,train
22179,train
86681,train
63894,train
36859,train
98234,train
21256,train
46356,train
47940,train
26607,train
96199,train
2095,train
17643,train
21201,train
5412,train
83548,train
25348,train
28668,train
97773,train
78317,train
15810,train
61381,train
90894,train
8254,train
34910,train
87652,train
73603,train
28316,train
94476,train
77016,train
49637,train
57809,train
32854,train
52614,train
49279,train
69298,train
68670,train
79582,train
10000,train
16169,train
69362,train
4198,train
75404,train
50735,train
33573,train
65031,train
8544,train
95499,train
15469,train
64138,train
69469,train
28224,train
24057,train
55651,train
73535,train
79615,train
32253,train
42353,train
51918,train
35078,train
75796,train
57510,train
56960,train
90648,train
6152,train
54884,train
96764,train
10103,train
83288,train
99940,train
27431,train
50257,train
15582,train
1285,train
61366,train
16855,train
52927,train
78390,train
23970,train
38475,train
76345,train
41356,train
12291,train
67579,train
29694,train
34553,train
17818,train
96711,train
40568,train
2688,train
7448,train
86871,train
95918,train
84153,train
33811,train
651,train
60714,train
47514,train
88803,train
20086,train
58811,train
68580,train
20606,train
8202,train
30592,train
6872,train
2393,train
95110,train
34638,train
25108,train
13130,train
69704,train
70725,train
58981,train
48168,train
58924,train
6120,train
67835,train
52068,train
93656,train
64826,train
99692,train
15621,train
90038,train
17390,train
86958,train
1113,train
43158,train
30888,train
35350,train
71977,train
77087,train
60062,train
7264,train
1053,train
17088,train
27511,train
14851,train
52668,train
67623,train
79799,train
32290,train
86919,train
75588,train
12442,train
42843,train
30049,train
44088,train
64781,train
4719,train
18723,train
43528,train
65639,train
20579,train
15111,train
64919,train
6563,train
55076,train
18973,train
47058,train
54750,train
63298,train
45692,train
31819,train
21608,train
47422,train
87730,train
85373,train
25065,train
73667,train
40062,train
47894,train
31384,train
86785,train
89639,train
18272,train
30146,train
92252,train
57124,train
26594,train
37674,train
92065,train
31573,train
24208,train
59794,train
53017,train
73078,train
32249,train
69412,train
36653,train
37532,train
54924,train
51925,train
42898,train
59769,train
40631,train
4997,train
30909,train
4372,train
57253,train
68386,train
14103,train
95253,train
36676,train
97466,train
90693,train
23860,train
52421,train
36166,train
92165,train
25052,train
64513,train
42669,train
99259,train
25931,train
61488,train
56683,train
94720,train
92158,train
21707,train
45182,train
551,train
60657,train
48870,train
46782,train
7299,train
71441,train
98249,train
13008,train
63125,train
52487,train
17457,train
57195,train
88837,train
73911,train
83815,train
34257,train
6178,train
21935,train
28363,train
50761,train
5097,train
89297,train
26424,train
51361,train
26952,train
79776,train
72087,train
78264,train
19430,train
5047,train
72935,train
7721,train
80698,train
98599,train
76636,train
99144,train
14267,train
95307,train
77639,train
49630,train
56559,train
57852,train
4139,train
70860,train
66570,train
278,train
78729,train
58967,train
40655,train
22727,train
67104,train
30808,train
26454,train
78589,train
80200,train
64166,train
70887,train
85731,train
56435,train
39888,train
96283,train
26016,train
19247,train
55211,train
9572,train
99166,train
53288,train
31223,train
96512,train
60323,train
57370,train
70894,train
83368,train
12885,train
81230,train
99777,train
50424,train
77107,train
26239,train
31744,train
11912,train
64018,train
45495,train
37404,train
30398,train
84107,train
70223,train
92581,train
98493,train
48927,train
54275,train
69218,train
46793,train
39003,train
41450,train
81899,train
81046,train
29649,train
41601,train
522,train
72151,train
85492,train
62168,train
99654,train
29176,train
31798,train
19401,train
76920,train
84611,train
38930,train
47179,train
34488,train
55048,train
66328,train
74225,train
10379,train
70601,train
25445,train
44201,train
78115,train
88461,train
86539,train
25000,train
32834,train
26619,train
27005,train
56622,train
52701,train
5655,train
59156,train
25496,train
94592,train
61436,train
42431,train
84601,train
18432,train
35331,train
92625,train
44585,train
456,train
68299,train
52150,train
70154,train
3555,train
33997,train
85790,train
51286,train
73209,train
94151,train
94029,train
19725,train
60983,train
85666,train
39446,train
56804,train
12177,train
75442,train
45030,train
25139,train
30232,train
19365,train
92677,train
27196,train
36091,train
24756,train
7978,train
22623,train
20379,train
80346,train
54610,train
21146,train
73243,train
28748,train
30605,train
27089,train
79180,train
11543,train
51426,train
17894,train
89889,train
778,train
24259,train
99555,train
78904,train
83747,train
67675,train
7097,train
37854,train
59011,train
40682,train
11858,train
54253,train
52005,train
48057,train
7091,train
66892,train
64168,train
67446,train
59967,train
55274,train
97917,train
39406,train
63529,train
88825,train
8981,train
9007,train
51008,train
3010,train
65321,train
13175,train
88015,train
3021,train
30083,train
24125,train
66889,train
98335,train
29849,train
13347,train
3092,train
34972,train
11494,train
62228,train
36989,train
49093,train
36866,train
19599,train
37585,train
58185,train
80065,train
78605,train
18345,train
48435,train
6992,train
30849,train
52344,train
68883,train
71009,train
92472,train
68233,train
59926,train
42322,train
50478,train
73674,train
66908,train
48826,train
77270,train
39268,train
82814,train
15967,train
82116,train
13733,train
49419,train
33650,train
70282,train
5384,train
52197,train
96005,train
87067,train
70210,train
1041,train
20374,train
21511,train
24131,train
75488,train
54845,train
88293,train
28431,train
97208,train
62539,train
66817,train
21731,train
25420,train
14814,train
74199,train
91739,train
19444,train
1871,train
6546,train
91638,train
31088,train
87902,train
71736,train
26001,train
20836,train
17321,train
75193,train
49647,train
32502,train
24001,train
43641,train
46884,train
93688,train
85824,train
87023,train
49924,train
77401,train
58901,train
44056,train
46176,train
83612,train
2117,train
85500,train
11444,train
4588,train
45114,train
87674,train
665,train
14323,train
76308,train
63191,train
69575,train
54044,train
82664,train
13500,train
91990,train
62528,train
38772,train
14811,train
79132,train
13974,train
52384,train
93371,train
16041,train
60742,train
78927,train
67434,train
61515,train
76676,train
57390,train
85735,train
51876,train
28627,train
32015,train
11373,train
85081,train
89557,train
9559,train
66483,train
22169,train
80238,train
63320,train
41387,train
970,train
15672,train
60060,train
73072,train
65722,train
56397,train
59598,train
91780,train
75913,train
69734,train
18050,train
93215,train
22394,train
3470,train
98448,train
82365,train
95818,train
14903,train
36664,train
1971,train
84400,train
15963,train
12591,train
26163,train
35577,train
63533,train
7809,train
98328,train
59522,train
41547,train
18757,train
92960,train
15422,train
55624,train
90028,train
5327,train
88703,train
41798,train
36225,train
27481,train
45544,train
72834,train
51390,train
26148,train
44598,train
48035,train
66289,train
29668,train
85253,train
17378,train
62038,train
24987,train
91559,train
12742,train
84438,train
5356,train
6370,train
75956,train
16751,train
53217,train
32934,train
70490,train
78892,train
52429,train
62499,train
82798,train
61821,train
73970,train
36570,train
69221,train
54208,train
50980,train
76438,train
3294,train
88288,train
23319,train
10270,train
63830,train
43828,train
33266,train
72864,train
98089,train
37392,train
40595,train
31912,train
12520,train
73522,train
87690,train
12164,train
51149,train
64808,train
54880,train
14145,train
24325,train
49597,train
62792,train
22120,train
95404,train
56594,train
75924,train
18686,train
46009,train
52467,train
44554,train
62636,train
24577,train
48896,train
57033,train
40382,train
75125,train
91994,train
76895,train
68993,train
53893,train
34589,train
47968,train
25561,train
65863,train
98973,train
86861,train
17939,train
16979,train
43565,train
82665,train
57886,train
28146,train
94129,train
50464,train
10547,train
63045,train
91207,train
40288,train
10629,train
5656,train
25514,train
92059,train
39463,train
83613,train
23750,train
22193,train
74889,train
82610,train
67346,train
86268,train
47356,train
44490,train
29761,train
83275,train
47937,train
95805,train
17945,train
26220,train
33,train
29841,train
7928,train
39745,train
62572,train
29102,train
89455,train
1136,train
7584,train
12221,train
10796,train
76425,train
40992,train
78445,train
81093,train
81484,train
80271,train
38091,train
33993,train
41801,train
93327,train
17844,train
88061,train
40009,train
12149,train
45005,train
74542,train
98428,train
67982,train
73202,train
61218,train
57514,train
65847,train
64810,train
25181,train
59395,train
73101,train
13198,train
77947,train
54843,train
55346,train
29948,train
1972,train
84054,train
63013,train
36400,train
76796,train
50062,train
88534,train
60960,train
43009,train
79274,train
89076,train
33917,train
13255,train
49287,train
18625,train
4243,train
27617,train
98590,train
1375,train
84771,train
62704,train
8521,train
45535,train
34799,train
71079,train
29035,train
80328,train
2467,train
69041,train
84253,train
47291,train
70507,train
25979,train
11647,train
37620,train
3773,train
24087,train
48158,train
77777,train
92860,train
5913,train
31937,train
31780,train
64814,train
83854,train
10892,train
27117,train
89171,train
94963,train
77423,train
12366,train
4788,train
47818,train
91577,train
87204,train
8275,train
89163,train
70420,train
54471,train
39407,train
15424,train
35187,train
73914,train
53961,train
27394,train
47985,train
97114,train
55833,train
76267,train
33027,train
9717,train
15048,train
41637,train
33449,train
98916,train
13708,train
64331,train
64742,train
26563,train
52121,train
77360,train
53590,train
80972,train
37309,train
48741,train
49541,train
78984,train
27302,train
18592,train
21910,train
69646,train
47424,train
32583,train
79192,train
95992,train
87066,train
49702,train
48992,train
61737,train
99559,train
22171,train
53511,train
50047,train
83587,train
4781,train
74501,train
12964,train
9100,train
34347,train
51709,train
49123,train
16384,train
85452,train
61848,train
5922,train
5996,train
90675,train
39646,train
8978,train
43464,train
8956,train
9091,train
71711,train
48824,train
48193,train
58925,train
13399,train
17523,train
36202,train
95547,train
51600,train
65532,train
98369,train
54245,train
85542,train
55546,train
26394,train
17042,train
94347,train
63525,train
6972,train
30615,train
4293,train
19992,train
83862,train
99401,train
81225,train
7696,train
22383,train
79149,train
3674,train
32837,train
62980,train
33125,train
93684,train
20460,train
40392,train
47700,train
27942,train
48189,train
55784,train
87069,train
42825,train
16107,train
99342,train
27755,train
58730,train
25775,train
20681,train
82603,train
95502,train
52713,train
80648,train
86634,train
80873,train
18701,train
67210,train
61417,train
81878,train
50981,train
16170,train
37952,train
80107,train
81592,train
59087,train
32749,train
1379,train
5184,train
75496,train
72241,train
63227,train
4515,train
99097,train
74173,train
20978,train
91273,train
10961,train
8002,train
72789,train
1860,train
12261,train
24151,train
50580,train
44124,train
51291,train
80747,train
18727,train
50000,train
49209,train
45532,train
47892,train
18801,train
81611,train
57287,train
63503,train
79719,train
29688,train
327,train
39553,train
44259,train
42831,train
70571,train
43921,train
65895,train
63001,train
52643,train
5390,train
29479,train
92616,train
56291,train
98101,train
63288,train
31831,train
38925,train
82847,train
4151,train
6891,train
28213,train
79376,train
24168,train
6779,train
913,train
55011,train
3970,train
82998,train
93048,train
62690,train
78140,train
54232,train
98548,train
609,train
35518,train
16951,train
19338,train
99007,train
56367,train
10273,train
98292,train
29581,train
73634,train
71163,train
82793,train
93174,train
3100,train
49831,train
36549,train
69403,train
89890,train
29333,train
42941,train
71631,train
33816,train
56411,train
60340,train
15137,train
75042,train
10440,train
42345,train
38595,train
87207,train
74750,train
99066,train
1830,train
95128,train
62784,train
28002,train
10070,train
23728,train
622,train
6483,train
14744,train
81315,train
115,train
59205,train
68222,train
43997,train
10896,train
7531,train
52136,train
70226,train
35468,train
25688,train
68378,train
22350,train
31609,train
20333,train
81915,train
67059,train
38838,train
35324,train
8839,train
43859,train
7211,train
77147,train
98028,train
14252,train
215,train
43451,train
11535,train
83930,train
69745,train
70523,train
86631,train
11441,train
89982,train
21468,train
99323,train
41492,train
45365,train
14076,train
96131,train
96611,train
53976,train
86057,train
25150,train
98566,train
47059,train
61321,train
47393,train
33863,train
36850,train
89379,train
62532,train
90488,train
60662,train
98579,train
77015,train
72896,train
12806,train
86484,train
97531,train
46630,train
15438,train
57032,train
97881,train
25016,train
33242,train
80819,train
67025,train
29971,train
991,train
99627,train
79891,train
11391,train
40833,train
87972,train
17830,train
11086,train
66536,train
62769,train
53158,train
23125,train
97522,train
11999,train
72198,train
34097,train
46638,train
41762,train
50517,train
34786,train
24913,train
79397,train
29421,train
137,train
5690,train
89579,train
80546,train
80682,train
3164,train
1475,train
89468,train
32355,train
59956,train
79011,train
83893,train
24988,train
13592,train
41729,train
68744,train
50153,train
26366,train
67065,train
50616,train
52852,train
61093,train
22073,train
35753,train
82631,train
98409,train
82409,train
37386,train
40350,train
8189,train
60231,train
71953,train
65535,train
49895,train
98701,train
3915,train
29685,train
83323,train
26193,train
37437,train
4739,train
45986,train
83212,train
96657,train
56587,train
52901,train
7401,train
24813,train
40298,train
15474,train
67648,train
70950,train
55059,train
26706,train
22517,train
54580,train
44868,train
93424,train
10203,train
99739,train
28699,train
54089,train
38535,train
96309,train
48159,train
1311,train
14516,train
40116,train
27874,train
88243,train
91939,train
53685,train
42140,train
90565,train
91184,train
94455,train
14974,train
3083,train
4818,train
48871,train
19975,train
55856,train
44328,train
28348,train
82595,train
79450,train
84412,train
89356,train
59557,train
64210,train
10668,train
9148,train
61227,train
17554,train
9686,train
6552,train
78952,train
5342,train
77163,train
46629,train
92291,train
6301,train
42607,train
22724,train
82117,train
14254,train
27875,train
44234,train
26591,train
8323,train
93236,train
88360,train
48143,train
25277,train
80109,train
23700,train
52599,train
29552,train
95190,train
24293,train
74945,train
38033,train
97214,train
7417,train
82467,train
68695,train
14670,train
24507,train
32608,train
6935,train
19151,train
39720,train
53182,train
55871,train
56259,train
79069,train
85480,train
33780,train
4693,train
18113,train
76850,train
58269,train
49417,train
38849,train
87429,train
75088,train
86739,train
63670,train
70605,train
16336,train
7889,train
77158,train
46919,train
4946,train
65665,train
82440,train
65105,train
33414,train
64983,train
90187,train
14470,train
21347,train
76032,train
97065,train
14307,train
63422,train
25827,train
50837,train
33019,train
57216,train
69437,train
15396,train
64481,train
84402,train
2537,train
3811,train
52727,train
42143,train
84902,train
75031,train
23988,train
32341,train
25982,train
74251,train
1333,train
39267,train
859,train
21043,train
73425,train
92979,train
78533,train
8252,train
57155,train
12836,train
57011,train
86124,train
15669,train
79628,train
8632,train
28762,train
37164,train
29293,train
89897,train
20259,train
55730,train
49183,train
91917,train
23477,train
92734,train
67338,train
13813,train
22985,train
92762,train
18237,train
281,train
85171,train
21668,train
52052,train
32670,train
84302,train
96351,train
1938,train
90292,train
15390,train
96803,train
93462,train
5611,train
29260,train
17303,train
56798,train
96725,train
3242,train
43816,train
53585,train
52960,train
32208,train
7215,train
31715,train
17453,train
13357,train
34700,train
72812,train
97684,train
29627,train
49455,train
43992,train
41541,train
22065,train
18104,train
64007,train
3600,train
61752,train
46598,train
83707,train
37632,train
79890,train
13475,train
78990,train
67152,train
31928,train
18336,train
987,train
40526,train
99140,train
83778,train
36945,train
89106,train
40004,train
52430,train
11697,train
34059,train
68317,train
27628,train
1730,train
39769,train
55949,train
82535,train
68196,train
37225,train
84248,train
82304,train
5058,train
68486,train
79077,train
30986,train
60540,train
94385,train
72449,train
26697,train
79038,train
58996,train
59113,train
56783,train
12091,train
31612,train
27163,train
76220,train
80656,train
18459,train
97908,train
10888,train
32592,train
66674,train
19845,train
65395,train
72603,train
3761,train
98746,train
9911,train
58055,train
87180,train
3895,train
32966,train
52907,train
6451,train
76253,train
20704,train
28400,train
40279,train
14563,train
93503,train
19604,train
11193,train
750,train
11665,train
8277,train
39078,train
24665,train
60871,train
46950,train
13811,train
12198,train
47245,train
77575,train
88567,train
16782,train
63875,train
89180,train
70787,train
31891,train
65731,train
77675,train
73087,train
47625,train
42355,train
72322,train
56963,train
81650,train
9392,train
96838,train
47848,train
64842,train
65763,train
89603,train
67128,train
76321,train
17192,train
2549,train
33252,train
22921,train
50728,train
28809,train
17531,train
79169,train
26884,train
96407,train
65634,train
24825,train
55997,train
70694,train
67136,train
20425,train
1196,train
16004,train
44178,train
35989,train
87646,train
62150,train
88908,train
1573,train
82154,train
55536,train
55032,train
74468,train
64045,train
46499,train
71822,train
36408,train
26051,train
4533,train
6387,train
92753,train
1959,train
16763,train
12034,train
78779,train
73159,train
15262,train
85142,train
38031,train
12265,train
34293,train
80437,train
48967,train
67183,train
84987,train
3479,train
39233,train
53596,train
17396,train
84457,train
60468,train
91069,train
67690,train
17720,train
43031,train
77840,train
6590,train
18101,train
15812,train
40673,train
83077,train
98898,train
75580,train
88484,train
69610,train
6299,train
91355,train
75008,train
19362,train
3295,train
91837,train
99374,train
85384,train
5056,train
6091,train
8394,train
35677,train
7535,train
7112,train
40135,train
31804,train
40906,train
82087,train
58706,train
97589,train
61895,train
7908,train
973,train
36031,train
4130,train
28860,train
67116,train
8479,train
46500,train
10978,train
41153,train
81951,train
16216,train
25618,train
13578,train
96380,train
18359,train
91478,train
7629,train
15700,train
45468,train
23536,train
59236,train
44828,train
4212,train
53045,train
82299,train
4025,train
82276,train
79018,train
32629,train
62930,train
1242,train
20904,train
20741,train
19187,train
44626,train
7954,train
55595,train
17601,train
98809,train
11386,train
2995,train
80724,train
88560,train
73257,train
57819,train
14492,train
3855,train
33828,train
62370,train
50951,train
7435,train
79241,train
96547,train
3368,train
86375,train
8042,train
18487,train
48907,train
69645,train
35647,train
38154,train
63340,train
66863,train
35285,train
62875,train
51535,train
14104,train
20931,train
6366,train
16148,train
57105,train
23347,train
9995,train
39157,train
19512,train
37450,train
40911,train
35850,train
33073,train
93100,train
24476,train
90238,train
42819,train
53551,train
47630,train
64565,train
82106,train
66566,train
18718,train
4925,train
28670,train
10603,train
42690,train
67550,train
81163,train
95741,train
24481,train
61676,train
27785,train
21743,train
59766,train
41230,train
4822,train
88460,train
16244,train
81465,train
52299,train
42840,train
58091,train
704,train
74224,train
91506,train
74056,train
38506,train
76816,train
63431,train
3168,train
56410,train
63494,train
14711,train
16806,train
49993,train
1389,train
65668,train
93780,train
72320,train
78658,train
95831,train
96626,train
92788,train
3692,train
22863,train
44670,train
39893,train
20508,train
32585,train
28296,train
80196,train
5249,train
21053,train
39762,train
16102,train
84518,train
5442,train
16245,train
63066,train
48814,train
36830,train
34994,train
81146,train
90207,train
45228,train
78701,train
99037,train
56592,train
28076,train
6554,train
89599,train
59175,train
61374,train
18839,train
6674,train
55322,train
3355,train
11175,train
6733,train
38873,train
69913,train
589,train
68842,train
15782,train
51881,train
71544,train
81836,train
75386,train
63838,train
57635,train
88783,train
11677,train
32013,train
16690,train
46184,train
38748,train
91524,train
10830,train
48491,train
64912,train
66017,train
14189,train
31674,train
15765,train
81687,train
35254,train
25785,train
71575,train
22584,train
12316,train
53719,train
57016,train
37208,train
46032,train
69535,train
76747,train
58293,train
79982,train
96590,train
42571,train
79366,train
67247,train
58617,train
65121,train
1246,train
50186,train
83372,train
29719,train
33104,train
11122,train
55399,train
40022,train
62650,train
59468,train
11440,train
59676,train
23703,train
5697,train
76238,train
88111,train
38416,train
44214,train
87396,train
26174,train
34736,train
25965,train
63954,train
10508,train
79676,train
88906,train
83401,train
789,train
9342,train
30107,train
372,train
74748,train
4044,train
43395,train
94923,train
56393,train
28160,train
38099,train
44265,train
9564,train
29586,train
56380,train
7614,train
30775,train
26626,train
78818,train
85839,train
91026,train
33476,train
4805,train
70381,train
63330,train
35679,train
62254,train
14092,train
51250,train
97286,train
1166,train
38408,train
88273,train
95286,train
58006,train
59949,train
34479,train
98661,train
62139,train
56112,train
20087,train
16399,train
65219,train
38439,train
39932,train
39499,train
22396,train
92525,train
96845,train
2975,train
65290,train
60253,train
69880,train
20520,train
31094,train
61615,train
80143,train
39686,train
17677,train
86990,train
98845,train
21664,train
75554,train
38790,train
36264,train
75077,train
47462,train
94659,train
5089,train
91337,train
67339,train
78606,train
77787,train
16378,train
18998,train
50637,train
31939,train
25526,train
59081,train
93276,train
20293,train
34122,train
36730,train
21221,train
8912,train
45080,train
97734,train
65490,train
95287,train
54943,train
28123,train
29909,train
27951,train
39418,train
63394,train
35739,train
1365,train
34000,train
11397,train
22842,train
75278,train
28182,train
56248,train
62214,train
47824,train
55943,train
87895,train
93638,train
6447,train
84974,train
76507,train
15749,train
90039,train
17861,train
41440,train
79413,train
84675,train
82597,train
42480,train
80464,train
69742,train
16793,train
26995,train
45704,train
78678,train
14452,train
35192,train
76053,train
99581,train
25362,train
43157,train
95393,train
76224,train
15742,train
55294,train
65142,train
62552,train
31919,train
14919,train
88466,train
76928,train
26899,train
5523,train
42397,train
38499,train
8742,train
39414,train
28775,train
62568,train
51860,train
48113,train
73965,train
9576,train
82248,train
8282,train
84182,train
23105,train
45304,train
88791,train
75351,train
43383,train
32359,train
79583,train
98795,train
71889,train
70918,train
72263,train
54908,train
17110,train
92131,train
41642,train
87470,train
86424,train
35583,train
42156,train
71534,train
90655,train
90850,train
44637,train
80639,train
96301,train
40429,train
39212,train
78862,train
17721,train
32870,train
66984,train
21331,train
86857,train
52909,train
68281,train
66786,train
3239,train
87586,train
83494,train
90964,train
81925,train
10643,train
6753,train
89319,train
99428,train
65131,train
80471,train
63785,train
93284,train
72778,train
95252,train
12485,train
84315,train
61743,train
36809,train
20049,train
92368,train
17193,train
39118,train
37410,train
36161,train
61531,train
19140,train
69694,train
93730,train
61723,train
30760,train
22701,train
12032,train
10612,train
3350,train
66504,train
83802,train
30709,train
41408,train
6481,train
28200,train
8449,train
48134,train
29270,train
3821,train
6184,train
50693,train
13067,train
64751,train
57367,train
88630,train
40535,train
51772,train
33004,train
29576,train
61837,train
53418,train
32072,train
81844,train
12243,train
70042,train
62472,train
87689,train
42522,train
76750,train
10204,train
59880,train
59279,train
29387,train
93651,train
29357,train
33220,train
63694,train
77731,train
92564,train
3651,train
12929,train
91719,train
10645,train
10634,train
38752,train
35602,train
29083,train
57804,train
79687,train
38716,train
8249,train
58607,train
14991,train
24334,train
89434,train
34160,train
50139,train
87092,train
62998,train
50456,train
334,train
52796,train
90616,train
97901,train
909,train
3510,train
23774,train
68866,train
66853,train
63201,train
55854,train
65113,train
52602,train
28981,train
38490,train
32562,train
48528,train
71773,train
92822,train
69594,train
30897,train
82497,train
66751,train
92568,train
19052,train
13702,train
80073,train
52730,train
92967,train
11559,train
77631,train
32975,train
87854,train
6391,train
64461,train
66037,train
74799,train
86083,train
63810,train
74113,train
33286,train
27620,train
16401,train
86855,train
50168,train
22760,train
53333,train
63308,train
97847,train
45133,train
67374,train
85336,train
67916,train
79198,train
69713,train
77228,train
30176,train
70687,train
2199,train
22806,train
14037,train
12102,train
19912,train
20195,train
68868,train
3410,train
31095,train
13258,train
34426,train
54241,train
47765,train
74504,train
19054,train
87631,train
42183,train
17106,train
4208,train
66112,train
5101,train
50569,train
95,train
40972,train
46319,train
66138,train
72073,train
66820,train
63041,train
56325,train
35660,train
19898,train
90827,train
65716,train
55913,train
25480,train
15146,train
51998,train
14196,train
85332,train
25299,train
62996,train
61455,train
99608,train
19239,train
51153,train
53934,train
11002,train
31941,train
41941,train
89035,train
9692,train
69314,train
9644,train
28665,train
90472,train
974,train
75791,train
98984,train
95591,train
50175,train
27409,train
33061,train
71026,train
26544,train
19358,train
27613,train
95333,train
12769,train
43955,train
44521,train
55249,train
63190,train
23815,train
95347,train
88609,train
69382,train
44946,train
39885,train
24255,train
75211,train
94255,train
60179,train
89873,train
4105,train
42907,train
13392,train
86520,train
22643,train
54079,train
83543,train
4780,train
49707,train
27349,train
17346,train
44685,train
44957,train
80461,train
71818,train
21550,train
30019,train
22620,train
62225,train
82085,train
69200,train
19262,train
29810,train
90715,train
80165,train
94981,train
49961,train
21407,train
89708,train
43246,train
13120,train
81047,train
5671,train
13731,train
62467,train
40221,train
29839,train
7773,train
99170,train
686,train
94158,train
62170,train
92005,train
87971,train
88938,train
14247,train
38391,train
75279,train
37695,train
21531,train
73258,train
70200,train
41656,train
65900,train
79046,train
84160,train
58170,train
90333,train
42187,train
31251,train
64611,train
89513,train
86204,train
65373,train
25988,train
65700,train
17166,train
71371,train
41273,train
65263,train
23500,train
61360,train
79294,train
14671,train
77768,train
38889,train
30620,train
30917,train
19821,train
92420,train
30109,train
12809,train
85543,train
36062,train
52720,train
21718,train
10259,train
85374,train
53508,train
22839,train
82329,train
67168,train
54565,train
5668,train
65677,train
32463,train
44605,train
3123,train
75651,train
39558,train
65671,train
931,train
19243,train
32623,train
30757,train
13795,train
57359,train
8513,train
18049,train
59406,train
98789,train
29826,train
1033,train
81614,train
87816,train
86379,train
93879,train
45888,train
62562,train
95298,train
84126,train
37235,train
93168,train
2394,train
24348,train
45253,train
45949,train
25537,train
77894,train
87645,train
11807,train
81744,train
442,train
41311,train
80807,train
33786,train
85155,train
66836,train
61613,train
37212,train
47277,train
24641,train
19411,train
40241,train
48835,train
60926,train
21397,train
90103,train
77670,train
79042,train
74766,train
46567,train
68141,train
34222,train
98785,train
36320,train
92058,train
96262,train
18492,train
74485,train
87751,train
64824,train
63513,train
68738,train
49070,train
70390,train
51172,train
35367,train
11114,train
71478,train
87896,train
47413,train
41400,train
13579,train
70609,train
29658,train
13355,train
23811,train
62498,train
50281,train
35823,train
85165,train
19561,train
30448,train
67001,train
17494,train
5404,train
46956,train
89682,train
44645,train
738,train
63792,train
20266,train
12132,train
91676,train
55844,train
9168,train
18441,train
73581,train
99142,train
71261,train
86052,train
90931,train
92633,train
51859,train
92557,train
4632,train
54598,train
75349,train
79484,train
49536,train
42542,train
67014,train
45126,train
34312,train
59797,train
7348,train
8970,train
85817,train
3177,train
83397,train
1257,train
9499,train
2819,train
431,train
5542,train
41870,train
66543,train
74090,train
4493,train
86700,train
64148,train
88968,train
45701,train
15156,train
50588,train
91470,train
37574,train
34085,train
42797,train
41271,train
1125,train
28653,train
27104,train
37132,train
22827,train
52810,train
44226,train
95113,train
78632,train
83186,train
2061,train
16025,train
19521,train
62694,train
73402,train
89892,train
2919,train
27987,train
81815,train
32456,train
5726,train
95384,train
87540,train
94106,train
59267,train
95957,train
48286,train
15268,train
38566,train
42340,train
57339,train
80910,train
8195,train
84069,train
18473,train
67583,train
71968,train
66830,train
41641,train
36819,train
20265,train
95304,train
35711,train
60410,train
36066,train
46055,train
55938,train
24765,train
96989,train
29178,train
18396,train
58194,train
25042,train
21757,train
33339,train
85258,train
14473,train
62602,train
67772,train
81311,train
21765,train
96377,train
80788,train
58037,train
18371,train
90560,train
93994,train
10192,train
8784,train
29587,train
1362,train
51231,train
19790,train
92977,train
31009,train
96889,train
80360,train
58661,train
30674,train
51091,train
44972,train
97288,train
29284,train
65138,train
3211,train
22939,train
51945,train
51402,train
72421,train
78928,train
29316,train
23576,train
10824,train
76215,train
15756,train
47127,train
91044,train
73881,train
75989,train
90686,train
55145,train
73648,train
58861,train
5623,train
40131,train
93078,train
44303,train
72767,train
89136,train
80634,train
33045,train
29203,train
20616,train
54894,train
1129,train
84991,train
45442,train
54464,train
66783,train
11974,train
71430,train
16356,train
85405,train
91143,train
45106,train
42132,train
89285,train
30125,train
14904,train
40292,train
56350,train
23273,train
67109,train
82416,train
54057,train
90352,train
32832,train
82898,train
7691,train
73583,train
21306,train
80258,train
52510,train
81446,train
99641,train
19096,train
38131,train
77553,train
31490,train
10551,train
786,train
49172,train
54073,train
32575,train
53314,train
63146,train
29431,train
35248,train
83879,train
54492,train
43211,train
86127,train
30973,train
63747,train
308,train
86756,train
20837,train
63519,train
94547,train
78328,train
67980,train
95794,train
66489,train
27962,train
62180,train
452,train
85876,train
13463,train
81952,train
78991,train
47137,train
79953,train
22097,train
96751,train
47667,train
15754,train
28946,train
5998,train
59643,train
55858,train
71287,train
44402,train
46100,train
26010,train
55914,train
29917,train
6328,train
22151,train
13942,train
56047,train
88922,train
97461,train
21245,train
38546,train
24791,train
47769,train
54607,train
62677,train
28718,train
44965,train
84025,train
91845,train
88264,train
17640,train
61914,train
21736,train
89847,train
99730,train
94898,train
34792,train
75012,train
1775,train
62108,train
81270,train
64096,train
58848,train
62598,train
26372,train
35064,train
46207,train
59453,train
5210,train
83732,train
80853,train
78399,train
41747,train
68798,train
2748,train
57678,train
74520,train
24097,train
82927,train
94993,train
41137,train
3474,train
61841,train
60993,train
47522,train
53220,train
19555,train
65548,train
13993,train
26671,train
55792,train
95403,train
25893,train
36247,train
5592,train
48191,train
61373,train
66218,train
6333,train
38732,train
57456,train
98308,train
59853,train
9975,train
8486,train
12335,train
11242,train
28908,train
40803,train
38390,train
39848,train
26141,train
12368,train
47607,train
2421,train
98509,train
19719,train
59309,train
91965,train
60616,train
43446,train
90987,train
39764,train
12790,train
99305,train
28936,train
12216,train
99712,train
54621,train
35690,train
37099,train
92513,train
93417,train
75332,train
51133,train
89431,train
36443,train
19996,train
1496,train
32849,train
39312,train
56338,train
62551,train
97739,train
89000,train
72988,train
5956,train
80158,train
45499,train
82434,train
22571,train
4206,train
31212,train
82503,train
63474,train
45989,train
45705,train
48005,train
23391,train
97230,train
12937,train
67052,train
5248,train
18917,train
3444,train
22041,train
7784,train
39334,train
74791,train
67275,train
92310,train
17859,train
16303,train
89746,train
9798,train
89408,train
12193,train
6618,train
1732,train
50304,train
13521,train
44065,train
60516,train
57973,train
96667,train
99392,train
98621,train
39210,train
75021,train
55615,train
57264,train
18669,train
11685,train
50965,train
38102,train
54958,train
37222,train
5211,train
18111,train
27687,train
97219,train
55926,train
79855,train
15625,train
58110,train
12482,train
59724,train
25251,train
62885,train
88377,train
26630,train
38966,train
18879,train
48120,train
69816,train
90532,train
8641,train
86560,train
77179,train
29393,train
86595,train
91129,train
51360,train
56452,train
75061,train
64510,train
45900,train
10489,train
24122,train
97923,train
33788,train
77046,train
80103,train
34788,train
68503,train
69073,train
33307,train
73007,train
18894,train
98776,train
80181,train
14852,train
89081,train
92395,train
16240,train
10795,train
25379,train
87343,train
67206,train
65057,train
15701,train
34985,train
37127,train
30511,train
69434,train
35764,train
87078,train
15854,train
72248,train
54848,train
91360,train
61819,train
63677,train
86956,train
49466,train
14762,train
3971,train
46709,train
54644,train
78242,train
21741,train
2501,train
99073,train
49517,train
18636,train
86102,train
31366,train
90823,train
16280,train
89786,train
50322,train
96315,train
2288,train
32379,train
14049,train
62613,train
61333,train
3106,train
72843,train
53573,train
11256,train
3455,train
63251,train
80185,train
55583,train
6251,train
44431,train
74349,train
54655,train
11532,train
68714,train
51852,train
36645,train
66676,train
39682,train
37205,train
90889,train
98927,train
9486,train
94351,train
15459,train
62546,train
5240,train
83083,train
80304,train
22928,train
27148,train
70193,train
58187,train
12583,train
96437,train
41868,train
54539,train
9432,train
61527,train
33662,train
70424,train
35694,train
9560,train
30360,train
83714,train
70669,train
67006,train
51504,train
86980,train
48933,train
42368,train
35681,train
2296,train
97698,train
89687,train
67946,train
78979,train
96858,train
28334,train
32511,train
31617,train
33838,train
90257,train
26792,train
99065,train
40119,train
46535,train
98480,train
89376,train
64050,train
5187,train
31711,train
27842,train
64077,train
52866,train
37014,train
97235,train
2351,train
99517,train
83839,train
59753,train
27411,train
92918,train
85801,train
57128,train
51783,train
50736,train
94418,train
64238,train
2331,train
57322,train
2371,train
28695,train
37184,train
13149,train
7131,train
16487,train
47507,train
26762,train
27263,train
62858,train
11065,train
91532,train
6104,train
74119,train
58702,train
19843,train
21238,train
73693,train
13538,train
4862,train
2354,train
4881,train
61781,train
90449,train
28853,train
7485,train
33168,train
74440,train
28907,train
61872,train
73616,train
97894,train
70435,train
78149,train
55280,train
56370,train
74807,train
42401,train
28787,train
83940,train
5365,train
8594,train
30196,train
84289,train
56018,train
82456,train
62368,train
60712,train
36655,train
90398,train
29136,train
63771,train
1692,train
43806,train
63506,train
53435,train
48047,train
55963,train
65067,train
78394,train
37670,train
88331,train
29052,train
48297,train
34584,train
35020,train
70108,train
91294,train
64271,train
87980,train
29819,train
3882,train
32990,train
37964,train
93331,train
15116,train
34811,train
69194,train
83805,train
15499,train
17689,train
97624,train
977,train
70024,train
68806,train
53475,train
18549,train
73627,train
98703,train
44416,train
11959,train
46429,train
41188,train
82696,train
33132,train
74424,train
4978,train
18199,train
1122,train
66921,train
16133,train
87410,train
42134,train
56964,train
47684,train
12426,train
70956,train
50598,train
62337,train
30140,train
76780,train
58384,train
91554,train
89759,train
72560,train
36603,train
90194,train
17775,train
51192,train
78278,train
81855,train
5031,train
49259,train
94303,train
73463,train
51917,train
42835,train
72764,train
47583,train
70147,train
10995,train
96401,train
12808,train
3250,train
50936,train
35219,train
53756,train
64394,train
19829,train
80321,train
31423,train
93465,train
52995,train
20283,train
49175,train
49006,train
14810,train
57855,train
93120,train
8838,train
6643,train
29899,train
77451,train
44417,train
10285,train
88168,train
82937,train
84489,train
42078,train
71094,train
76686,train
84838,train
34904,train
43321,train
92108,train
3456,train
58132,train
75904,train
16845,train
93198,train
81224,train
96923,train
19831,train
43772,train
64349,train
38086,train
41743,train
4467,train
58442,train
40016,train
22783,train
26864,train
23411,train
66173,train
90331,train
925,train
70723,train
8958,train
39388,train
16263,train
39415,train
76931,train
5121,train
12039,train
71639,train
89916,train
61858,train
97671,train
86562,train
45143,train
13462,train
32912,train
86040,train
99100,train
40940,train
28901,train
24854,train
32490,train
95639,train
95174,train
83721,train
54080,train
83624,train
69454,train
1056,train
53870,train
53448,train
10436,train
19858,train
82607,train
1782,train
91258,train
50554,train
44563,train
63709,train
49245,train
1933,train
91040,train
27877,train
20211,train
62824,train
77916,train
52506,train
67893,train
64463,train
17076,train
84695,train
6657,train
30296,train
27843,train
30550,train
76264,train
33450,train
32879,train
53309,train
11897,train
18434,train
72667,train
15991,train
9144,train
84697,train
62133,train
90599,train
73093,train
21315,train
76160,train
73620,train
81433,train
85685,train
17722,train
66333,train
35364,train
17490,train
37149,train
68641,train
81379,train
64408,train
30263,train
12186,train
53682,train
90711,train
40395,train
95908,train
18388,train
72097,train
22230,train
91967,train
91227,train
28023,train
47710,train
13831,train
27526,train
4392,train
6934,train
63740,train
22488,train
56796,train
87475,train
68631,train
73837,train
39383,train
59819,train
81123,train
2335,train
95490,train
52911,train
81758,train
95431,train
71210,train
6193,train
31397,train
84741,train
15260,train
51450,train
50125,train
27494,train
20558,train
33143,train
86782,train
76502,train
78824,train
95208,train
96816,train
7662,train
67220,train
64818,train
64660,train
88383,train
85897,train
83963,train
79825,train
75881,train
3573,train
91647,train
91220,train
48567,train
86277,train
84168,train
15882,train
75022,train
59655,train
4764,train
9376,train
85198,train
65347,train
80290,train
63734,train
45567,train
60666,train
50828,train
12217,train
12849,train
92372,train
34543,train
81062,train
41722,train
4374,train
30966,train
42942,train
699,train
74418,train
77473,train
40370,train
47115,train
11753,train
57243,train
52538,train
50635,train
35308,train
54979,train
80718,train
28013,train
69107,train
69765,train
9760,train
85882,train
77085,train
15030,train
68474,train
50020,train
49436,train
22430,train
9069,train
20278,train
15768,train
66822,train
14548,train
5782,train
4636,train
11582,train
57732,train
35284,train
41577,train
47516,train
1043,train
64550,train
80152,train
15833,train
40791,train
13010,train
1523,train
47249,train
35540,train
66283,train
61024,train
34748,train
5094,train
11750,train
92870,train
51539,train
70384,train
27387,train
62411,train
89587,train
42305,train
50619,train
36674,train
51196,train
79531,train
88643,train
90157,train
59384,train
84469,train
80575,train
56693,train
44272,train
28989,train
63643,train
9814,train
2924,train
91334,train
47310,train
7174,train
67611,train
44871,train
76658,train
19321,train
77354,train
43691,train
83325,train
89570,train
30523,train
65457,train
29897,train
58871,train
72554,train
29021,train
81817,train
16387,train
1344,train
54805,train
90990,train
78737,train
7125,train
69034,train
69874,train
57406,train
87832,train
76316,train
35212,train
54326,train
30447,train
27812,train
84559,train
44748,train
13525,train
87358,train
68192,train
24523,train
75987,train
59351,train
99497,train
88395,train
27908,train
41522,train
5947,train
11610,train
57692,train
811,train
64638,train
65653,train
45437,train
52303,train
52527,train
66074,train
25492,train
51694,train
89810,train
13269,train
78334,train
26421,train
12157,train
28087,train
37002,train
14807,train
53076,train
85647,train
81161,train
35566,train
99515,train
30187,train
22291,train
1657,train
66619,train
89671,train
93254,train
88798,train
41561,train
29665,train
3962,train
19412,train
57349,train
54192,train
5433,train
32888,train
32792,train
90288,train
67546,train
47365,train
28737,train
3389,train
69217,train
15382,train
96500,train
57157,train
76056,train
27665,train
57219,train
83821,train
87077,train
52883,train
31555,train
19781,train
85349,train
97595,train
12385,train
34590,train
89082,train
88207,train
21999,train
83751,train
25985,train
47599,train
69268,train
85671,train
56875,train
76926,train
88599,train
43511,train
39536,train
40742,train
25365,train
2831,train
43318,train
89020,train
371,train
67929,train
71327,train
30466,train
50704,train
56090,train
55708,train
91835,train
88927,train
10097,train
51254,train
65297,train
43127,train
60471,train
97190,train
90719,train
27720,train
7990,train
20700,train
45121,train
51662,train
81839,train
57211,train
67606,train
92418,train
91327,train
54937,train
23884,train
74880,train
31335,train
88276,train
87695,train
91875,train
14817,train
11306,train
12010,train
67352,train
60566,train
48480,train
24715,train
95018,train
33872,train
87244,train
95295,train
61845,train
56809,train
40435,train
18006,train
13074,train
97910,train
42434,train
67966,train
87976,train
35018,train
16704,train
62449,train
88412,train
14433,train
90255,train
72903,train
87034,train
18071,train
22824,train
78375,train
23597,train
17162,train
77149,train
99198,train
12130,train
83035,train
26349,train
48630,train
62360,train
37393,train
59688,train
60418,train
52417,train
26793,train
88697,train
20485,train
16092,train
28770,train
21472,train
32238,train
72761,train
81069,train
13677,train
37983,train
93509,train
74229,train
50632,train
95691,train
93969,train
36687,train
79024,train
70517,train
15941,train
6436,train
82903,train
3911,train
24890,train
90629,train
99290,train
34753,train
15468,train
39015,train
99636,train
21966,train
83969,train
79963,train
14171,train
41782,train
69526,train
91347,train
53806,train
78567,train
94191,train
28700,train
96491,train
61314,train
83492,train
85958,train
45363,train
59847,train
55126,train
92249,train
45250,train
50307,train
13086,train
96316,train
60502,train
42554,train
31663,train
29789,train
1118,train
26086,train
65877,train
19227,train
2060,train
24544,train
25063,train
90327,train
2387,train
64241,train
4894,train
38321,train
77520,train
5910,train
26442,train
61678,train
76830,train
76078,train
4303,train
10882,train
20590,train
15386,train
92624,train
24029,train
8197,train
40810,train
27423,train
69318,train
19403,train
17158,train
83870,train
61932,train
35745,train
2516,train
72890,train
7422,train
11420,train
7853,train
69003,train
33423,train
16877,train
8267,train
47047,train
92235,train
2465,train
67310,train
15915,train
1928,train
71722,train
84327,train
88439,train
39806,train
88628,train
94551,train
52520,train
21158,train
67107,train
38395,train
19294,train
21120,train
64839,train
87166,train
38602,train
69660,train
73206,train
14684,train
64860,train
74999,train
90965,train
70022,train
80799,train
98882,train
52321,train
870,train
48379,train
12251,train
99742,train
78649,train
42360,train
36909,train
11709,train
64662,train
6016,train
22974,train
15805,train
97799,train
62352,train
93415,train
45148,train
4247,train
38918,train
65962,train
18865,train
48531,train
71760,train
4369,train
52661,train
47458,train
54298,train
98932,train
52074,train
80827,train
60865,train
59714,train
53238,train
8347,train
46731,train
14733,train
55212,train
13468,train
36622,train
36761,train
4501,train
82505,train
13044,train
98203,train
94419,train
71767,train
6132,train
37899,train
61283,train
58306,train
23569,train
69117,train
25268,train
98411,train
54127,train
85383,train
22881,train
28816,train
35864,train
36820,train
63541,train
38132,train
80780,train
49116,train
39359,train
93229,train
57378,train
34827,train
3548,train
17005,train
8763,train
87825,train
56603,train
41449,train
55487,train
27065,train
87666,train
56562,train
11842,train
22891,train
75242,train
57748,train
12932,train
42283,train
54824,train
87887,train
98960,train
38189,train
52095,train
88443,train
41207,train
88767,train
35246,train
6686,train
31303,train
61750,train
83420,train
23407,train
46904,train
96428,train
51628,train
77829,train
99373,train
19147,train
99255,train
1734,train
14379,train
72481,train
43795,train
85042,train
63161,train
23610,train
17461,train
20529,train
83417,train
89484,train
18638,train
14613,train
19608,train
48230,train
23585,train
83486,train
70,train
78739,train
84439,train
60590,train
88757,train
48599,train
89162,train
24626,train
74964,train
93219,train
20378,train
91172,train
82521,train
6670,train
36669,train
70342,train
15660,train
29164,train
8427,train
21464,train
18224,train
46963,train
60254,train
57680,train
85925,train
49629,train
44197,train
84925,train
11031,train
77813,train
30026,train
81803,train
25291,train
99736,train
15021,train
44401,train
55407,train
43005,train
49127,train
71229,train
92253,train
61618,train
2334,train
67083,train
10901,train
22287,train
21470,train
23342,train
77400,train
18540,train
20883,train
69724,train
19863,train
72242,train
15196,train
90014,train
39476,train
30154,train
36781,train
2528,train
46691,train
510,train
91110,train
52584,train
28579,train
34588,train
39540,train
50243,train
77750,train
81362,train
24910,train
52442,train
28011,train
51363,train
61248,train
32031,train
20549,train
11455,train
13110,train
52780,train
40250,train
8506,train
40389,train
40356,train
31172,train
20539,train
19626,train
96856,train
65008,train
87228,train
39444,train
49579,train
54540,train
6968,train
71471,train
4585,train
18164,train
76613,train
12173,train
47436,train
71293,train
73767,train
24310,train
87376,train
6188,train
52848,train
14849,train
26601,train
44448,train
97608,train
50646,train
34116,train
60103,train
68919,train
12312,train
45131,train
99597,train
87787,train
46274,train
74580,train
90382,train
50799,train
1317,train
56787,train
51750,train
76859,train
94574,train
81449,train
70613,train
42842,train
14318,train
56838,train
32488,train
31992,train
69666,train
62440,train
84685,train
62909,train
60631,train
14546,train
47268,train
97014,train
95865,train
96509,train
97111,train
31488,train
73062,train
43902,train
44702,train
52105,train
40420,train
63457,train
58382,train
94565,train
28631,train
81795,train
29854,train
86719,train
88748,train
89688,train
35200,train
36089,train
88961,train
51746,train
90800,train
54315,train
11564,train
43271,train
69693,train
98001,train
49577,train
30393,train
83272,train
83808,train
76584,train
67717,train
79218,train
5104,train
19708,train
95745,train
83810,train
72615,train
47389,train
25588,train
8570,train
54895,train
12853,train
82072,train
12584,train
24298,train
69099,train
9401,train
22189,train
29069,train
84972,train
74200,train
67920,train
92091,train
70749,train
54390,train
43896,train
59834,train
64871,train
49130,train
98949,train
99316,train
3798,train
59836,train
73470,train
31470,train
61776,train
95873,train
52944,train
16603,train
84509,train
93443,train
63135,train
71692,train
41098,train
11001,train
36369,train
54708,train
74288,train
28520,train
83192,train
6367,train
3516,train
46165,train
36136,train
60608,train
1884,train
82174,train
87139,train
57276,train
26238,train
93354,train
30417,train
87036,train
10321,train
50391,train
40830,train
56806,train
73492,train
84119,train
96504,train
6221,train
79681,train
18532,train
10937,train
12614,train
4974,train
16001,train
35767,train
59624,train
21959,train
93187,train
65089,train
84243,train
81479,train
74767,train
26130,train
92431,train
60583,train
57130,train
25262,train
40100,train
26670,train
2981,train
77492,train
41455,train
35093,train
90799,train
83782,train
16942,train
80406,train
33921,train
64739,train
30818,train
5893,train
42986,train
47560,train
53549,train
23370,train
23147,train
22601,train
16577,train
14870,train
54787,train
94139,train
67340,train
25444,train
40886,train
75010,train
91025,train
88947,train
36305,train
13457,train
38296,train
73094,train
49687,train
51405,train
7861,train
85586,train
58320,train
19072,train
399,train
68893,train
75959,train
68170,train
33628,train
81478,train
65274,train
46149,train
94285,train
89995,train
64482,train
78459,train
94651,train
95455,train
79707,train
78207,train
26731,train
87345,train
87011,train
71049,train
46892,train
5469,train
31002,train
76553,train
19559,train
57497,train
13153,train
78506,train
59392,train
53737,train
87852,train
18963,train
52054,train
40055,train
4912,train
16313,train
63910,train
21505,train
1576,train
83618,train
27594,train
43053,train
93854,train
60165,train
59366,train
32125,train
58956,train
90848,train
65001,train
1065,train
60288,train
54689,train
58417,train
50179,train
47626,train
93849,train
1538,train
70188,train
45781,train
62175,train
97970,train
28066,train
73136,train
6684,train
18178,train
427,train
71853,train
42866,train
98469,train
12286,train
12818,train
45965,train
92177,train
66385,train
38379,train
94631,train
61230,train
84676,train
21223,train
51751,train
9984,train
70954,train
11047,train
85750,train
64251,train
49396,train
67600,train
51378,train
38665,train
86523,train
30576,train
69459,train
38195,train
74097,train
76578,train
56339,train
26375,train
95964,train
65619,train
72383,train
63596,train
30640,train
40163,train
78945,train
30861,train
67142,train
21866,train
23820,train
5232,train
15362,train
92367,train
63400,train
47649,train
8313,train
47349,train
30429,train
40472,train
58353,train
6610,train
30792,train
6529,train
70819,train
77030,train
34727,train
66484,train
96096,train
98660,train
86516,train
39065,train
17623,train
3183,train
66392,train
47957,train
94130,train
62391,train
97669,train
45783,train
73382,train
41962,train
96089,train
65851,train
7450,train
78841,train
44706,train
37066,train
26525,train
28163,train
10255,train
22481,train
76551,train
25669,train
23775,train
64205,train
54534,train
56020,train
84690,train
83942,train
3403,train
52908,train
66419,train
78438,train
55157,train
76688,train
12797,train
25510,train
58629,train
57730,train
18369,train
67515,train
19301,train
13791,train
6744,train
17876,train
78258,train
23711,train
49407,train
76900,train
53858,train
23859,train
36198,train
14136,train
13032,train
36255,train
6865,train
20689,train
32998,train
78664,train
57771,train
596,train
89290,train
51049,train
83336,train
94168,train
27927,train
89583,train
17978,train
39048,train
34794,train
29436,train
321,train
63576,train
77614,train
90357,train
96406,train
45582,train
77299,train
36704,train
80206,train
54517,train
2188,train
52574,train
72691,train
35342,train
54451,train
61842,train
57257,train
26802,train
58939,train
91833,train
43311,train
15793,train
44994,train
89274,train
43023,train
39960,train
4513,train
89476,train
25672,train
36200,train
43040,train
52198,train
25544,train
12229,train
69509,train
52408,train
8866,train
8578,train
31287,train
31669,train
18574,train
13062,train
38259,train
23800,train
36424,train
10432,train
86388,train
35167,train
69656,train
9176,train
89679,train
59015,train
30442,train
85742,train
55185,train
23314,train
22273,train
55443,train
99011,train
47501,train
44964,train
13718,train
66266,train
99835,train
50725,train
12799,train
9402,train
9795,train
76381,train
44578,train
72514,train
85297,train
96723,train
61596,train
67087,train
89370,train
53193,train
49266,train
68185,train
95405,train
24552,train
5519,train
24055,train
35999,train
84875,train
16756,train
65047,train
48300,train
13001,train
61456,train
34881,train
18281,train
88899,train
45335,train
290,train
4285,train
10374,train
34373,train
1223,train
75227,train
46167,train
4848,train
30123,train
51073,train
23735,train
82074,train
40746,train
96778,train
97413,train
74948,train
20322,train
83055,train
67882,train
43797,train
29372,train
21735,train
48974,train
44582,train
27916,train
29814,train
69029,train
34486,train
62261,train
1552,train
5024,train
18580,train
31135,train
11924,train
32620,train
98155,train
17068,train
53311,train
20329,train
10872,train
10077,train
49901,train
8537,train
54231,train
44843,train
12726,train
19388,train
88589,train
84426,train
19207,train
40708,train
41376,train
19377,train
4952,train
91374,train
75776,train
50485,train
49535,train
86851,train
66079,train
11757,train
23052,train
79236,train
76358,train
53853,train
33919,train
7910,train
91912,train
29472,train
12276,train
97386,train
44535,train
42772,train
77025,train
46604,train
6143,train
27897,train
50741,train
22126,train
92484,train
41524,train
47550,train
12854,train
59314,train
61340,train
18408,train
14748,train
45308,train
14683,train
90158,train
1804,train
77250,train
23997,train
24622,train
77680,train
45056,train
7278,train
71659,train
67058,train
73321,train
74495,train
68927,train
81752,train
14682,train
62002,train
34377,train
59163,train
49231,train
94777,train
68549,train
80823,train
33873,train
1877,train
59337,train
63500,train
78067,train
62661,train
43329,train
17732,train
99961,train
94576,train
68272,train
39097,train
71373,train
66479,train
19159,train
61,train
75864,train
63036,train
61376,train
9901,train
36631,train
5164,train
77668,train
29630,train
28253,train
90145,train
16253,train
57677,train
14165,train
10207,train
11751,train
19057,train
98497,train
19175,train
77571,train
76635,train
86397,train
81889,train
81624,train
13750,train
58557,train
77358,train
35424,train
84740,train
7159,train
14528,train
7077,train
37398,train
51023,train
44013,train
70311,train
78603,train
71379,train
83794,train
97532,train
6623,train
403,train
40224,train
26966,train
682,train
67642,train
11816,train
38104,train
39679,train
49176,train
63666,train
63032,train
17896,train
35036,train
45259,train
39464,train
73605,train
76158,train
44511,train
58510,train
96035,train
45187,train
41242,train
23887,train
88083,train
40412,train
56425,train
98958,train
89800,train
72628,train
91431,train
95481,train
87504,train
12713,train
47834,train
44944,train
93142,train
69351,train
39217,train
44603,train
39543,train
67625,train
51675,train
19685,train
95310,train
15653,train
51352,train
20920,train
95765,train
49903,train
39395,train
15668,train
6169,train
54803,train
14395,train
72076,train
77262,train
80501,train
52062,train
84299,train
72292,train
51690,train
99825,train
50291,train
99006,train
49511,train
42826,train
24522,train
79749,train
15872,train
23355,train
67736,train
37452,train
96767,train
13651,train
26480,train
1098,train
7710,train
47611,train
6194,train
89780,train
8153,train
19455,train
22118,train
81142,train
78185,train
46651,train
49243,train
25453,train
48949,train
37143,train
62700,train
46000,train
40424,train
64286,train
62830,train
98437,train
56832,train
53436,train
30122,train
67178,train
6797,train
23736,train
25194,train
9485,train
33321,train
58710,train
54693,train
81400,train
83736,train
4040,train
87408,train
77729,train
4114,train
11109,train
63616,train
83405,train
61242,train
50112,train
109,train
91803,train
70561,train
22119,train
49978,train
13465,train
475,train
20310,train
21867,train
19041,train
85786,train
83030,train
77702,train
76168,train
12391,train
12527,train
14256,train
71161,train
68533,train
48947,train
37160,train
63012,train
39166,train
33712,train
13964,train
22275,train
22668,train
60541,train
85458,train
52543,train
94665,train
87288,train
31861,train
50274,train
6783,train
3941,train
61612,train
86348,train
13484,train
45859,train
77372,train
94941,train
58198,train
64381,train
30826,train
82810,train
60067,train
740,train
51381,train
45140,train
66626,train
44375,train
29836,train
70763,train
35952,train
97637,train
42801,train
71496,train
65513,train
66585,train
35016,train
85420,train
70706,train
11703,train
73777,train
25073,train
32289,train
66763,train
88861,train
70731,train
63668,train
32518,train
84846,train
3304,train
42818,train
84907,train
7944,train
3115,train
79140,train
99904,train
64088,train
83495,train
51215,train
81765,train
14606,train
74857,train
64927,train
54519,train
97431,train
95471,train
12244,train
93749,train
78322,train
4527,train
27284,train
59702,train
37436,train
65657,train
57960,train
13609,train
86809,train
70527,train
92985,train
69177,train
54422,train
30150,train
13544,train
70432,train
96326,train
34156,train
46219,train
61236,train
7856,train
55224,train
4554,train
77225,train
68665,train
93546,train
49793,train
92684,train
42704,train
57989,train
68218,train
53780,train
76022,train
58595,train
7314,train
55467,train
17728,train
23937,train
61724,train
47686,train
52745,train
47218,train
14162,train
67132,train
18017,train
99168,train
9033,train
26627,train
89569,train
69979,train
76841,train
13428,train
96253,train
62056,train
98310,train
35033,train
38413,train
61197,train
82715,train
39298,train
71412,train
7393,train
19501,train
19675,train
11350,train
33457,train
92950,train
51248,train
71289,train
27642,train
51186,train
54730,train
43257,train
2934,train
5148,train
12755,train
4560,train
5987,train
87464,train
46938,train
13157,train
73485,train
7004,train
81645,train
80278,train
4440,train
12053,train
28106,train
18772,train
87359,train
95217,train
85048,train
77397,train
41825,train
8572,train
72025,train
65695,train
63642,train
40704,train
24174,train
43702,train
99313,train
91308,train
82817,train
43087,train
60393,train
58987,train
90067,train
78944,train
89677,train
33050,train
71313,train
97250,train
28640,train
97513,train
10983,train
74645,train
21547,train
66796,train
27542,train
60001,train
59128,train
87582,train
53476,train
88872,train
57884,train
6352,train
49596,train
37738,train
37303,train
9547,train
60232,train
2722,train
89320,train
58398,train
63935,train
26136,train
62964,train
34110,train
35353,train
98966,train
77239,train
31846,train
45104,train
8799,train
60223,train
60892,train
78087,train
6787,train
91367,train
20551,train
85059,train
47364,train
23963,train
60355,train
22514,train
69627,train
89664,train
39952,train
82240,train
67170,train
56694,train
21827,train
42233,train
54100,train
45158,train
52681,train
11342,train
76172,train
20339,train
94500,train
3568,train
42472,train
68661,train
93460,train
68519,train
19751,train
1581,train
86093,train
55178,train
94160,train
58309,train
76334,train
59243,train
78805,train
39482,train
3563,train
15483,train
88295,train
36931,train
81827,train
47471,train
29478,train
17692,train
93147,train
61963,train
48628,train
52622,train
48582,train
93904,train
58838,train
40227,train
92704,train
2091,train
43882,train
53943,train
84088,train
27667,train
96826,train
67970,train
69480,train
37176,train
12654,train
90596,train
37829,train
59588,train
85345,train
91427,train
54351,train
40983,train
71014,train
92617,train
44274,train
39062,train
3775,train
30434,train
32646,train
97092,train
34587,train
29715,train
21392,train
42231,train
53458,train
90457,train
13125,train
41972,train
25127,train
36623,train
81339,train
43756,train
69124,train
18270,train
84500,train
17226,train
22501,train
41282,train
97160,train
75574,train
5541,train
29189,train
92654,train
41505,train
57850,train
66744,train
39163,train
60955,train
3199,train
97737,train
82094,train
91788,train
99269,train
23118,train
53658,train
62116,train
92776,train
6460,train
1171,train
12104,train
33516,train
80773,train
46627,train
55690,train
4478,train
14033,train
12322,train
77151,train
53092,train
61616,train
80454,train
45234,train
53013,train
26909,train
47527,train
64103,train
66187,train
8788,train
96490,train
18156,train
14304,train
21555,train
60880,train
44130,train
42344,train
87997,train
86150,train
26967,train
9336,train
45079,train
11962,train
69474,train
14054,train
69563,train
38600,train
76669,train
87047,train
78031,train
26219,train
61078,train
62042,train
57561,train
83860,train
88964,train
37104,train
80229,train
20748,train
81823,train
60326,train
88598,train
46223,train
24307,train
2773,train
90232,train
73638,train
29429,train
58677,train
74405,train
12631,train
65415,train
19485,train
69912,train
25921,train
58253,train
76662,train
11464,train
3981,train
84596,train
50819,train
28092,train
49574,train
57894,train
46143,train
83426,train
65829,train
37856,train
32707,train
78705,train
31353,train
2172,train
73727,train
9447,train
54862,train
37335,train
54521,train
33659,train
93576,train
6142,train
20860,train
61320,train
91133,train
83380,train
78413,train
75310,train
47330,train
98561,train
8278,train
94524,train
35777,train
39891,train
38382,train
92213,train
60733,train
50894,train
61725,train
44025,train
59860,train
2059,train
68377,train
93992,train
25118,train
13095,train
69229,train
56730,train
98580,train
63882,train
18573,train
19553,train
30412,train
22407,train
72827,train
30821,train
41912,train
39722,train
32554,train
49149,train
76461,train
48000,train
11555,train
66175,train
96831,train
8762,train
61885,train
85618,train
98232,train
15555,train
87584,train
54468,train
51440,train
35384,train
62844,train
23488,train
74738,train
45810,train
33172,train
94819,train
60131,train
25685,train
75797,train
28170,train
8892,train
55847,train
95885,train
64089,train
3608,train
91405,train
59433,train
13960,train
57297,train
80257,train
97573,train
10789,train
55270,train
40486,train
95014,train
54328,train
43172,train
40184,train
8218,train
9258,train
2888,train
50516,train
33094,train
17129,train
39046,train
31127,train
72156,train
57599,train
23108,train
31572,train
15703,train
78425,train
44862,train
76941,train
11507,train
17241,train
17465,train
98541,train
57938,train
68028,train
13876,train
72837,train
88149,train
67112,train
22080,train
99729,train
39652,train
80713,train
37368,train
44644,train
149,train
28586,train
34936,train
41160,train
90737,train
31033,train
27683,train
11723,train
18816,train
58045,train
36539,train
87096,train
51703,train
56825,train
11394,train
98045,train
79490,train
88336,train
8419,train
94851,train
97761,train
87280,train
72861,train
90042,train
57644,train
84612,train
3779,train
25545,train
61095,train
87935,train
64602,train
39093,train
76916,train
91608,train
55817,train
38039,train
69915,train
3605,train
31741,train
99222,train
88523,train
57163,train
50259,train
23056,train
49166,train
76978,train
52259,train
48897,train
27767,train
20662,train
75709,train
40864,train
38894,train
91881,train
26608,train
39250,train
32925,train
59241,train
16935,train
44566,train
89642,train
78491,train
3536,train
17760,train
58526,train
41587,train
26013,train
6561,train
85898,train
54265,train
64887,train
48732,train
96242,train
7351,train
4868,train
58058,train
83165,train
62135,train
63391,train
87444,train
72032,train
16166,train
84220,train
37624,train
24748,train
32939,train
42740,train
75027,train
51769,train
2155,train
97676,train
81530,train
4411,train
23324,train
68202,train
59186,train
83763,train
19636,train
57302,train
32323,train
21476,train
93435,train
84788,train
43251,train
57218,train
24896,train
87547,train
87856,train
89517,train
20463,train
8437,train
23203,train
38303,train
4910,train
75676,train
32494,train
72422,train
33559,train
3319,train
77642,train
47099,train
64248,train
27580,train
42924,train
22941,train
82895,train
44485,train
13608,train
27510,train
8415,train
71318,train
17520,train
26072,train
55592,train
72902,train
4814,train
27074,train
8913,train
85066,train
49582,train
22484,train
47279,train
98853,train
50028,train
74600,train
15599,train
69555,train
8400,train
14610,train
84214,train
37750,train
1067,train
67151,train
59295,train
83333,train
63177,train
32941,train
33189,train
64942,train
28189,train
94502,train
76463,train
20261,train
75531,train
843,train
18501,train
14565,train
75749,train
51117,train
36183,train
4045,train
64939,train
84650,train
27744,train
95269,train
5650,train
19508,train
81628,train
67747,train
58644,train
56851,train
69528,train
49752,train
49871,train
58418,train
86393,train
51122,train
18683,train
77713,train
49376,train
8882,train
59115,train
73874,train
71755,train
40031,train
39197,train
70162,train
55933,train
76343,train
59401,train
54106,train
24015,train
32159,train
76857,train
10030,train
93431,train
62985,train
12830,train
95537,train
18946,train
38977,train
11162,train
52331,train
37349,train
20553,train
54896,train
62941,train
63998,train
66338,train
15764,train
21224,train
68573,train
92826,train
6583,train
2625,train
96334,train
61363,train
9544,train
24321,train
12152,train
58350,train
8635,train
38494,train
26023,train
18443,train
86383,train
16228,train
21356,train
88564,train
83047,train
97835,train
80481,train
76016,train
38593,train
40818,train
59821,train
40925,train
38197,train
97242,train
38377,train
50700,train
8906,train
47595,train
30668,train
36835,train
47159,train
15154,train
87339,train
82458,train
36047,train
81401,train
84068,train
73940,train
46094,train
15075,train
48617,train
31814,train
9992,train
53153,train
50942,train
15080,train
5680,train
48890,train
83535,train
96477,train
1191,train
48492,train
4931,train
8019,train
93666,train
16496,train
45743,train
62231,train
76764,train
9926,train
82156,train
40193,train
20680,train
93114,train
67781,train
52785,train
72429,train
52385,train
17683,train
88983,train
56168,train
73482,train
1444,train
33225,train
58854,train
60411,train
12926,train
58627,train
13230,train
4128,train
69153,train
88034,train
78474,train
22449,train
21596,train
84881,train
63829,train
92843,train
19226,train
14575,train
82318,train
19611,train
22290,train
42688,train
78043,train
97333,train
19541,train
92408,train
8614,train
79601,train
20097,train
5820,train
26044,train
34275,train
68909,train
62489,train
1185,train
12557,train
2876,train
34239,train
60965,train
5933,train
57271,train
34978,train
60450,train
54919,train
20489,train
44780,train
62880,train
56654,train
98394,train
50403,train
884,train
9654,train
53081,train
86909,train
74320,train
31720,train
4826,train
55621,train
53261,train
1334,train
6903,train
61550,train
16469,train
1476,train
61098,train
37792,train
41414,train
34278,train
97860,train
7808,train
53292,train
54968,train
81984,train
40666,train
28763,train
6274,train
76756,train
90253,train
28797,train
60838,train
94604,train
7062,train
18910,train
86911,train
61847,train
27673,train
4741,train
3391,train
86066,train
6196,train
95699,train
53900,train
26020,train
84896,train
19219,train
5224,train
86483,train
49408,train
8075,train
78938,train
39760,train
98331,train
83563,train
3082,train
10325,train
55001,train
80553,train
14372,train
89012,train
40592,train
66375,train
98199,train
77321,train
81842,train
68524,train
46134,train
11468,train
13911,train
57116,train
61699,train
11766,train
88980,train
10749,train
40847,train
72799,train
50476,train
29477,train
72144,train
84027,train
93167,train
80263,train
49372,train
17834,train
37891,train
92729,train
16029,train
31889,train
68460,train
2993,train
10028,train
4305,train
99931,train
54019,train
4161,train
45579,train
3414,train
65482,train
19179,train
10168,train
91077,train
5077,train
40257,train
12257,train
98531,train
72453,train
99420,train
63679,train
77544,train
93318,train
28963,train
34448,train
79739,train
35901,train
76013,train
19875,train
45585,train
29877,train
46168,train
55309,train
27306,train
51526,train
51570,train
41889,train
73350,train
64623,train
85639,train
98273,train
49295,train
31372,train
87100,train
49080,train
92716,train
17043,train
97543,train
32894,train
9840,train
73981,train
29707,train
46805,train
21419,train
28661,train
82733,train
45551,train
18478,train
67839,train
35930,train
77945,train
43355,train
77408,train
98450,train
69443,train
13799,train
42362,train
93200,train
43742,train
95603,train
61506,train
45251,train
2024,train
64766,train
76961,train
37116,train
64529,train
14619,train
94871,train
66459,train
11143,train
81355,train
66197,train
59614,train
66659,train
98782,train
62526,train
5028,train
42427,train
23123,train
15203,train
84282,train
18060,train
3721,train
28437,train
64038,train
77382,train
62074,train
57722,train
47570,train
54592,train
89344,train
36240,train
13099,train
40124,train
79439,train
48182,train
46353,train
3330,train
78179,train
58043,train
60194,train
21942,train
91750,train
9233,train
67512,train
8483,train
65429,train
2811,train
73312,train
5995,train
12483,train
37302,train
66116,train
90530,train
7793,train
26564,train
99200,train
82165,train
14306,train
52392,train
64443,train
65511,train
21636,train
92141,train
88886,train
26429,train
16320,train
45661,train
63681,train
67491,train
82224,train
89748,train
37713,train
84490,train
72217,train
26868,train
50621,train
59690,train
14203,train
13884,train
54873,train
54525,train
17909,train
73052,train
6043,train
42555,train
50298,train
10022,train
69635,train
91402,train
77615,train
85630,train
28880,train
6108,train
83771,train
24782,train
9783,train
36724,train
83421,train
3279,train
52876,train
65816,train
80429,train
86189,train
40336,train
28675,train
1922,train
79060,train
15395,train
6317,train
97292,train
46015,train
44799,train
13764,train
82727,train
30867,train
25683,train
29679,train
38888,train
46423,train
72284,train
66265,train
87430,train
53587,train
3558,train
5735,train
31979,train
25050,train
47723,train
95134,train
19349,train
40192,train
47506,train
87778,train
60479,train
86135,train
43479,train
70129,train
86959,train
28295,train
96810,train
51902,train
90561,train
65867,train
80835,train
79759,train
40285,train
58536,train
99687,train
64380,train
84250,train
7604,train
32976,train
93599,train
33319,train
74298,train
292,train
37454,train
90744,train
28781,train
1554,train
15825,train
26109,train
28578,train
84897,train
83995,train
13041,train
86005,train
10177,train
9673,train
69533,train
45257,train
93745,train
37120,train
20750,train
3903,train
62646,train
76403,train
44444,train
22130,train
34048,train
65334,train
19888,train
2162,train
99488,train
60685,train
34719,train
2661,train
85949,train
44384,train
44405,train
63544,train
53902,train
20574,train
88082,train
84292,train
89036,train
9809,train
86071,train
99078,train
16604,train
85467,train
92797,train
82460,train
48408,train
542,train
30475,train
94180,train
92206,train
67894,train
61870,train
65778,train
64177,train
70094,train
79634,train
85247,train
19760,train
40570,train
95674,train
38373,train
56945,train
37831,train
90586,train
93547,train
11048,train
25741,train
59422,train
568,train
55099,train
66127,train
76549,train
84687,train
44007,train
7037,train
10650,train
73900,train
69876,train
9996,train
60113,train
94010,train
96265,train
8300,train
67478,train
75813,train
52818,train
82750,train
64571,train
34714,train
36484,train
87534,train
38225,train
47178,train
82353,train
3809,train
19285,train
40059,train
39564,train
91465,train
17814,train
81456,train
74796,train
82292,train
65719,train
31882,train
90884,train
8264,train
61548,train
41483,train
41985,train
61116,train
17449,train
35664,train
97673,train
19415,train
54906,train
68006,train
75798,train
28088,train
78129,train
39269,train
82781,train
60389,train
58989,train
69784,train
62775,train
26428,train
33465,train
94517,train
24376,train
55643,train
73806,train
9019,train
99096,train
3349,train
73317,train
94605,train
79791,train
37558,train
79120,train
31743,train
65802,train
31769,train
28369,train
93079,train
17363,train
57688,train
44143,train
97198,train
52494,train
58500,train
41276,train
59687,train
37172,train
99173,train
81705,train
33956,train
30147,train
39349,train
1643,train
5937,train
11663,train
61518,train
32418,train
52842,train
5477,train
33428,train
71068,train
34123,train
26801,train
16492,train
68514,train
51296,train
69240,train
41129,train
20839,train
10073,train
62502,train
69762,train
31360,train
16623,train
73231,train
7866,train
28649,train
51692,train
964,train
75190,train
14232,train
45539,train
44455,train
35019,train
67685,train
81434,train
93304,train
9135,train
255,train
98327,train
51972,train
76550,train
68538,train
99752,train
21727,train
72981,train
1225,train
3760,train
59369,train
50073,train
36454,train
73387,train
66520,train
450,train
67789,train
66184,train
30144,train
89715,train
66905,train
11911,train
11120,train
36436,train
46497,train
53805,train
69042,train
16689,train
17113,train
27509,train
81593,train
1796,train
72587,train
80101,train
98732,train
61721,train
86858,train
52485,train
21753,train
83633,train
64291,train
62801,train
44140,train
72192,train
70753,train
79110,train
50419,train
54329,train
37424,train
69684,train
1002,train
87122,train
74926,train
60663,train
35060,train
98294,train
4747,train
51224,train
24741,train
39486,train
31842,train
78588,train
34060,train
69609,train
88285,train
90621,train
72974,train
45393,train
73215,train
31491,train
32432,train
50282,train
56235,train
29500,train
72620,train
99133,train
81072,train
77111,train
31790,train
37544,train
83584,train
45627,train
84314,train
59316,train
57734,train
86203,train
21810,train
30489,train
12375,train
238,train
80859,train
33483,train
26569,train
27484,train
13570,train
38785,train
11908,train
89239,train
94599,train
22020,train
1107,train
54584,train
18627,train
63020,train
37257,train
32087,train
30930,train
26687,train
1951,train
26937,train
22781,train
65701,train
89678,train
49726,train
25069,train
83700,train
44211,train
55836,train
82951,train
5762,train
70141,train
54683,train
64220,train
25548,train
76440,train
15818,train
35802,train
57695,train
98974,train
52373,train
67189,train
40954,train
96927,train
96981,train
66101,train
73546,train
69323,train
59709,train
62736,train
7035,train
62432,train
23475,train
31732,train
85129,train
23173,train
74140,train
15293,train
16311,train
21609,train
26854,train
55961,train
86995,train
30139,train
31208,train
17919,train
34384,train
37580,train
17365,train
49034,train
2286,train
88936,train
20363,train
62132,train
15267,train
72472,train
99862,train
92536,train
75562,train
73889,train
8601,train
90250,train
5914,train
38693,train
1367,train
39700,train
78114,train
86222,train
80739,train
87922,train
32521,train
84643,train
17887,train
24696,train
76739,train
2427,train
8836,train
413,train
63174,train
62167,train
57440,train
22551,train
20122,train
27834,train
51745,train
95672,train
9727,train
9326,train
47628,train
23888,train
81499,train
43960,train
8317,train
82144,train
39583,train
69947,train
42365,train
3181,train
90734,train
1028,train
54879,train
86750,train
61681,train
17854,train
18047,train
12972,train
26273,train
45892,train
94673,train
7788,train
57826,train
57452,train
20725,train
83694,train
89273,train
13036,train
91138,train
6943,train
56663,train
75858,train
20420,train
69429,train
91588,train
30068,train
21273,train
93574,train
75293,train
90298,train
38545,train
43663,train
56667,train
85560,train
25096,train
32406,train
15652,train
72580,train
88645,train
24731,train
36067,train
80094,train
74696,train
71460,train
43758,train
374,train
98911,train
94946,train
15708,train
28402,train
96946,train
34689,train
53324,train
50046,train
20412,train
70511,train
1727,train
58018,train
66810,train
70640,train
9626,train
63760,train
76617,train
82043,train
81169,train
90853,train
62246,train
51661,train
62374,train
66230,train
95713,train
27345,train
58321,train
74286,train
41671,train
20811,train
76211,train
43995,train
84969,train
43430,train
11711,train
65810,train
6712,train
73349,train
82197,train
90570,train
41917,train
29466,train
67699,train
70903,train
82966,train
35757,train
43006,train
44628,train
28858,train
36758,train
11409,train
2192,train
97438,train
43769,train
34313,train
12090,train
34361,train
9652,train
95004,train
47924,train
79086,train
74800,train
29951,train
78953,train
66029,train
8602,train
81347,train
44684,train
19607,train
49959,train
94949,train
16937,train
12230,train
49544,train
24431,train
32911,train
16136,train
59895,train
71360,train
43506,train
9623,train
95835,train
18151,train
62913,train
88346,train
92622,train
81636,train
98640,train
87650,train
53019,train
25335,train
86764,train
47671,train
47273,train
93320,train
13034,train
89193,train
47110,train
47297,train
44704,train
59496,train
30242,train
39927,train
46536,train
88860,train
14342,train
36077,train
33496,train
9389,train
32153,train
74917,train
54051,train
90967,train
31836,train
94969,train
74934,train
39043,train
34423,train
84293,train
8232,train
47396,train
1597,train
51367,train
68537,train
59758,train
63176,train
63858,train
90571,train
97338,train
90461,train
66236,train
27618,train
38760,train
47847,train
97905,train
28732,train
75802,train
77684,train
4581,train
83761,train
22471,train
60190,train
84318,train
60123,train
27535,train
54430,train
77569,train
37807,train
37720,train
1590,train
25731,train
14533,train
76849,train
41576,train
41263,train
75346,train
86828,train
7246,train
6806,train
24413,train
57175,train
85050,train
43675,train
34701,train
73653,train
21486,train
16067,train
32667,train
7434,train
96887,train
54602,train
50439,train
21130,train
54316,train
29710,train
5459,train
44638,train
64412,train
53958,train
829,train
94417,train
5168,train
41297,train
93787,train
71921,train
47849,train
61277,train
86421,train
4318,train
2453,train
26903,train
63119,train
56078,train
44817,train
93683,train
34724,train
85444,train
95816,train
47979,train
55177,train
40229,train
82140,train
36155,train
54976,train
634,train
91422,train
83425,train
30608,train
96909,train
42127,train
71852,train
80018,train
60688,train
58299,train
39527,train
47027,train
90579,train
83475,train
49171,train
74005,train
50454,train
16912,train
29743,train
38779,train
19202,train
44155,train
45944,train
76643,train
80865,train
31880,train
35103,train
64139,train
47726,train
30495,train
17855,train
9140,train
66092,train
48131,train
43218,train
21989,train
91810,train
78544,train
31546,train
55845,train
82639,train
66728,train
8893,train
28417,train
66803,train
95224,train
20409,train
8078,train
877,train
4686,train
2861,train
15525,train
82423,train
60056,train
23398,train
16870,train
52201,train
74366,train
40439,train
8647,train
70893,train
15710,train
40027,train
4938,train
55736,train
89832,train
97188,train
84876,train
63124,train
99116,train
11251,train
46112,train
92204,train
68113,train
41702,train
66613,train
9478,train
69168,train
89936,train
57874,train
70086,train
60128,train
32,train
45291,train
49779,train
53641,train
38757,train
36354,train
80194,train
63691,train
92324,train
8348,train
43077,train
50072,train
49451,train
94569,train
52936,train
23941,train
8588,train
22333,train
56089,train
45609,train
13100,train
48011,train
88856,train
57220,train
17118,train
71603,train
38158,train
42064,train
86463,train
69854,train
88235,train
53666,train
54944,train
9222,train
64044,train
49170,train
10750,train
30988,train
4681,train
89676,train
65189,train
62742,train
12247,train
67363,train
42410,train
51816,train
86260,train
14337,train
97145,train
80208,train
29701,train
27337,train
10372,train
13931,train
23026,train
73828,train
28721,train
30887,train
18482,train
69160,train
75543,train
10641,train
88092,train
19002,train
73680,train
74426,train
86012,train
38763,train
21785,train
84927,train
96470,train
77538,train
31498,train
26572,train
5475,train
93409,train
52564,train
91716,train
32420,train
50782,train
11443,train
18732,train
37931,train
18121,train
11840,train
29018,train
3195,train
81840,train
45967,train
31348,train
49804,train
15881,train
33634,train
78376,train
65616,train
96071,train
95301,train
33399,train
59583,train
97774,train
38655,train
13638,train
74746,train
31325,train
95996,train
50242,train
44487,train
97922,train
42098,train
32524,train
86890,train
65921,train
38169,train
47423,train
50676,train
58840,train
28110,train
36961,train
8938,train
72782,train
17345,train
58611,train
41044,train
47561,train
42573,train
14715,train
11923,train
90494,train
46068,train
61461,train
85154,train
11481,train
75350,train
87350,train
82833,train
94094,train
44436,train
76698,train
65988,train
77962,train
66870,train
98083,train
36334,train
35788,train
64252,train
1319,train
50760,train
1874,train
81320,train
9630,train
94045,train
83482,train
93012,train
40260,train
17291,train
92379,train
1141,train
531,train
16175,train
89706,train
13752,train
83965,train
81432,train
84847,train
32337,train
9570,train
19144,train
94379,train
77033,train
20784,train
58613,train
54047,train
90942,train
68696,train
91449,train
82950,train
1953,train
75226,train
92783,train
17128,train
36699,train
85309,train
89503,train
99407,train
12867,train
41221,train
60777,train
91454,train
27397,train
65449,train
11484,train
36319,train
65647,train
95942,train
32254,train
70975,train
71403,train
98568,train
33689,train
92890,train
44224,train
25355,train
25619,train
87735,train
907,train
6019,train
91966,train
87745,train
15523,train
32982,train
40700,train
24242,train
49103,train
191,train
43132,train
64269,train
1270,train
47901,train
96618,train
52415,train
45098,train
76260,train
92322,train
59738,train
23481,train
22043,train
15673,train
67682,train
37552,train
83073,train
34620,train
86180,train
97440,train
95981,train
41545,train
88633,train
98318,train
86978,train
37388,train
30156,train
7898,train
28351,train
69581,train
47244,train
35636,train
16813,train
71041,train
54980,train
5884,train
79626,train
35993,train
92245,train
72022,train
99545,train
28513,train
13639,train
67137,train
34902,train
55922,train
26351,train
69414,train
92942,train
91394,train
16189,train
70357,train
84285,train
10462,train
37068,train
96872,train
87990,train
85320,train
52248,train
65132,train
75209,train
72138,train
901,train
84824,train
44285,train
80664,train
26473,train
61212,train
88944,train
93032,train
2100,train
83132,train
99943,train
86656,train
50342,train
16535,train
81450,train
40559,train
47617,train
95886,train
34927,train
34955,train
25593,train
48459,train
5873,train
83365,train
28693,train
79571,train
96819,train
38432,train
57607,train
52460,train
94926,train
60319,train
86290,train
43730,train
37960,train
32989,train
64610,train
69919,train
13402,train
67249,train
26410,train
64320,train
2006,train
41423,train
39792,train
79386,train
59413,train
99341,train
6668,train
97171,train
83012,train
57248,train
72436,train
74847,train
74190,train
4005,train
43959,train
66991,train
83500,train
4170,train
18107,train
74832,train
87135,train
29924,train
28834,train
3118,train
58577,train
95214,train
77986,train
18983,train
59697,train
57512,train
42933,train
52182,train
32226,train
95541,train
85223,train
19897,train
885,train
71142,train
10361,train
30946,train
15433,train
73518,train
23360,train
47664,train
65654,train
27926,train
72630,train
57859,train
78400,train
90947,train
84992,train
86977,train
8539,train
3886,train
21411,train
13887,train
74478,train
16574,train
34057,train
28406,train
16985,train
32519,train
34063,train
83264,train
89249,train
5898,train
41960,train
39437,train
90721,train
18881,train
76219,train
8881,train
48400,train
15120,train
21202,train
57683,train
99877,train
47029,train
51042,train
72982,train
3120,train
85478,train
19961,train
46253,train
40252,train
88779,train
62344,train
86105,train
3524,train
60462,train
42102,train
37217,train
21811,train
37241,train
61580,train
14108,train
428,train
52533,train
72818,train
66939,train
36658,train
43916,train
53429,train
22352,train
33147,train
18648,train
8046,train
7219,train
24568,train
56700,train
8845,train
40937,train
29767,train
22658,train
34849,train
41992,train
21478,train
50287,train
56436,train
25209,train
58277,train
26867,train
27503,train
73163,train
88204,train
69475,train
92022,train
88361,train
87160,train
22800,train
23482,train
38052,train
97166,train
29958,train
8351,train
75705,train
46381,train
73824,train
93898,train
61000,train
53150,train
51835,train
62348,train
15312,train
69136,train
1481,train
19973,train
61291,train
26961,train
1696,train
12962,train
1770,train
72111,train
26324,train
47031,train
74805,train
55987,train
93177,train
46406,train
44326,train
88636,train
62008,train
54639,train
9680,train
45354,train
53068,train
46828,train
98250,train
79568,train
90890,train
72801,train
13072,train
40800,train
56305,train
9553,train
93224,train
11254,train
70736,train
5367,train
27540,train
24347,train
43802,train
24285,train
55991,train
32082,train
89975,train
95664,train
82269,train
44508,train
56258,train
55181,train
42566,train
45011,train
71936,train
73804,train
81206,train
11382,train
91851,train
35591,train
82135,train
35359,train
1556,train
30915,train
12928,train
87526,train
59906,train
94778,train
19722,train
76548,train
50209,train
58026,train
57362,train
97103,train
44255,train
74321,train
72769,train
98672,train
61480,train
98264,train
66322,train
89872,train
63077,train
74250,train
47754,train
60784,train
28715,train
62479,train
62827,train
2911,train
53050,train
20599,train
74043,train
93498,train
86510,train
30606,train
21824,train
17949,train
16076,train
43119,train
19804,train
51537,train
64165,train
33353,train
60279,train
25477,train
34457,train
79302,train
64599,train
43628,train
33285,train
29339,train
96569,train
35120,train
8519,train
32162,train
78094,train
34864,train
59082,train
49236,train
76645,train
47156,train
8070,train
3659,train
51267,train
38454,train
88568,train
632,train
28173,train
53611,train
83301,train
63413,train
42935,train
46011,train
63099,train
70461,train
12080,train
82693,train
76202,train
15591,train
80653,train
72252,train
32320,train
42940,train
259,train
59133,train
21729,train
49756,train
86921,train
58218,train
49456,train
9653,train
29394,train
43410,train
103,train
5921,train
74013,train
99571,train
9927,train
8217,train
86292,train
67824,train
12532,train
62047,train
19610,train
63126,train
64539,train
16065,train
81686,train
37625,train
21035,train
42396,train
47712,train
90070,train
13938,train
61442,train
74269,train
36468,train
65392,train
659,train
48242,train
72952,train
81653,train
60612,train
36163,train
25116,train
7755,train
54552,train
67046,train
21352,train
625,train
8684,train
40716,train
18021,train
34989,train
51901,train
58053,train
53322,train
72612,train
60466,train
16213,train
39074,train
46404,train
15609,train
13891,train
55688,train
61578,train
47704,train
85079,train
25313,train
52143,train
25752,train
4574,train
14636,train
41539,train
53113,train
7106,train
53168,train
57865,train
38642,train
16147,train
51484,train
75900,train
42853,train
10394,train
98888,train
66937,train
66837,train
2483,train
25334,train
22938,train
7386,train
64359,train
83332,train
19522,train
39921,train
59144,train
22649,train
27320,train
7880,train
31540,train
62396,train
62220,train
41086,train
26689,train
31247,train
20203,train
70600,train
48461,train
25170,train
71116,train
17114,train
30468,train
37607,train
43319,train
29735,train
18760,train
8471,train
38003,train
23568,train
45674,train
88464,train
93179,train
45958,train
83465,train
92755,train
37742,train
96381,train
61749,train
98634,train
76670,train
67979,train
71468,train
10465,train
34900,train
89663,train
41145,train
64417,train
39129,train
82189,train
86196,train
4687,train
67150,train
15541,train
19139,train
70639,train
88691,train
33329,train
68583,train
75091,train
5528,train
68008,train
45646,train
24608,train
23868,train
85961,train
81437,train
92151,train
99404,train
31352,train
87809,train
48993,train
52035,train
12857,train
29577,train
94546,train
28965,train
88495,train
61038,train
9067,train
2689,train
48351,train
10631,train
96849,train
75171,train
77200,train
86126,train
29697,train
19158,train
41628,train
70027,train
92264,train
19410,train
65338,train
68862,train
25808,train
60972,train
65500,train
61884,train
74434,train
35754,train
72100,train
28716,train
46420,train
32893,train
56690,train
84567,train
46815,train
10341,train
2140,train
63956,train
64878,train
42644,train
13264,train
69650,train
25627,train
25129,train
46321,train
50806,train
756,train
68943,train
60446,train
42369,train
27039,train
40041,train
78189,train
93524,train
22642,train
90952,train
42748,train
30354,train
99164,train
77392,train
10161,train
72387,train
85741,train
21590,train
63466,train
16153,train
31145,train
39361,train
83910,train
94109,train
12043,train
58963,train
82476,train
16571,train
25140,train
27063,train
75720,train
18552,train
21768,train
3735,train
62903,train
65904,train
71157,train
79460,train
64598,train
52644,train
52257,train
27771,train
72877,train
1749,train
31283,train
19299,train
76568,train
64964,train
73765,train
7150,train
28353,train
24699,train
24739,train
65992,train
71298,train
16447,train
27782,train
89779,train
24408,train
98386,train
96322,train
36270,train
71945,train
80134,train
69577,train
36684,train
40715,train
86215,train
77396,train
17682,train
41009,train
53463,train
6060,train
57563,train
31361,train
10524,train
40720,train
98577,train
72912,train
98165,train
17927,train
84978,train
91097,train
24800,train
64968,train
88240,train
97205,train
5739,train
19542,train
46246,train
84089,train
76907,train
23054,train
18728,train
759,train
10018,train
19209,train
50024,train
29862,train
93672,train
53923,train
63266,train
28581,train
34006,train
18147,train
20413,train
50916,train
91664,train
5045,train
60042,train
79594,train
25929,train
48385,train
416,train
23124,train
30075,train
96972,train
59465,train
95024,train
85906,train
70386,train
82286,train
31976,train
96705,train
66494,train
62859,train
90831,train
64566,train
45475,train
8994,train
32423,train
46475,train
68541,train
25114,train
43116,train
47782,train
90871,train
57480,train
27492,train
48941,train
44296,train
23245,train
62571,train
5958,train
30848,train
45281,train
78443,train
4469,train
49440,train
6215,train
20025,train
29622,train
83478,train
60108,train
60958,train
7022,train
77252,train
34732,train
6484,train
62014,train
36374,train
78010,train
25949,train
32537,train
46298,train
58580,train
48515,train
35907,train
47072,train
94342,train
63985,train
76019,train
2973,train
50150,train
29756,train
69465,train
96361,train
12490,train
35443,train
94187,train
211,train
88558,train
37076,train
14415,train
67494,train
19440,train
48719,train
25026,train
89238,train
71680,train
82275,train
320,train
50783,train
48152,train
17546,train
82967,train
28151,train
32304,train
48727,train
65638,train
23251,train
35180,train
30483,train
57360,train
36430,train
84256,train
45770,train
10421,train
42725,train
25123,train
79284,train
63333,train
78999,train
24604,train
34314,train
42451,train
82957,train
96362,train
46389,train
27888,train
40982,train
69267,train
36503,train
27814,train
82512,train
79563,train
43709,train
68228,train
13735,train
42225,train
26346,train
75150,train
85963,train
31615,train
66364,train
89833,train
97996,train
77739,train
20032,train
98921,train
1301,train
79674,train
17411,train
31774,train
7055,train
29126,train
85920,train
51944,train
13199,train
98207,train
65726,train
64155,train
86609,train
12005,train
99064,train
72939,train
26376,train
14133,train
76218,train
69843,train
28993,train
62401,train
6280,train
4290,train
47451,train
35271,train
53705,train
67174,train
39749,train
35829,train
10890,train
17862,train
13864,train
48370,train
42062,train
11768,train
53782,train
75248,train
7892,train
3142,train
94945,train
36689,train
15367,train
13114,train
23292,train
34518,train
12660,train
45194,train
13904,train
48318,train
30045,train
18299,train
79404,train
89173,train
252,train
7591,train
8424,train
78411,train
98475,train
93864,train
29848,train
53021,train
36037,train
60675,train
90720,train
69184,train
336,train
4375,train
68273,train
68779,train
91276,train
90858,train
63846,train
63192,train
23025,train
30364,train
8398,train
63944,train
98314,train
74328,train
21826,train
97093,train
7372,train
89444,train
97421,train
82892,train
12815,train
40731,train
21678,train
71678,train
69261,train
55612,train
31323,train
26105,train
60433,train
52226,train
96288,train
96671,train
55070,train
45014,train
41237,train
66005,train
40841,train
94527,train
25454,train
93013,train
32541,train
66203,train
12895,train
85670,train
89132,train
32373,train
36273,train
53468,train
76976,train
41735,train
41277,train
93967,train
72154,train
85088,train
49291,train
19302,train
63690,train
58412,train
62501,train
81754,train
41538,train
34410,train
64552,train
46848,train
4362,train
45298,train
43491,train
17552,train
90668,train
96865,train
81473,train
40421,train
12059,train
32448,train
67406,train
95487,train
63625,train
68657,train
66035,train
92482,train
14403,train
80234,train
41554,train
77843,train
96556,train
77820,train
35229,train
57596,train
17577,train
66262,train
3955,train
95680,train
6071,train
19464,train
34578,train
87079,train
75566,train
6458,train
31341,train
61632,train
26154,train
99201,train
61421,train
62878,train
22872,train
20772,train
3154,train
9494,train
80918,train
34398,train
26008,train
69371,train
94248,train
36911,train
79775,train
19360,train
73139,train
18863,train
24187,train
27456,train
53829,train
88504,train
57173,train
50111,train
18145,train
94412,train
85989,train
73764,train
90013,train
73225,train
65568,train
83602,train
59489,train
39354,train
79622,train
79804,train
71520,train
66719,train
61552,train
93515,train
34858,train
70866,train
2702,train
89981,train
37770,train
54487,train
97151,train
20014,train
71973,train
77082,train
77740,train
79842,train
52722,train
27573,train
13798,train
80083,train
31825,train
92496,train
48596,train
34563,train
68898,train
28143,train
7260,train
73116,train
62518,train
71640,train
73003,train
50066,train
79682,train
92085,train
58671,train
59930,train
18136,train
3369,train
1369,train
44082,train
9879,train
16018,train
87316,train
5081,train
59529,train
9947,train
78309,train
35260,train
26488,train
99454,train
99974,train
90161,train
12017,train
20031,train
81902,train
43213,train
82384,train
39382,train
5564,train
50777,train
78540,train
39261,train
60797,train
92803,train
64833,train
90908,train
49368,train
41473,train
1879,train
59210,train
77047,train
63597,train
5460,train
26121,train
89031,train
69004,train
30841,train
33798,train
86002,train
31582,train
95539,train
77115,train
37999,train
96452,train
71890,train
95649,train
59661,train
35305,train
48452,train
18333,train
55857,train
30850,train
9736,train
60855,train
32403,train
27276,train
50742,train
39338,train
93663,train
93951,train
58279,train
76307,train
91413,train
84525,train
47182,train
94909,train
19838,train
44182,train
52354,train
87351,train
17803,train
93873,train
55444,train
2835,train
13450,train
92462,train
14922,train
10226,train
67615,train
34436,train
48680,train
32008,train
63026,train
68201,train
36729,train
15986,train
60807,train
67263,train
96615,train
66251,train
46493,train
67870,train
26458,train
23615,train
8755,train
38092,train
49340,train
79611,train
17530,train
34678,train
23361,train
86223,train
33548,train
2482,train
19926,train
31003,train
47417,train
64538,train
2554,train
86932,train
42415,train
9216,train
5997,train
78493,train
61027,train
88725,train
26032,train
65282,train
500,train
93490,train
96623,train
39903,train
21365,train
58815,train
63082,train
50770,train
5186,train
82504,train
76380,train
84354,train
96340,train
93002,train
8585,train
63692,train
94312,train
14331,train
80520,train
63900,train
65111,train
40826,train
97613,train
93439,train
3329,train
23038,train
87279,train
63165,train
4468,train
91419,train
34154,train
73039,train
28739,train
39929,train
61514,train
74717,train
31163,train
79005,train
55892,train
35470,train
85474,train
54947,train
3501,train
79648,train
59494,train
80949,train
69790,train
53225,train
91806,train
79139,train
2266,train
39812,train
81192,train
32472,train
44327,train
65120,train
72281,train
88476,train
85644,train
91037,train
99836,train
15990,train
85577,train
50092,train
75988,train
21038,train
33893,train
12191,train
288,train
89575,train
14589,train
34405,train
80632,train
30556,train
71731,train
92276,train
50491,train
32582,train
38897,train
7390,train
98488,train
96797,train
47929,train
27661,train
1778,train
52145,train
75893,train
89156,train
86461,train
59979,train
74904,train
98301,train
93597,train
9292,train
17305,train
12787,train
71052,train
680,train
73446,train
79782,train
27639,train
6673,train
18061,train
93184,train
62715,train
99990,train
84162,train
36417,train
99534,train
69450,train
41358,train
49558,train
82763,train
20457,train
92896,train
45512,train
98844,train
32616,train
93834,train
51676,train
56564,train
27821,train
11118,train
99291,train
90501,train
29774,train
25658,train
56774,train
45890,train
81856,train
71311,train
45667,train
66691,train
31817,train
76115,train
19487,train
17105,train
39461,train
15903,train
57416,train
21163,train
55515,train
70179,train
98524,train
59515,train
8215,train
68934,train
48750,train
40427,train
69054,train
79667,train
63640,train
23685,train
5990,train
23060,train
9528,train
38502,train
10143,train
50465,train
6884,train
39436,train
1626,train
78090,train
41228,train
23517,train
70050,train
33600,train
81180,train
44543,train
99664,train
28489,train
75821,train
85314,train
55325,train
94222,train
22339,train
49412,train
92596,train
89653,train
37269,train
2347,train
46400,train
24448,train
32385,train
28188,train
62136,train
49713,train
82933,train
20900,train
8555,train
48689,train
53862,train
7257,train
68207,train
72932,train
10791,train
66121,train
80001,train
93375,train
19215,train
47176,train
63655,train
12128,train
67939,train
37917,train
41259,train
56127,train
5698,train
4117,train
39542,train
55802,train
82457,train
96596,train
78704,train
41219,train
42097,train
2476,train
84478,train
42717,train
51706,train
6223,train
13665,train
24053,train
51960,train
1838,train
84535,train
87057,train
890,train
65989,train
46795,train
10942,train
90896,train
79154,train
76473,train
86945,train
85690,train
39221,train
767,train
45077,train
16044,train
81396,train
69320,train
5515,train
17364,train
18426,train
72442,train
34924,train
18834,train
60330,train
20288,train
83619,train
88320,train
95692,train
43651,train
97780,train
75141,train
24443,train
96796,train
86694,train
79919,train
97484,train
85119,train
30569,train
79578,train
21483,train
23395,train
72463,train
29920,train
35282,train
39606,train
10768,train
50660,train
96150,train
51624,train
77654,train
48214,train
3503,train
13170,train
1439,train
10190,train
86270,train
18477,train
54793,train
56618,train
53386,train
24023,train
17766,train
42962,train
41430,train
76878,train
57956,train
45817,train
51500,train
77071,train
39445,train
79869,train
40881,train
10986,train
66724,train
5239,train
43864,train
51877,train
83150,train
17356,train
7496,train
44845,train
2046,train
38994,train
6083,train
1187,train
72045,train
19510,train
91095,train
93461,train
85909,train
44472,train
66990,train
31583,train
25085,train
39433,train
55122,train
14603,train
71152,train
62938,train
39272,train
99239,train
96952,train
75747,train
38809,train
27199,train
2379,train
1350,train
86064,train
41573,train
42002,train
12690,train
4013,train
23181,train
26067,train
40874,train
234,train
53341,train
98035,train
51619,train
2585,train
27776,train
54596,train
46283,train
42662,train
43387,train
34956,train
70530,train
38269,train
87780,train
86815,train
78637,train
28754,train
43739,train
4159,train
1393,train
6502,train
24644,train
25488,train
61108,train
48094,train
32102,train
57572,train
80453,train
25749,train
83298,train
34015,train
60422,train
16941,train
42279,train
82073,train
70722,train
53300,train
87483,train
38933,train
54837,train
38094,train
99203,train
20296,train
63364,train
92443,train
96977,train
68163,train
65492,train
34895,train
42979,train
3701,train
87717,train
48589,train
51635,train
81133,train
17112,train
9826,train
398,train
77169,train
58531,train
55419,train
65107,train
87462,train
21859,train
57319,train
41296,train
39142,train
43233,train
21524,train
41244,train
51906,train
16306,train
50080,train
23792,train
52060,train
79382,train
37114,train
75921,train
50887,train
69352,train
22577,train
58175,train
3715,train
89986,train
21087,train
64534,train
11902,train
51127,train
66377,train
91816,train
23155,train
90353,train
90237,train
31794,train
69674,train
24409,train
40752,train
75092,train
13656,train
18197,train
79083,train
52093,train
83882,train
29183,train
34862,train
18246,train
66727,train
84495,train
19584,train
6905,train
24842,train
21801,train
59931,train
59034,train
24159,train
39136,train
26532,train
64310,train
39789,train
56915,train
77243,train
93907,train
40466,train
14657,train
94835,train
3984,train
45608,train
32171,train
3676,train
52472,train
68786,train
24442,train
15157,train
49375,train
33336,train
53331,train
48505,train
58014,train
76523,train
28555,train
10483,train
30768,train
23883,train
53082,train
51414,train
50361,train
51823,train
9979,train
79063,train
63419,train
56175,train
68819,train
76210,train
38428,train
16633,train
18795,train
92250,train
12897,train
9811,train
97251,train
6095,train
60902,train
10225,train
48157,train
62829,train
1075,train
38549,train
13378,train
20970,train
32358,train
26531,train
79143,train
46060,train
72365,train
73304,train
33276,train
83711,train
14183,train
89526,train
81043,train
65558,train
99530,train
33699,train
97095,train
45762,train
32377,train
15145,train
96937,train
9131,train
73298,train
94906,train
42741,train
13261,train
14001,train
57963,train
59937,train
63057,train
33797,train
12283,train
73056,train
22674,train
97677,train
16809,train
29481,train
38430,train
63246,train
85624,train
3263,train
62751,train
7461,train
16966,train
55864,train
23876,train
46289,train
81140,train
81112,train
61106,train
92439,train
20688,train
3863,train
60059,train
38585,train
7331,train
97415,train
48701,train
97670,train
47578,train
66398,train
27830,train
45554,train
80734,train
94644,train
65871,train
93035,train
49188,train
46923,train
23048,train
78331,train
87389,train
61221,train
97099,train
5132,train
57760,train
39719,train
74677,train
66565,train
99391,train
74655,train
73580,train
28283,train
99081,train
68727,train
57142,train
28421,train
79164,train
10157,train
2219,train
49355,train
70170,train
93429,train
27581,train
41994,train
26252,train
75477,train
42714,train
20230,train
92836,train
31211,train
33506,train
57021,train
71488,train
10233,train
69600,train
33551,train
14003,train
31415,train
66974,train
3125,train
51429,train
8853,train
38013,train
32389,train
7576,train
77906,train
18293,train
28783,train
48176,train
67731,train
86741,train
66669,train
69759,train
38258,train
54257,train
36403,train
98546,train
35966,train
26318,train
98799,train
77493,train
10194,train
53133,train
13454,train
76909,train
38541,train
19581,train
23011,train
64562,train
51882,train
42218,train
21416,train
86879,train
49082,train
90910,train
91628,train
28075,train
6728,train
63480,train
93551,train
65245,train
14376,train
39199,train
92348,train
91908,train
13943,train
473,train
27192,train
80640,train
35800,train
28971,train
71257,train
79298,train
90554,train
72526,train
81260,train
49113,train
96001,train
6732,train
999,train
15202,train
90130,train
42759,train
43944,train
65447,train
8280,train
40503,train
23805,train
76245,train
7420,train
57529,train
47502,train
63859,train
75358,train
6255,train
90729,train
91411,train
15940,train
51976,train
82052,train
95075,train
12367,train
71886,train
82980,train
74444,train
59427,train
57895,train
27294,train
84249,train
32713,train
70262,train
80407,train
43501,train
18356,train
41362,train
96128,train
27271,train
43488,train
22633,train
75834,train
12225,train
82552,train
68926,train
80443,train
41741,train
80192,train
71296,train
75040,train
83605,train
15057,train
28671,train
93138,train
22010,train
64993,train
22870,train
97695,train
18792,train
21346,train
2200,train
4368,train
75923,train
28595,train
19736,train
3424,train
41035,train
725,train
96072,train
40662,train
34969,train
22321,train
74459,train
65617,train
91086,train
42483,train
38448,train
89308,train
75196,train
16140,train
69022,train
39104,train
19355,train
99731,train
58042,train
56810,train
57764,train
47854,train
11598,train
36741,train
36349,train
21255,train
74417,train
52175,train
40437,train
90812,train
36635,train
61508,train
86632,train
86608,train
73138,train
47421,train
27232,train
7590,train
32041,train
41416,train
94416,train
64334,train
89391,train
5569,train
42875,train
75266,train
92190,train
15018,train
39133,train
97705,train
88793,train
18933,train
27881,train
55813,train
43115,train
99226,train
922,train
67135,train
37062,train
30110,train
68334,train
93265,train
56340,train
56438,train
85414,train
12778,train
47166,train
38110,train
79041,train
71581,train
95198,train
10188,train
384,train
34909,train
42003,train
70176,train
83662,train
44667,train
58646,train
43250,train
9741,train
37893,train
19914,train
23645,train
19810,train
57537,train
39926,train
46930,train
33723,train
8649,train
23777,train
71292,train
50503,train
23905,train
26567,train
96140,train
16322,train
81894,train
61619,train
50599,train
53279,train
95686,train
18225,train
36129,train
44941,train
32949,train
63943,train
85331,train
11747,train
32048,train
33219,train
48335,train
15909,train
76883,train
74523,train
45598,train
88572,train
95525,train
25648,train
60613,train
56135,train
14373,train
55657,train
49211,train
59445,train
60935,train
85082,train
51480,train
60407,train
67495,train
19378,train
9991,train
95596,train
79481,train
85648,train
62315,train
73565,train
81097,train
6238,train
10713,train
26189,train
43108,train
79661,train
10867,train
47515,train
80092,train
14651,train
45877,train
54121,train
74592,train
36613,train
64447,train
30120,train
75654,train
18982,train
78003,train
82743,train
18221,train
44577,train
10928,train
42766,train
58436,train
82767,train
21950,train
70000,train
44424,train
81945,train
53633,train
2628,train
11200,train
28041,train
53857,train
37601,train
89518,train
20151,train
23950,train
3905,train
69999,train
85143,train
43407,train
96273,train
34585,train
82820,train
21455,train
58426,train
68459,train
85712,train
28289,train
51125,train
25515,train
22912,train
46771,train
62979,train
71800,train
32504,train
63428,train
69017,train
61134,train
15122,train
13301,train
77643,train
86841,train
88455,train
8857,train
36160,train
87728,train
73701,train
20459,train
8879,train
93887,train
50109,train
4321,train
83399,train
23189,train
59065,train
71513,train
9907,train
51808,train
86530,train
28658,train
3812,train
40867,train
84003,train
82509,train
6980,train
4663,train
25218,train
380,train
59666,train
63671,train
135,train
83528,train
73053,train
59935,train
58025,train
97485,train
46186,train
21400,train
11171,train
26882,train
41093,train
86082,train
55430,train
77350,train
12215,train
28654,train
51293,train
35032,train
96639,train
8714,train
51343,train
62780,train
63765,train
34317,train
17239,train
220,train
12840,train
45462,train
37966,train
94137,train
60187,train
34885,train
83932,train
96548,train
32256,train
78926,train
62671,train
55424,train
11303,train
87012,train
31623,train
46137,train
81076,train
30990,train
88942,train
74492,train
61697,train
50330,train
57600,train
37865,train
1710,train
92570,train
67048,train
86692,train
69620,train
88990,train
23299,train
4328,train
89711,train
74639,train
84828,train
99059,train
71745,train
89470,train
99508,train
11567,train
94713,train
23606,train
66163,train
89234,train
1798,train
20827,train
73059,train
78498,train
13259,train
22984,train
59554,train
20483,train
71875,train
49125,train
37243,train
49623,train
97785,train
20388,train
26271,train
57304,train
76326,train
75910,train
76629,train
12820,train
38476,train
14,train
97237,train
91061,train
62795,train
27647,train
47382,train
85120,train
19999,train
28446,train
76430,train
88887,train
24036,train
98770,train
2736,train
77800,train
81366,train
74890,train
28655,train
68795,train
95887,train
1440,train
15919,train
90727,train
45691,train
46177,train
7335,train
76364,train
47549,train
78597,train
26953,train
29832,train
24628,train
46086,train
32675,train
16528,train
42705,train
12671,train
99832,train
19253,train
90792,train
70515,train
95478,train
6757,train
59022,train
47743,train
76585,train
38251,train
54111,train
53832,train
30431,train
74642,train
27751,train
33292,train
10523,train
90774,train
91528,train
36458,train
23757,train
13263,train
7410,train
98160,train
27107,train
7850,train
45946,train
43117,train
74186,train
74303,train
30854,train
65809,train
72728,train
2860,train
71204,train
81394,train
23049,train
98305,train
29408,train
80950,train
33333,train
92463,train
98925,train
20082,train
25031,train
66422,train
91893,train
81807,train
24189,train
82035,train
86227,train
50670,train
70795,train
67149,train
65427,train
65912,train
10562,train
37715,train
23557,train
45999,train
39820,train
23662,train
15976,train
70006,train
44989,train
84434,train
49742,train
97655,train
5446,train
19231,train
69278,train
87969,train
40081,train
53176,train
29277,train
76565,train
92737,train
86690,train
60531,train
90805,train
29519,train
41433,train
6441,train
1591,train
7533,train
67217,train
580,train
8998,train
3065,train
36857,train
50727,train
60032,train
79733,train
11461,train
3196,train
78679,train
62708,train
55136,train
75592,train
50846,train
58192,train
54738,train
16758,train
65793,train
81676,train
58834,train
50620,train
51255,train
52124,train
34510,train
44788,train
62147,train
64467,train
27070,train
13073,train
67516,train
38855,train
37691,train
78998,train
39834,train
76752,train
32781,train
14816,train
98008,train
42659,train
6582,train
15103,train
53790,train
78172,train
2966,train
37630,train
31811,train
92586,train
46867,train
52082,train
27552,train
39824,train
96060,train
60557,train
58670,train
4039,train
91208,train
98632,train
26224,train
96008,train
13860,train
89498,train
56151,train
26159,train
22749,train
76868,train
35082,train
13335,train
30812,train
43733,train
30112,train
3379,train
67283,train
80026,train
88702,train
30226,train
80121,train
75376,train
36410,train
79135,train
37660,train
93843,train
53170,train
52262,train
33744,train
87704,train
94236,train
23929,train
29965,train
13892,train
36139,train
96861,train
97574,train
58612,train
93342,train
81170,train
5068,train
30683,train
40246,train
79730,train
16022,train
10205,train
7477,train
97247,train
87831,train
32069,train
20167,train
40930,train
82136,train
8026,train
11716,train
62846,train
65785,train
75621,train
30197,train
90740,train
34238,train
30883,train
71527,train
95086,train
51930,train
62578,train
27279,train
8187,train
11925,train
40999,train
72286,train
51026,train
67822,train
76147,train
48782,train
78273,train
70071,train
39579,train
95740,train
37214,train
61081,train
5787,train
46632,train
16859,train
66725,train
61467,train
39363,train
60893,train
9390,train
27598,train
79771,train
71537,train
35244,train
96168,train
72811,train
78163,train
90168,train
74554,train
50099,train
18909,train
842,train
12269,train
26592,train
75256,train
47239,train
69473,train
563,train
50492,train
41396,train
78217,train
37034,train
37261,train
63354,train
95106,train
39560,train
50820,train
88485,train
86258,train
31907,train
5818,train
51910,train
72950,train
68038,train
34623,train
2182,train
11388,train
77628,train
79723,train
66714,train
74514,train
40936,train
91078,train
33108,train
98710,train
3556,train
35965,train
93077,train
38648,train
17385,train
1273,train
81011,train
81824,train
42827,train
73644,train
96604,train
56732,train
56475,train
10737,train
93620,train
30859,train
52425,train
14664,train
14796,train
231,train
50135,train
11201,train
36998,train
85973,train
71415,train
82446,train
73820,train
13593,train
96833,train
18087,train
1545,train
86138,train
34931,train
90597,train
66323,train
14368,train
80542,train
18167,train
24809,train
92733,train
58130,train
77097,train
8113,train
22056,train
74616,train
86407,train
65666,train
38557,train
52665,train
70271,train
91521,train
39005,train
13636,train
19433,train
26158,train
46166,train
12500,train
34114,train
72835,train
43778,train
42992,train
50097,train
89919,train
8340,train
74377,train
15344,train
2616,train
45571,train
1744,train
70004,train
58421,train
70604,train
61323,train
43489,train
31270,train
92661,train
28636,train
92430,train
8029,train
12472,train
47377,train
24531,train
22494,train
67496,train
46868,train
70864,train
43025,train
26459,train
46992,train
67362,train
34024,train
55611,train
57588,train
44415,train
70914,train
72142,train
82242,train
4288,train
44400,train
28388,train
20134,train
46980,train
9479,train
6313,train
49731,train
39711,train
57506,train
38884,train
74914,train
22433,train
5213,train
84802,train
75043,train
60530,train
9640,train
11526,train
451,train
81234,train
74574,train
37340,train
80308,train
82673,train
7082,train
58937,train
6311,train
88965,train
87271,train
87686,train
79604,train
33793,train
57792,train
58693,train
59108,train
79959,train
9311,train
67846,train
80254,train
24707,train
57737,train
4397,train
13660,train
180,train
14662,train
97516,train
46792,train
25294,train
64970,train
76950,train
30219,train
53861,train
82297,train
39177,train
11856,train
69659,train
2384,train
14529,train
57693,train
89756,train
95662,train
16319,train
70800,train
77490,train
71132,train
98637,train
51183,train
28391,train
78117,train
65288,train
89469,train
28527,train
8860,train
70785,train
63198,train
41216,train
58789,train
48198,train
86761,train
53479,train
53216,train
81256,train
73487,train
37802,train
67511,train
55874,train
23101,train
37635,train
78772,train
33524,train
69549,train
10450,train
79844,train
84161,train
29045,train
3345,train
97030,train
33759,train
21071,train
97963,train
29027,train
31766,train
48354,train
73657,train
447,train
39403,train
35034,train
46306,train
91030,train
32221,train
90052,train
50309,train
60913,train
94027,train
58049,train
76419,train
22045,train
95616,train
59261,train
92279,train
1278,train
5887,train
71998,train
37779,train
40264,train
2113,train
60584,train
61669,train
8905,train
99264,train
51625,train
18859,train
42770,train
38046,train
33692,train
26049,train
21452,train
7020,train
90367,train
76184,train
63784,train
21427,train
82886,train
77036,train
2340,train
45083,train
2826,train
51459,train
57513,train
2878,train
12111,train
13988,train
21165,train
82731,train
43540,train
30004,train
60089,train
48705,train
42306,train
90196,train
80809,train
48825,train
84522,train
51495,train
6032,train
53618,train
55811,train
61922,train
91462,train
46560,train
87799,train
92201,train
69779,train
16573,train
26818,train
6237,train
33419,train
70246,train
51121,train
79990,train
30994,train
69769,train
94980,train
49964,train
41595,train
44142,train
93341,train
52133,train
11794,train
52925,train
41967,train
9084,train
76609,train
75535,train
36051,train
20273,train
60979,train
39556,train
30339,train
55091,train
88597,train
29285,train
75770,train
7527,train
76294,train
24597,train
67074,train
63117,train
1711,train
35719,train
96824,train
50490,train
35921,train
78113,train
98935,train
95711,train
82590,train
15828,train
13133,train
89925,train
33231,train
89662,train
89404,train
8221,train
2009,train
88806,train
84866,train
97528,train
84976,train
41194,train
32644,train
28117,train
7657,train
95136,train
78866,train
52399,train
72300,train
48986,train
14785,train
48075,train
3733,train
59858,train
5848,train
42402,train
50713,train
6513,train
40218,train
57696,train
97096,train
75257,train
60786,train
58891,train
15073,train
56788,train
24865,train
8067,train
19936,train
50470,train
72368,train
37553,train
61132,train
85860,train
81138,train
56465,train
27748,train
23484,train
30577,train
53697,train
57420,train
64929,train
20255,train
39811,train
54118,train
89087,train
78847,train
24219,train
50255,train
70886,train
37851,train
97495,train
40324,train
4649,train
89574,train
51400,train
89606,train
99557,train
26281,train
56766,train
96200,train
32190,train
85290,train
37292,train
28888,train
16569,train
28015,train
55385,train
31523,train
70761,train
6220,train
49939,train
1071,train
50843,train
1258,train
26443,train
58711,train
52547,train
64230,train
85423,train
33992,train
6418,train
68904,train
39278,train
92040,train
25326,train
79112,train
36874,train
29447,train
1793,train
20006,train
69720,train
9305,train
82647,train
74373,train
36413,train
67153,train
26904,train
95574,train
49688,train
17371,train
25111,train
27090,train
68246,train
72106,train
88232,train
44029,train
43,train
72753,train
83639,train
86593,train
7835,train
87853,train
17008,train
41732,train
18651,train
8089,train
82586,train
97433,train
65660,train
9179,train
36594,train
14927,train
51626,train
30036,train
34470,train
30262,train
75714,train
53813,train
69067,train
83576,train
92417,train
50645,train
7297,train
39589,train
7900,train
83792,train
39235,train
69213,train
94173,train
15630,train
15350,train
78842,train
81342,train
90402,train
91376,train
40072,train
69536,train
63601,train
87499,train
4354,train
70562,train
60727,train
42185,train
55687,train
83801,train
30584,train
43022,train
67707,train
9610,train
71466,train
73602,train
23613,train
61764,train
89968,train
42674,train
65757,train
48904,train
92983,train
85360,train
31961,train
89058,train
62227,train
60724,train
41528,train
23192,train
1304,train
48455,train
95454,train
66429,train
13842,train
59533,train
26071,train
41823,train
59566,train
23689,train
95067,train
443,train
47416,train
84180,train
61272,train
61490,train
5835,train
72388,train
99719,train
92594,train
4522,train
46755,train
55018,train
99194,train
67124,train
96881,train
65175,train
25231,train
65352,train
24515,train
70101,train
49580,train
37968,train
47932,train
87803,train
9823,train
22826,train
72220,train
92877,train
9191,train
83436,train
75663,train
17565,train
1896,train
62640,train
2823,train
57823,train
71310,train
45918,train
78686,train
25555,train
10923,train
30610,train
12201,train
78611,train
12143,train
81033,train
35170,train
52825,train
48292,train
1501,train
23607,train
95611,train
1992,train
69470,train
35442,train
45377,train
5819,train
73226,train
14013,train
84648,train
33474,train
61799,train
82794,train
64364,train
29451,train
85361,train
87241,train
73885,train
18323,train
59525,train
44035,train
94074,train
52725,train
48140,train
38050,train
69516,train
93871,train
61454,train
21138,train
42193,train
39054,train
50762,train
58389,train
362,train
38858,train
69127,train
81460,train
61501,train
7676,train
52094,train
24356,train
7996,train
38173,train
14593,train
11883,train
51403,train
37565,train
69991,train
39375,train
99044,train
18376,train
10342,train
41519,train
20510,train
356,train
93900,train
86790,train
20773,train
9605,train
72567,train
77255,train
84914,train
59047,train
90349,train
87946,train
99560,train
90374,train
83342,train
69857,train
85806,train
7717,train
1514,train
75182,train
34645,train
98492,train
39333,train
29898,train
52768,train
59732,train
84408,train
62577,train
224,train
76975,train
7678,train
79800,train
85672,train
83373,train
67457,train
85974,train
65400,train
50129,train
33521,train
15740,train
35822,train
38425,train
5146,train
69162,train
24446,train
76130,train
93419,train
4926,train
98049,train
78570,train
22087,train
94771,train
3489,train
51556,train
70545,train
94773,train
44661,train
53490,train
98609,train
76989,train
24294,train
40232,train
86243,train
66439,train
97876,train
56978,train
88935,train
55163,train
5658,train
68962,train
52292,train
72860,train
70734,train
65607,train
14496,train
16125,train
60387,train
62803,train
29303,train
25829,train
13826,train
97085,train
74910,train
16833,train
49121,train
84863,train
41723,train
26744,train
98869,train
9047,train
59606,train
70255,train
33067,train
2574,train
55731,train
92073,train
30126,train
42586,train
4571,train
75571,train
69256,train
37026,train
86867,train
17456,train
7596,train
2000,train
2725,train
4010,train
65472,train
27579,train
25112,train
60794,train
80047,train
57209,train
64949,train
38388,train
76273,train
41783,train
42377,train
34420,train
3840,train
95640,train
38299,train
97289,train
74306,train
31712,train
99527,train
29251,train
83179,train
6040,train
35196,train
94420,train
22274,train
64254,train
74425,train
83360,train
59424,train
4666,train
58152,train
57709,train
59448,train
3884,train
68988,train
87063,train
76678,train
99380,train
95125,train
80888,train
25340,train
53506,train
64694,train
56822,train
26492,train
69595,train
61156,train
57391,train
36810,train
16236,train
58889,train
9518,train
13388,train
31576,train
30310,train
51096,train
73115,train
49240,train
9240,train
67940,train
84428,train
2315,train
9201,train
47505,train
28929,train
98392,train
62372,train
19921,train
33427,train
66793,train
7971,train
61166,train
91729,train
99535,train
54634,train
45757,train
15994,train
58179,train
89392,train
28103,train
52903,train
92931,train
39768,train
60317,train
64445,train
97294,train
66111,train
75316,train
63565,train
21072,train
26369,train
3056,train
86590,train
20923,train
67365,train
76297,train
59684,train
5336,train
10106,train
71942,train
78773,train
38887,train
39095,train
19164,train
99814,train
7416,train
36703,train
74486,train
80803,train
94081,train
58674,train
45175,train
39772,train
35785,train
74146,train
90930,train
75815,train
50341,train
52981,train
87105,train
87647,train
87793,train
68636,train
76490,train
48079,train
90434,train
52140,train
63713,train
55691,train
65811,train
25014,train
8620,train
5419,train
73238,train
19093,train
45869,train
56268,train
45595,train
32867,train
23829,train
64946,train
64263,train
62206,train
17154,train
71749,train
70616,train
30834,train
45750,train
54459,train
47213,train
81597,train
45866,train
34780,train
26610,train
42315,train
53362,train
38596,train
6369,train
29464,train
41131,train
22990,train
85418,train
32947,train
70644,train
53278,train
58497,train
88266,train
31085,train
44321,train
99129,train
95164,train
99967,train
99455,train
7672,train
68611,train
72307,train
52736,train
40618,train
84913,train
42157,train
66726,train
55074,train
20598,train
31742,train
38477,train
50875,train
47024,train
12008,train
39055,train
80882,train
8421,train
66396,train
76304,train
61178,train
30309,train
16238,train
34310,train
86846,train
91574,train
1335,train
62364,train
83754,train
76179,train
15489,train
92374,train
42960,train
94474,train
28119,train
29475,train
56495,train
77979,train
20797,train
45761,train
26800,train
90796,train
62805,train
73369,train
11352,train
29683,train
14755,train
74064,train
2946,train
77309,train
38436,train
13128,train
51038,train
84529,train
47351,train
8248,train
14862,train
58021,train
58896,train
53888,train
13473,train
13769,train
76413,train
89393,train
15204,train
92763,train
61469,train
43507,train
37174,train
44038,train
17547,train
28598,train
77819,train
89369,train
1520,train
73135,train
56554,train
4753,train
63698,train
15019,train
96174,train
96820,train
82757,train
41457,train
12444,train
84630,train
51182,train
48167,train
89830,train
32457,train
81191,train
61863,train
55809,train
91510,train
65818,train
27079,train
71409,train
9437,train
80765,train
72278,train
39817,train
99464,train
39367,train
31362,train
39935,train
3766,train
57395,train
28466,train
87998,train
12510,train
14720,train
73230,train
98771,train
53411,train
17233,train
91872,train
21485,train
46574,train
53591,train
95488,train
13808,train
58596,train
19442,train
58550,train
39933,train
32339,train
17815,train
49179,train
21891,train
83534,train
42551,train
21732,train
49595,train
21520,train
49950,train
84984,train
50158,train
64853,train
77384,train
51907,train
33783,train
6034,train
85621,train
36654,train
81775,train
75185,train
56685,train
28323,train
69397,train
3173,train
38024,train
36493,train
51221,train
38598,train
85177,train
47093,train
13689,train
19122,train
57830,train
41581,train
49471,train
33724,train
48673,train
46887,train
2729,train
27539,train
92910,train
57239,train
95613,train
24345,train
75824,train
61535,train
74726,train
48875,train
77363,train
8800,train
2863,train
67062,train
25842,train
64306,train
92964,train
44479,train
62078,train
15159,train
41304,train
24132,train
73796,train
27260,train
68477,train
43139,train
2782,train
12663,train
51527,train
34333,train
15272,train
72360,train
10943,train
11062,train
48009,train
15538,train
10666,train
50501,train
8131,train
59961,train
44522,train
25553,train
70660,train
89269,train
10453,train
64941,train
5334,train
80082,train
23230,train
26514,train
11331,train
92074,train
56215,train
60013,train
72803,train
83840,train
12378,train
69813,train
18758,train
61239,train
88057,train
43468,train
3969,train
57148,train
26321,train
8390,train
14324,train
68211,train
60438,train
64466,train
88041,train
2459,train
84345,train
94802,train
81728,train
35946,train
75903,train
91421,train
42743,train
34726,train
56075,train
26237,train
73802,train
87837,train
50957,train
324,train
89458,train
40534,train
44001,train
43113,train
85605,train
20967,train
86191,train
90179,train
46474,train
77872,train
91108,train
73128,train
54936,train
63410,train
81082,train
6033,train
72197,train
81071,train
20587,train
23823,train
49219,train
82551,train
2153,train
46269,train
6417,train
30162,train
61497,train
70314,train
16924,train
3152,train
58679,train
5118,train
99228,train
44518,train
17935,train
9051,train
89374,train
78436,train
69851,train
1918,train
30552,train
24329,train
26500,train
55531,train
42686,train
67597,train
56954,train
24188,train
3557,train
41965,train
65405,train
54966,train
6993,train
95399,train
15479,train
35608,train
22697,train
62188,train
71340,train
34291,train
67416,train
93423,train
38829,train
1206,train
56829,train
9691,train
95088,train
76197,train
84692,train
61164,train
39546,train
16622,train
32926,train
1536,train
24196,train
50052,train
38576,train
91717,train
55675,train
57007,train
88507,train
59044,train
28357,train
1530,train
31522,train
2699,train
69344,train
67926,train
30555,train
46750,train
40500,train
91019,train
59122,train
12643,train
34119,train
25536,train
48647,train
76201,train
88641,train
56464,train
24262,train
32801,train
64879,train
46688,train
28262,train
32697,train
17253,train
5563,train
59987,train
13108,train
27477,train
50374,train
21809,train
59313,train
18040,train
80361,train
79839,train
92792,train
26878,train
70417,train
9669,train
29753,train
62645,train
54415,train
43660,train
40177,train
85130,train
57171,train
1825,train
17267,train
36428,train
53727,train
87380,train
52388,train
77857,train
42614,train
69092,train
73358,train
85146,train
1616,train
88904,train
49499,train
20588,train
75861,train
44290,train
39718,train
51078,train
74697,train
31883,train
22942,train
26323,train
49789,train
16111,train
82006,train
75269,train
45307,train
75333,train
21656,train
32035,train
17287,train
47460,train
83376,train
84560,train
28772,train
42914,train
30534,train
70979,train
41010,train
2246,train
37771,train
94437,train
53855,train
74374,train
43012,train
82511,train
64663,train
38301,train
39068,train
71056,train
79438,train
49996,train
86967,train
98401,train
65672,train
27630,train
33669,train
48255,train
39865,train
41953,train
96686,train
11983,train
92398,train
28516,train
13532,train
83166,train
11039,train
59301,train
17391,train
79505,train
70109,train
80159,train
96243,train
72230,train
53914,train
74421,train
56670,train
73704,train
57647,train
63589,train
28575,train
93579,train
60221,train
50703,train
69064,train
71266,train
6464,train
87566,train
30960,train
65092,train
95575,train
230,train
33710,train
18621,train
13039,train
52137,train
88785,train
61215,train
20960,train
47408,train
77007,train
87017,train
8547,train
11466,train
98715,train
6698,train
56577,train
10521,train
52024,train
38106,train
65474,train
92191,train
70718,train
24816,train
51774,train
89049,train
54420,train
68579,train
21723,train
84911,train
21584,train
31327,train
74479,train
86703,train
54878,train
60504,train
84133,train
75839,train
22304,train
67527,train
60776,train
53319,train
92500,train
49873,train
41193,train
13523,train
41092,train
28051,train
49313,train
77783,train
8326,train
63905,train
75789,train
23920,train
68969,train
72288,train
53936,train
35277,train
38093,train
19764,train
34390,train
65169,train
80151,train
67133,train
71629,train
81559,train
44227,train
97249,train
4350,train
23383,train
27863,train
41627,train
83776,train
49663,train
13293,train
24457,train
14436,train
26057,train
52868,train
5335,train
31955,train
10386,train
66254,train
7349,train
92667,train
22050,train
87457,train
15295,train
4185,train
1434,train
40912,train
55931,train
99293,train
89452,train
67938,train
19274,train
29306,train
78086,train
59484,train
54018,train
2868,train
94770,train
85541,train
52735,train
18394,train
8861,train
14562,train
60831,train
31316,train
35807,train
68304,train
74153,train
82377,train
45064,train
25857,train
92008,train
90419,train
77004,train
92615,train
26068,train
19778,train
43307,train
32124,train
14195,train
57849,train
36346,train
64527,train
71918,train
81575,train
89407,train
66686,train
30328,train
96754,train
40123,train
20083,train
63899,train
69483,train
3653,train
95562,train
14681,train
30571,train
93125,train
46183,train
77459,train
37878,train
59480,train
52679,train
49507,train
56873,train
24093,train
72258,train
10283,train
3656,train
87304,train
30572,train
22134,train
36510,train
32438,train
4281,train
17307,train
6493,train
78352,train
94869,train
67359,train
55058,train
98184,train
76767,train
5067,train
51598,train
69433,train
54551,train
21958,train
82890,train
69562,train
51790,train
1986,train
58332,train
21181,train
80265,train
71638,train
86489,train
20899,train
1958,train
55954,train
43666,train
13280,train
96202,train
26635,train
36226,train
35881,train
56335,train
92100,train
65179,train
54782,train
6707,train
60278,train
35649,train
35464,train
5155,train
56428,train
95504,train
99639,train
3917,train
15251,train
11943,train
33839,train
24136,train
75949,train
82488,train
48892,train
6879,train
74266,train
93823,train
92868,train
84304,train
62890,train
83929,train
80020,train
9614,train
34890,train
7660,train
47913,train
76236,train
90897,train
77227,train
65945,train
9703,train
39297,train
75599,train
93382,train
48615,train
55413,train
16918,train
95277,train
4623,train
14273,train
57924,train
22088,train
67387,train
52439,train
96907,train
5100,train
55603,train
24228,train
66499,train
37633,train
16892,train
83136,train
26631,train
62198,train
56671,train
78855,train
20768,train
72795,train
20667,train
77996,train
83533,train
74625,train
50500,train
95472,train
16565,train
93825,train
458,train
79133,train
82471,train
79489,train
43907,train
948,train
79726,train
55086,train
65034,train
82719,train
25484,train
66382,train
40785,train
25734,train
58342,train
33512,train
12823,train
42096,train
14225,train
46375,train
99536,train
16944,train
98229,train
77275,train
2551,train
2558,train
75428,train
43751,train
65214,train
70247,train
46142,train
22754,train
51350,train
75140,train
61758,train
60334,train
45935,train
23126,train
76704,train
38768,train
59271,train
330,train
30822,train
43101,train
92691,train
87061,train
163,train
32999,train
887,train
90401,train
95512,train
52858,train
48463,train
20828,train
69026,train
98686,train
29130,train
3940,train
20252,train
57160,train
71134,train
71517,train
18857,train
52283,train
79275,train
50579,train
23369,train
41626,train
47158,train
77157,train
24681,train
95993,train
93283,train
54039,train
30301,train
6443,train
34586,train
77249,train
21535,train
75622,train
86086,train
47646,train
89305,train
60382,train
65000,train
45167,train
1244,train
14911,train
94796,train
29945,train
16084,train
32245,train
35389,train
93108,train
66865,train
90650,train
44586,train
93796,train
10123,train
82624,train
17238,train
32114,train
13493,train
54527,train
30794,train
46395,train
22347,train
37850,train
55326,train
72565,train
95688,train
62641,train
87553,train
796,train
79837,train
51427,train
72996,train
34395,train
47092,train
95806,train
29028,train
42494,train
27940,train
34494,train
16546,train
58371,train
7849,train
83257,train
13447,train
47383,train
15552,train
13299,train
45425,train
1510,train
66223,train
76700,train
22202,train
98752,train
88189,train
77092,train
35996,train
76080,train
92853,train
12066,train
39188,train
9028,train
44108,train
31750,train
82771,train
2004,train
60100,train
1815,train
79221,train
83006,train
21040,train
75774,train
61485,train
21548,train
91659,train
23379,train
67701,train
14628,train
73908,train
375,train
58878,train
53077,train
12729,train
94468,train
48347,train
66002,train
61566,train
6773,train
86224,train
55869,train
66807,train
54400,train
90689,train
11569,train
38164,train
68663,train
3384,train
2417,train
80337,train
93218,train
85128,train
95882,train
85424,train
66278,train
42487,train
35085,train
72346,train
70781,train
6353,train
20030,train
21569,train
86073,train
67990,train
71861,train
29256,train
12486,train
51276,train
24726,train
50362,train
48166,train
23972,train
82675,train
89590,train
62566,train
52657,train
87033,train
43453,train
86498,train
9824,train
58866,train
29079,train
41744,train
38537,train
59504,train
64274,train
57937,train
55196,train
39694,train
60155,train
5006,train
48007,train
27209,train
22981,train
53784,train
7547,train
26986,train
388,train
37377,train
19168,train
46270,train
77565,train
63534,train
59397,train
24930,train
53670,train
88278,train
75527,train
34860,train
90393,train
77336,train
29181,train
61698,train
279,train
40108,train
31012,train
3504,train
29732,train
54588,train
57842,train
96031,train
4622,train
78084,train
19589,train
33683,train
93790,train
53588,train
8704,train
69954,train
63862,train
98543,train
7053,train
34409,train
99975,train
30924,train
46774,train
22165,train
96078,train
99303,train
43220,train
43716,train
86521,train
79151,train
62341,train
70353,train
69692,train
53313,train
91675,train
25308,train
31597,train
48358,train
62301,train
49618,train
63860,train
46789,train
12588,train
54907,train
53966,train
53481,train
1919,train
77486,train
11083,train
55366,train
83706,train
44191,train
9671,train
84673,train
21441,train
71184,train
67749,train
94916,train
97473,train
5471,train
49710,train
98728,train
99163,train
59812,train
60693,train
12417,train
11218,train
65509,train
51358,train
81689,train
84667,train
15801,train
13326,train
41325,train
18278,train
1323,train
71709,train
97470,train
89052,train
98893,train
42864,train
67287,train
98589,train
82618,train
52450,train
34051,train
93914,train
8664,train
57292,train
10525,train
71677,train
80287,train
20309,train
99258,train
46994,train
6663,train
42692,train
72675,train
74987,train
78235,train
51468,train
53079,train
11919,train
89888,train
88100,train
63055,train
31052,train
50226,train
62204,train
22562,train
18761,train
35696,train
14723,train
34459,train
56117,train
48501,train
83289,train
1968,train
69304,train
37709,train
75384,train
74011,train
17416,train
43415,train
68492,train
86464,train
56781,train
62729,train
62862,train
3989,train
54173,train
24669,train
65004,train
5393,train
66378,train
31407,train
30282,train
23652,train
71694,train
80006,train
21598,train
57208,train
33317,train
58819,train
3281,train
96287,train
62349,train
98216,train
94477,train
79623,train
10601,train
35142,train
27741,train
61645,train
67407,train
73060,train
12988,train
38160,train
16615,train
91350,train
15368,train
94305,train
45719,train
4743,train
43696,train
15418,train
68679,train
63060,train
373,train
4129,train
42101,train
75927,train
25022,train
75492,train
94715,train
50422,train
52526,train
99492,train
54724,train
74346,train
30810,train
87259,train
65973,train
10142,train
95266,train
86103,train
7021,train
88543,train
68952,train
59428,train
91145,train
50858,train
40939,train
43535,train
79740,train
47253,train
29908,train
8637,train
89294,train
23601,train
32222,train
87333,train
983,train
7001,train
23784,train
16970,train
30551,train
92937,train
13136,train
82604,train
36814,train
49262,train
19802,train
22082,train
7663,train
49441,train
95424,train
10777,train
52327,train
45755,train
47946,train
91672,train
66916,train
33860,train
25999,train
71277,train
25879,train
60554,train
63881,train
85192,train
21377,train
97063,train
14697,train
91736,train
85075,train
16873,train
78784,train
20064,train
61570,train
98575,train
37383,train
3344,train
54465,train
93005,train
82387,train
63674,train
2159,train
6472,train
47513,train
61362,train
2276,train
32812,train
15743,train
30265,train
53317,train
56708,train
27361,train
23495,train
80167,train
94984,train
30802,train
66549,train
4777,train
16518,train
77610,train
54446,train
6989,train
28855,train
82150,train
16217,train
58751,train
39240,train
30214,train
29314,train
40754,train
82670,train
22139,train
58777,train
69242,train
91935,train
86201,train
27305,train
11609,train
79432,train
8285,train
37571,train
71533,train
78051,train
4643,train
31630,train
33390,train
26832,train
53946,train
29751,train
97609,train
88977,train
66731,train
52393,train
34600,train
53612,train
26138,train
2157,train
11174,train
54281,train
71128,train
65322,train
61510,train
50009,train
79325,train
81695,train
94254,train
95637,train
47775,train
70202,train
91910,train
65207,train
69228,train
79614,train
2019,train
94270,train
59837,train
90299,train
4816,train
65857,train
42730,train
72722,train
18594,train
28288,train
82491,train
63564,train
51075,train
57564,train
58765,train
29462,train
65349,train
8821,train
69442,train
15565,train
25518,train
87422,train
58576,train
7474,train
77547,train
66526,train
19971,train
91363,train
1336,train
11698,train
31702,train
76667,train
4470,train
7282,train
50144,train
47718,train
12947,train
78254,train
26717,train
71579,train
3401,train
1380,train
53339,train
60961,train
48559,train
27460,train
28535,train
55286,train
5847,train
42929,train
72226,train
10367,train
46734,train
80210,train
34817,train
67924,train
22378,train
58755,train
93247,train
36630,train
95309,train
80207,train
60659,train
716,train
70206,train
8176,train
50832,train
75863,train
58920,train
64145,train
18559,train
82294,train
3908,train
869,train
6519,train
24432,train
31186,train
85931,train
84795,train
37474,train
66623,train
28470,train
93985,train
39944,train
96825,train
11320,train
68666,train
50220,train
23420,train
43085,train
81813,train
53072,train
12114,train
66336,train
89497,train
73306,train
34621,train
87004,train
97585,train
60004,train
53112,train
57657,train
85530,train
45563,train
80906,train
45710,train
52788,train
15354,train
5208,train
58949,train
68236,train
71097,train
79560,train
24459,train
47381,train
17200,train
10251,train
97629,train
59699,train
49098,train
40808,train
481,train
24856,train
52021,train
31182,train
56094,train
41640,train
55071,train
13612,train
87399,train
36637,train
14709,train
63491,train
93981,train
59051,train
96487,train
48097,train
26639,train
95518,train
37024,train
31187,train
11319,train
56488,train
4906,train
2812,train
638,train
24231,train
10305,train
96110,train
35191,train
27287,train
15614,train
11374,train
33124,train
92232,train
12585,train
95442,train
5991,train
47810,train
23252,train
40988,train
95081,train
68337,train
78386,train
87657,train
12935,train
17890,train
43993,train
35768,train
35378,train
9161,train
12554,train
73856,train
23264,train
30898,train
64305,train
17405,train
11820,train
53272,train
55807,train
75288,train
14614,train
44193,train
94785,train
99679,train
55184,train
31786,train
65195,train
75828,train
47519,train
83469,train
815,train
13035,train
10447,train
43688,train
50441,train
10125,train
92454,train
58347,train
73259,train
6079,train
93596,train
70701,train
12908,train
10613,train
73788,train
33481,train
11341,train
27768,train
16262,train
34022,train
25790,train
2524,train
13163,train
1177,train
55140,train
50663,train
52493,train
40636,train
6376,train
30423,train
29385,train
80687,train
94250,train
78518,train
98274,train
900,train
77494,train
66779,train
11506,train
66580,train
38909,train
93671,train
39851,train
88396,train
33464,train
23788,train
79230,train
87059,train
86729,train
7281,train
44545,train
8933,train
34178,train
34120,train
37375,train
86748,train
91255,train
57750,train
76577,train
2721,train
98616,train
29605,train
44527,train
5894,train
67706,train
37504,train
72386,train
25716,train
93949,train
66594,train
42263,train
20905,train
9190,train
65177,train
93479,train
38381,train
69561,train
83960,train
97034,train
19862,train
39147,train
89075,train
6422,train
83937,train
44295,train
14340,train
96899,train
15675,train
22117,train
26251,train
35909,train
75870,train
5411,train
91844,train
64043,train
99421,train
83195,train
92714,train
58272,train
74348,train
62580,train
15516,train
31244,train
33126,train
13565,train
69859,train
1032,train
30388,train
1441,train
60380,train
69518,train
64734,train
21241,train
47612,train
66970,train
13025,train
68084,train
38389,train
65165,train
33064,train
42720,train
69850,train
87375,train
10223,train
8656,train
4286,train
41757,train
78751,train
21633,train
61244,train
59857,train
82267,train
30313,train
44464,train
36511,train
48507,train
31249,train
60090,train
22917,train
20362,train
4308,train
48085,train
68847,train
66180,train
83053,train
22975,train
68023,train
48489,train
46457,train
48970,train
27806,train
40586,train
27793,train
53615,train
9880,train
12817,train
16145,train
46014,train
34294,train
22512,train
27523,train
16350,train
59805,train
51046,train
78505,train
8050,train
39120,train
90272,train
60388,train
60026,train
22453,train
29104,train
17511,train
53518,train
90499,train
36199,train
66222,train
39728,train
99755,train
10164,train
44312,train
87862,train
6946,train
67035,train
65781,train
9264,train
89767,train
42334,train
62011,train
60617,train
95946,train
33633,train
1945,train
3077,train
21214,train
46503,train
51879,train
76469,train
52985,train
78617,train
10505,train
133,train
30563,train
86473,train
47124,train
19609,train
82478,train
38592,train
45972,train
63136,train
21990,train
70880,train
5728,train
43298,train
66257,train
89494,train
56989,train
14290,train
76572,train
60071,train
22282,train
76434,train
22873,train
12098,train
16027,train
61237,train
29592,train
42128,train
812,train
74692,train
92994,train
54008,train
1400,train
1752,train
60003,train
75452,train
65628,train
49985,train
12845,train
27190,train
51059,train
59146,train
60215,train
41564,train
76485,train
74048,train
68107,train
63684,train
28329,train
63128,train
42606,train
48164,train
39892,train
21277,train
40114,train
72768,train
58574,train
7653,train
39989,train
61453,train
58012,train
23901,train
70389,train
16730,train
70152,train
18796,train
4669,train
42202,train
68103,train
64030,train
28894,train
36531,train
15003,train
36573,train
37461,train
65589,train
22608,train
32823,train
78509,train
77444,train
41594,train
75060,train
24295,train
52881,train
83691,train
25768,train
59077,train
48991,train
36127,train
47216,train
49761,train
62717,train
95577,train
19723,train
34507,train
47738,train
82852,train
58427,train
5113,train
3461,train
78203,train
42833,train
90247,train
29905,train
73284,train
53597,train
75192,train
57335,train
70454,train
27650,train
66469,train
52108,train
82596,train
6329,train
60947,train
60094,train
78615,train
79630,train
5166,train
55400,train
89605,train
93098,train
44137,train
14507,train
28456,train
73903,train
79092,train
23998,train
67514,train
78978,train
48590,train
50913,train
85132,train
90956,train
22533,train
71173,train
78764,train
99759,train
50814,train
95089,train
34555,train
67907,train
94942,train
16789,train
1631,train
86416,train
28995,train
72174,train
53822,train
16477,train
18129,train
45029,train
3859,train
36011,train
32985,train
42954,train
44782,train
38570,train
10284,train
11431,train
11061,train
8294,train
52402,train
16343,train
46413,train
54571,train
56236,train
10062,train
19547,train
50651,train
93311,train
6652,train
6772,train
57967,train
88537,train
57333,train
73285,train
4366,train
57560,train
8827,train
37278,train
41644,train
89097,train
71240,train
63037,train
86261,train
89908,train
82543,train
96654,train
72855,train
65354,train
65098,train
28035,train
19515,train
44929,train
60944,train
49060,train
31686,train
11673,train
95768,train
19535,train
56867,train
7151,train
50348,train
89372,train
32111,train
21565,train
29721,train
21850,train
39528,train
7193,train
58800,train
38423,train
97344,train
42872,train
51318,train
50617,train
39849,train
81620,train
25882,train
31148,train
54115,train
83781,train
21253,train
42739,train
46529,train
53260,train
16525,train
79965,train
99516,train
3245,train
16788,train
12679,train
71299,train
28521,train
54388,train
28594,train
72285,train
90940,train
78232,train
68040,train
79709,train
73256,train
68762,train
34613,train
5298,train
82775,train
74466,train
52916,train
39262,train
87957,train
44355,train
11250,train
68983,train
57671,train
27264,train
54479,train
22659,train
64209,train
95671,train
6836,train
25017,train
66000,train
94,train
57761,train
85497,train
44000,train
2217,train
52315,train
39090,train
11297,train
84951,train
57443,train
79492,train
38989,train
60,train
94994,train
89417,train
6234,train
53928,train
71275,train
26565,train
10258,train
92148,train
51435,train
83281,train
16757,train
70544,train
33685,train
99273,train
94188,train
80079,train
57893,train
80339,train
79512,train
65727,train
66829,train
11187,train
60948,train
63878,train
35072,train
59487,train
92216,train
82525,train
73292,train
66239,train
75079,train
9599,train
41572,train
18709,train
80140,train
17629,train
51297,train
84561,train
83661,train
68957,train
4975,train
10408,train
66018,train
66600,train
41571,train
85878,train
93346,train
21721,train
41456,train
82343,train
44341,train
7402,train
18483,train
33982,train
1066,train
39665,train
13049,train
79266,train
19222,train
65879,train
46448,train
47409,train
63945,train
36494,train
82466,train
57224,train
82447,train
81742,train
15871,train
93608,train
86078,train
72746,train
98951,train
92024,train
44299,train
2945,train
21791,train
49776,train
72906,train
46875,train
84715,train
10340,train
33384,train
92787,train
19551,train
29375,train
36409,train
46634,train
36141,train
97840,train
85959,train
70917,train
99772,train
48153,train
59250,train
77919,train
83183,train
34028,train
91620,train
52336,train
49008,train
99251,train
35098,train
62017,train
57733,train
80460,train
64752,train
96645,train
58547,train
11980,train
62032,train
44640,train
32321,train
18464,train
27730,train
72299,train
40677,train
78800,train
56472,train
28444,train
22807,train
73548,train
6558,train
85064,train
53653,train
70668,train
4856,train
79686,train
85125,train
82247,train
59151,train
28514,train
7286,train
21568,train
98979,train
50943,train
95695,train
95094,train
34756,train
28738,train
91314,train
5830,train
44540,train
68402,train
84224,train
63088,train
83968,train
5849,train
29595,train
38687,train
94059,train
4602,train
48091,train
60265,train
35609,train
91649,train
89182,train
50726,train
26505,train
6987,train
91312,train
81228,train
2323,train
51006,train
10691,train
23030,train
12933,train
39417,train
65714,train
74812,train
54749,train
34988,train
89248,train
15280,train
40548,train
65167,train
50180,train
98196,train
72546,train
7129,train
52682,train
35852,train
57833,train
15428,train
19366,train
67284,train
1101,train
25968,train
35316,train
70079,train
17938,train
36017,train
87125,train
31114,train
9535,train
41712,train
10665,train
11456,train
42523,train
11267,train
81503,train
9361,train
93893,train
17235,train
39868,train
79859,train
88997,train
48530,train
20127,train
19303,train
61878,train
7534,train
35529,train
38203,train
89792,train
46600,train
6594,train
53885,train
52623,train
80293,train
73703,train
20456,train
44772,train
70850,train
57022,train
69066,train
65306,train
1360,train
78268,train
52803,train
66632,train
37381,train
84503,train
71267,train
71657,train
46548,train
72457,train
630,train
93528,train
97960,train
86242,train
64796,train
61962,train
45467,train
14462,train
73994,train
44163,train
40574,train
55189,train
58824,train
47541,train
13229,train
69273,train
63823,train
57716,train
32767,train
6549,train
12794,train
45801,train
2230,train
27469,train
13502,train
34516,train
89972,train
92381,train
8219,train
15664,train
32630,train
57053,train
57669,train
13089,train
24542,train
86374,train
95484,train
90938,train
96350,train
32239,train
8255,train
72993,train
48546,train
56344,train
22641,train
73842,train
61879,train
70564,train
12361,train
58633,train
79332,train
65242,train
3935,train
2842,train
12064,train
76191,train
17745,train
65052,train
72570,train
89615,train
63194,train
71863,train
14280,train
85638,train
26574,train
34939,train
64722,train
10840,train
54061,train
54458,train
98720,train
18302,train
97136,train
13877,train
1390,train
15889,train
55350,train
61689,train
10413,train
78806,train
36747,train
56680,train
41202,train
9740,train
64915,train
6088,train
67728,train
15074,train
32978,train
56264,train
3649,train
83783,train
92292,train
93716,train
68158,train
60397,train
12562,train
49137,train
21101,train
71386,train
70832,train
85114,train
86906,train
94329,train
19978,train
91234,train
25255,train
33489,train
31038,train
41831,train
42738,train
24709,train
57342,train
95648,train
35875,train
72204,train
29426,train
58326,train
46872,train
88838,train
5977,train
73512,train
10676,train
3744,train
92634,train
45210,train
58984,train
72723,train
98841,train
54918,train
25967,train
11760,train
32475,train
65327,train
15085,train
70477,train
40707,train
55718,train
97248,train
62371,train
88772,train
78444,train
71702,train
31888,train
90859,train
93183,train
22609,train
29567,train
52542,train
64442,train
46810,train
40092,train
19666,train
78197,train
79106,train
38343,train
75670,train
53296,train
68769,train
62812,train
41842,train
73836,train
71413,train
97579,train
20754,train
79557,train
59495,train
50829,train
45587,train
17228,train
34841,train
9585,train
66625,train
28686,train
63351,train
68550,train
66576,train
56877,train
37240,train
96690,train
71247,train
88192,train
33577,train
61789,train
18442,train
39616,train
15232,train
43536,train
74274,train
54004,train
17301,train
79907,train
86013,train
57038,train
37310,train
72437,train
1419,train
58669,train
44917,train
74530,train
33856,train
54522,train
52951,train
73669,train
23617,train
67201,train
84874,train
86832,train
21459,train
77039,train
94425,train
64267,train
39449,train
25374,train
15914,train
9388,train
64042,train
33878,train
54301,train
33805,train
64102,train
81764,train
63919,train
88223,train
15219,train
75680,train
90348,train
50472,train
72850,train
94196,train
68539,train
91688,train
25549,train
20512,train
92569,train
614,train
39400,train
70346,train
35158,train
62243,train
20989,train
68805,train
10773,train
79897,train
13330,train
85255,train
45090,train
48226,train
97279,train
11727,train
51728,train
81838,train
10534,train
76426,train
56509,train
80600,train
43100,train
10159,train
10427,train
14240,train
48658,train
50292,train
25394,train
16365,train
91053,train
16675,train
54932,train
51615,train
48816,train
2597,train
66553,train
6461,train
23218,train
40551,train
46377,train
99321,train
65955,train
35730,train
71349,train
71249,train
64626,train
60171,train
71333,train
32098,train
34596,train
28217,train
75529,train
27648,train
51249,train
16352,train
96360,train
29674,train
82973,train
73902,train
32202,train
46258,train
53380,train
37740,train
86208,train
20045,train
90522,train
53622,train
61734,train
2572,train
7105,train
33247,train
24852,train
7785,train
63299,train
83606,train
4552,train
345,train
86158,train
37911,train
32198,train
54070,train
5421,train
32979,train
19043,train
48664,train
90585,train
90202,train
75971,train
17300,train
73280,train
67102,train
84031,train
82060,train
63996,train
58930,train
27704,train
94794,train
86371,train
45102,train
11684,train
5261,train
64308,train
93250,train
94656,train
51597,train
52229,train
34760,train
82397,train
49140,train
25058,train
2348,train
12078,train
76642,train
27659,train
17189,train
93976,train
70549,train
67480,train
86853,train
67654,train
11721,train
49120,train
24303,train
33754,train
64035,train
91793,train
87053,train
16274,train
58408,train
25301,train
45422,train
6233,train
82254,train
11870,train
39319,train
64779,train
49842,train
51220,train
29731,train
30855,train
14782,train
6049,train
29499,train
86917,train
35740,train
93489,train
33302,train
72168,train
98900,train
69441,train
7863,train
35691,train
79127,train
2658,train
75030,train
52390,train
78748,train
59224,train
43925,train
56627,train
98505,train
35927,train
14086,train
44885,train
46934,train
24066,train
43656,train
62832,train
15870,train
27604,train
73379,train
46010,train
69953,train
53174,train
26815,train
66406,train
56177,train
67312,train
31497,train
36352,train
14531,train
64301,train
27820,train
7723,train
73493,train
7877,train
19730,train
51850,train
18545,train
31285,train
39969,train
74730,train
68907,train
60945,train
53996,train
99268,train
89905,train
10332,train
40973,train
71960,train
47724,train
36725,train
32924,train
36519,train
72202,train
33377,train
34490,train
42194,train
61533,train
9188,train
13640,train
56282,train
97851,train
86968,train
93637,train
12333,train
79391,train
15124,train
70208,train
98781,train
15403,train
2314,train
93447,train
44600,train
71336,train
35678,train
26412,train
31503,train
15989,train
28179,train
93573,train
90144,train
50230,train
37305,train
93590,train
50962,train
20655,train
75407,train
39347,train
9209,train
6228,train
14018,train
61195,train
71462,train
62307,train
1346,train
16714,train
52481,train
18991,train
61229,train
76043,train
98926,train
53048,train
75364,train
62950,train
35761,train
61260,train
90403,train
18685,train
68824,train
29378,train
8766,train
91556,train
4778,train
1169,train
38776,train
34891,train
53166,train
24302,train
95536,train
83982,train
21911,train
63755,train
7794,train
65694,train
99069,train
19346,train
16828,train
66558,train
33087,train
48403,train
80099,train
91820,train
31753,train
78884,train
20334,train
76808,train
13522,train
71020,train
48985,train
17990,train
85231,train
24017,train
91865,train
63501,train
65948,train
83340,train
68164,train
80044,train
47693,train
76903,train
54252,train
85885,train
41401,train
51872,train
67370,train
63990,train
56134,train
30090,train
27983,train
87102,train
92655,train
56546,train
91283,train
47335,train
26244,train
41506,train
40056,train
42650,train
40337,train
11495,train
96028,train
26087,train
864,train
12153,train
25396,train
28472,train
48734,train
20953,train
38399,train
62545,train
78760,train
74595,train
79250,train
97143,train
21177,train
39193,train
98522,train
74686,train
16593,train
59969,train
1961,train
96375,train
76929,train
83392,train
47242,train
81997,train
93030,train
29853,train
4563,train
63502,train
73748,train
95391,train
22979,train
41337,train
98766,train
980,train
39904,train
46856,train
59319,train
38247,train
25541,train
7973,train
28031,train
73564,train
9153,train
58123,train
62922,train
3101,train
99112,train
5192,train
15678,train
65016,train
29435,train
27606,train
96320,train
60392,train
34480,train
53750,train
49013,train
44364,train
87943,train
4053,train
25214,train
45173,train
94805,train
22198,train
17703,train
31948,train
9861,train
27619,train
38675,train
37596,train
92320,train
9275,train
83712,train
28508,train
12223,train
62684,train
28114,train
76468,train
92601,train
67324,train
31032,train
27317,train
62312,train
31530,train
91197,train
2996,train
68835,train
63047,train
49497,train
41141,train
85529,train
40590,train
87387,train
55069,train
92497,train
4254,train
82830,train
65232,train
25855,train
30679,train
69324,train
34738,train
82252,train
71230,train
55049,train
89937,train
43749,train
78976,train
81730,train
16725,train
33546,train
57165,train
29059,train
17753,train
63869,train
6868,train
75068,train
57071,train
20881,train
67816,train
24318,train
26983,train
64034,train
53773,train
44339,train
28698,train
2031,train
91259,train
28628,train
50146,train
4180,train
65077,train
29067,train
57232,train
77023,train
26578,train
15522,train
23958,train
38172,train
30860,train
45928,train
91884,train
40361,train
81699,train
18571,train
71710,train
64595,train
92015,train
84563,train
40979,train
37096,train
87911,train
85510,train
3427,train
48360,train
12674,train
64258,train
67542,train
95145,train
14268,train
34763,train
16530,train
89061,train
47323,train
87892,train
3059,train
10167,train
12263,train
2777,train
89341,train
94337,train
24571,train
16181,train
2890,train
97479,train
63114,train
32510,train
36706,train
23088,train
41827,train
40635,train
95803,train
58490,train
31264,train
79888,train
21325,train
10115,train
86667,train
41265,train
2029,train
70445,train
22580,train
55818,train
94057,train
76973,train
26407,train
56281,train
60928,train
82391,train
7922,train
74400,train
40923,train
1435,train
78380,train
41977,train
63214,train
23381,train
40611,train
58650,train
83621,train
33439,train
24758,train
57037,train
77885,train
58578,train
62753,train
50030,train
67798,train
34823,train
20043,train
59776,train
62036,train
19785,train
94244,train
6875,train
35245,train
83021,train
88394,train
33036,train
1864,train
96661,train
17539,train
72146,train
89286,train
95838,train
58513,train
81985,train
73734,train
95395,train
54777,train
28265,train
79074,train
35891,train
23127,train
27365,train
3117,train
62606,train
60883,train
94060,train
13587,train
49335,train
20993,train
76251,train
93655,train
94628,train
48866,train
42870,train
45472,train
58768,train
12821,train
99207,train
27290,train
58575,train
28651,train
70021,train
48407,train
49424,train
45915,train
84392,train
74879,train
71387,train
41138,train
17637,train
36445,train
25646,train
27969,train
12925,train
71485,train
24804,train
10007,train
94185,train
78914,train
58156,train
98762,train
40627,train
4199,train
15255,train
25232,train
54450,train
27334,train
52157,train
39456,train
47214,train
3353,train
24458,train
93980,train
43798,train
78713,train
13682,train
31479,train
30706,train
67573,train
57293,train
81325,train
66130,train
26383,train
88844,train
81337,train
67539,train
72405,train
72747,train
84967,train
9862,train
37703,train
29218,train
33164,train
18069,train
61748,train
50247,train
99582,train
25373,train
70039,train
45808,train
83755,train
98874,train
75287,train
83190,train
50537,train
22669,train
85308,train
57455,train
79862,train
59603,train
15484,train
95371,train
70026,train
34500,train
74073,train
42976,train
33243,train
86495,train
78280,train
77305,train
87284,train
63505,train
52874,train
77540,train
45809,train
49523,train
87478,train
62535,train
5610,train
8744,train
83454,train
38170,train
30108,train
80348,train
31921,train
21955,train
19889,train
92719,train
65383,train
37248,train
24713,train
79606,train
7274,train
17475,train
76552,train
8475,train
51986,train
63812,train
73912,train
74900,train
78495,train
38070,train
8809,train
22428,train
76798,train
15958,train
95260,train
35867,train
33890,train
53507,train
80743,train
18210,train
17562,train
42836,train
44580,train
14112,train
9038,train
74293,train
69262,train
57102,train
14987,train
18153,train
41409,train
41127,train
78484,train
72911,train
58254,train
55024,train
51150,train
94911,train
35887,train
40461,train
99773,train
44111,train
96527,train
71120,train
10396,train
59768,train
85983,train
86668,train
25403,train
44820,train
64245,train
64040,train
66417,train
6620,train
81841,train
82368,train
29988,train
19653,train
2344,train
45752,train
20531,train
89771,train
92781,train
7974,train
42081,train
55509,train
40642,train
89185,train
63170,train
11783,train
98439,train
81725,train
99279,train
5514,train
78363,train
18008,train
2488,train
24548,train
29095,train
64673,train
12374,train
89701,train
95114,train
45773,train
1811,train
28458,train
39040,train
15432,train
80377,train
42260,train
49780,train
38005,train
8917,train
88851,train
23681,train
48643,train
55732,train
54721,train
5520,train
96160,train
78849,train
3794,train
19833,train
11318,train
27838,train
90498,train
13703,train
51013,train
38571,train
95358,train
89515,train
22520,train
87768,train
26070,train
56201,train
57679,train
10556,train
50824,train
51528,train
16160,train
99461,train
44735,train
42676,train
78489,train
68089,train
48118,train
22092,train
45303,train
84257,train
67294,train
82744,train
83979,train
90322,train
30526,train
35396,train
78708,train
55478,train
43593,train
69966,train
62563,train
38450,train
3413,train
2936,train
33809,train
86870,train
43979,train
90665,train
69505,train
20073,train
56760,train
82701,train
77566,train
27964,train
77348,train
11278,train
62864,train
49052,train
93628,train
61683,train
96037,train
16708,train
81277,train
36486,train
95037,train
72994,train
50949,train
86279,train
85241,train
10744,train
86825,train
74165,train
54651,train
25797,train
9261,train
69833,train
82061,train
40761,train
89133,train
99959,train
79500,train
76290,train
27330,train
56894,train
83516,train
10031,train
25662,train
72639,train
92811,train
6966,train
96630,train
52933,train
35919,train
98598,train
6051,train
1717,train
18217,train
76103,train
40071,train
63257,train
75201,train
73507,train
30220,train
62647,train
1313,train
19606,train
90241,train
2620,train
63343,train
98551,train
76433,train
9306,train
46769,train
91388,train
45333,train
79537,train
33904,train
89246,train
39453,train
57959,train
90869,train
30416,train
31938,train
33686,train
92017,train
48223,train
31044,train
21771,train
89772,train
98012,train
79102,train
67432,train
35489,train
1126,train
69970,train
24342,train
80903,train
21497,train
10357,train
10468,train
76580,train
64995,train
57676,train
23501,train
9124,train
63722,train
26667,train
59111,train
86028,train
79487,train
65278,train
48381,train
11916,train
39627,train
61319,train
41294,train
26994,train
73248,train
45706,train
86939,train
79984,train
46179,train
11467,train
4801,train
89978,train
7268,train
36004,train
51677,train
30462,train
7515,train
48580,train
92510,train
74036,train
42467,train
7800,train
93258,train
21972,train
26039,train
9484,train
44062,train
12038,train
77361,train
5871,train
27891,train
13147,train
677,train
84010,train
72135,train
5701,train
76760,train
2619,train
16141,train
62850,train
99375,train
19534,train
25971,train
64374,train
97150,train
22307,train
83449,train
96144,train
86724,train
54605,train
69209,train
15917,train
2703,train
46049,train
97551,train
76017,train
68284,train
61549,train
58515,train
65190,train
32156,train
98576,train
60702,train
7228,train
6956,train
28945,train
94741,train
3138,train
86806,train
7899,train
12719,train
95091,train
61400,train
15789,train
44758,train
4317,train
8166,train
95314,train
77104,train
30707,train
1817,train
28046,train
20842,train
30708,train
83300,train
64572,train
86556,train
43575,train
61736,train
81763,train
24178,train
19731,train
90504,train
59670,train
408,train
85890,train
99871,train
91128,train
20417,train
5674,train
87411,train
75909,train
94753,train
17819,train
4081,train
70675,train
42817,train
80930,train
59207,train
49524,train
24584,train
39165,train
4884,train
23283,train
63588,train
55090,train
90172,train
81816,train
76890,train
35781,train
53503,train
66342,train
34268,train
27202,train
51680,train
55445,train
86496,train
50931,train
77841,train
78370,train
32427,train
64142,train
52912,train
31734,train
3341,train
97533,train
49300,train
34016,train
37682,train
11316,train
85846,train
3028,train
21929,train
67003,train
18646,train
49366,train
43341,train
2238,train
69464,train
55637,train
29185,train
73009,train
65336,train
90868,train
80900,train
18468,train
86346,train
72842,train
51601,train
23311,train
98019,train
32668,train
6395,train
60074,train
28009,train
85016,train
9777,train
83703,train
63618,train
88713,train
36913,train
37080,train
69567,train
38434,train
96719,train
24757,train
2815,train
82728,train
86487,train
40309,train
10658,train
63451,train
76776,train
76819,train
76736,train
71904,train
59307,train
66914,train
67385,train
44983,train
13696,train
86567,train
46835,train
17839,train
46110,train
23910,train
25616,train
13218,train
53343,train
34378,train
27953,train
41470,train
94882,train
33925,train
986,train
19333,train
12556,train
10139,train
27813,train
50241,train
12676,train
81739,train
16173,train
99954,train
17780,train
54629,train
18808,train
33697,train
25761,train
59403,train
60364,train
31910,train
37239,train
35232,train
53999,train
18409,train
30771,train
67008,train
28648,train
3026,train
28684,train
93855,train
93106,train
64780,train
722,train
40162,train
24857,train
98922,train
95849,train
78561,train
93410,train
75657,train
45302,train
2596,train
45013,train
99158,train
19169,train
97299,train
75875,train
97351,train
25413,train
58622,train
9029,train
32342,train
13250,train
59400,train
80510,train
5265,train
47129,train
93349,train
19590,train
11786,train
98358,train
85955,train
69448,train
77788,train
7737,train
5552,train
71463,train
16548,train
4395,train
13179,train
17119,train
44076,train
23503,train
77900,train
76610,train
98530,train
49458,train
53108,train
83826,train
3365,train
82779,train
69237,train
4477,train
42010,train
950,train
11054,train
20671,train
37307,train
45288,train
29012,train
41256,train
10555,train
93530,train
75831,train
5289,train
98313,train
35541,train
58737,train
32172,train
41643,train
41956,train
77952,train
10301,train
74729,train
68404,train
1965,train
23017,train
21755,train
80599,train
69537,train
84910,train
93625,train
70557,train
7820,train
76367,train
57013,train
56761,train
73355,train
83033,train
86987,train
22017,train
95948,train
81307,train
80690,train
18510,train
89067,train
18269,train
63673,train
92242,train
78869,train
75282,train
34407,train
95963,train
14219,train
22172,train
45120,train
68172,train
87418,train
58976,train
58448,train
761,train
50173,train
13418,train
87490,train
38119,train
29578,train
94885,train
82078,train
65,train
22604,train
44063,train
54092,train
1887,train
54273,train
63062,train
43719,train
1111,train
86405,train
44442,train
19655,train
38867,train
70136,train
81751,train
18377,train
48260,train
357,train
32161,train
82051,train
82549,train
44650,train
64559,train
89112,train
32217,train
75739,train
31179,train
69839,train
87002,train
25724,train
75677,train
11824,train
78635,train
83541,train
75652,train
95398,train
58917,train
4134,train
75246,train
62177,train
49178,train
87954,train
91293,train
14494,train
22168,train
59257,train
96266,train
69379,train
13238,train
60851,train
28452,train
13207,train
17772,train
87024,train
88382,train
42464,train
35554,train
67192,train
88012,train
60118,train
29318,train
45599,train
71993,train
87143,train
22802,train
59093,train
16987,train
66761,train
91759,train
5594,train
71222,train
90527,train
67869,train
51406,train
12793,train
58907,train
66128,train
46191,train
85089,train
51992,train
3371,train
38437,train
2700,train
19741,train
54204,train
91998,train
86793,train
81036,train
48818,train
83048,train
30656,train
98714,train
72075,train
1078,train
17152,train
38702,train
75356,train
47095,train
53352,train
17175,train
90441,train
51988,train
56414,train
10319,train
4950,train
44043,train
29833,train
18717,train
70932,train
98406,train
19129,train
51323,train
24716,train
75711,train
50040,train
8832,train
86113,train
78434,train
18046,train
71848,train
35737,train
67762,train
92873,train
39124,train
93324,train
25216,train
171,train
43621,train
2791,train
75737,train
70002,train
30695,train
50893,train
8724,train
47151,train
37840,train
15933,train
42457,train
85242,train
78367,train
69667,train
67590,train
82021,train
54181,train
8986,train
93814,train
5470,train
18319,train
98147,train
10724,train
65391,train
83213,train
48345,train
52200,train
82229,train
10333,train
18659,train
53567,train
64211,train
31924,train
84878,train
77801,train
92240,train
60734,train
8582,train
31849,train
83356,train
70471,train
12758,train
58593,train
74797,train
45483,train
32632,train
22665,train
64724,train
88381,train
36058,train
68352,train
45998,train
34354,train
4359,train
9594,train
62140,train
95357,train
25890,train
38196,train
33660,train
76711,train
62174,train
79747,train
22622,train
18097,train
75411,train
79117,train
81998,train
50050,train
59318,train
16922,train
79566,train
21458,train
14625,train
1409,train
11995,train
18158,train
65465,train
67472,train
310,train
90395,train
48976,train
54110,train
26009,train
64758,train
50023,train
58081,train
76181,train
26840,train
68630,train
21690,train
14259,train
28311,train
98929,train
57487,train
5602,train
62538,train
9082,train
8948,train
16776,train
22149,train
80135,train
30358,train
70261,train
47326,train
94738,train
91373,train
64703,train
71113,train
18877,train
36739,train
37860,train
90503,train
30351,train
66926,train
81285,train
4698,train
51538,train
12598,train
70257,train
85755,train
47369,train
96095,train
50740,train
30856,train
6124,train
5682,train
14325,train
97793,train
95845,train
87851,train
89795,train
49562,train
64070,train
55721,train
39404,train
875,train
29420,train
89619,train
38199,train
85521,train
79381,train
12569,train
25573,train
44219,train
54536,train
55344,train
47716,train
14899,train
91909,train
31524,train
53273,train
9617,train
6068,train
56474,train
30278,train
92301,train
13998,train
33281,train
95160,train
58394,train
43690,train
44250,train
25100,train
47771,train
43308,train
46639,train
47262,train
46164,train
31023,train
74778,train
10539,train
16234,train
20937,train
39964,train
62865,train
92923,train
74020,train
87719,train
41974,train
87984,train
83734,train
84834,train
49846,train
68226,train
32382,train
89994,train
58662,train
57997,train
13144,train
20863,train
45318,train
78890,train
88967,train
94205,train
8262,train
34511,train
49349,train
20792,train
74467,train
12208,train
9234,train
4155,train
47009,train
20639,train
10407,train
59177,train
67016,train
39471,train
10593,train
18415,train
39314,train
17675,train
5008,train
45129,train
34550,train
20207,train
24618,train
68451,train
29370,train
15656,train
48843,train
23159,train
78591,train
18924,train
61067,train
14705,train
27538,train
89398,train
52696,train
44887,train
79105,train
9181,train
21655,train
76422,train
38787,train
74025,train
57152,train
80031,train
43809,train
3473,train
82500,train
21775,train
7482,train
54974,train
13534,train
57275,train
10286,train
40594,train
56575,train
55910,train
13412,train
36824,train
97067,train
69486,train
64980,train
61001,train
62605,train
6119,train
55120,train
4233,train
72390,train
82341,train
21114,train
94541,train
70276,train
92520,train
33244,train
16333,train
50970,train
43345,train
17268,train
36979,train
52251,train
40822,train
45740,train
25414,train
69493,train
89096,train
40728,train
96184,train
73124,train
694,train
21068,train
32051,train
41857,train
32261,train
56741,train
40691,train
92611,train
35816,train
52146,train
17636,train
1353,train
30435,train
95555,train
78453,train
79278,train
17121,train
54563,train
87524,train
28467,train
20674,train
12691,train
58863,train
61273,train
68922,train
56057,train
68181,train
41543,train
36242,train
94934,train
51549,train
34286,train
97942,train
81789,train
93859,train
5400,train
73198,train
87709,train
33639,train
91745,train
25705,train
38212,train
41068,train
2333,train
93732,train
73969,train
46556,train
3464,train
91680,train
94590,train
1741,train
1633,train
95747,train
6667,train
90692,train
38103,train
40322,train
51653,train
26469,train
43975,train
50882,train
70760,train
38847,train
54132,train
33617,train
68090,train
15821,train
12911,train
50602,train
5237,train
46315,train
27257,train
41226,train
87115,train
34565,train
29820,train
2107,train
97139,train
8900,train
85033,train
65939,train
81004,train
74464,train
72895,train
7804,train
79875,train
70320,train
65469,train
83283,train
63042,train
41975,train
92107,train
44662,train
60373,train
16453,train
93986,train
53954,train
14647,train
89039,train
53632,train
15170,train
7618,train
94264,train
90538,train
93203,train
75414,train
54695,train
66765,train
23688,train
57060,train
10655,train
62668,train
15123,train
36343,train
48545,train
7068,train
69392,train
49072,train
71734,train
63262,train
185,train
96554,train
72191,train
74151,train
44289,train
52428,train
97926,train
39477,train
32269,train
76239,train
74763,train
48740,train
82845,train
5978,train
36184,train
39565,train
50190,train
91147,train
93397,train
85796,train
22221,train
52100,train
78696,train
25007,train
32763,train
84359,train
64498,train
30814,train
36966,train
19744,train
61584,train
92296,train
21196,train
82565,train
90083,train
53064,train
42043,train
7334,train
32739,train
37490,train
8184,train
50354,train
45214,train
76980,train
36358,train
78645,train
29796,train
53979,train
1134,train
36536,train
19806,train
16075,train
32665,train
96550,train
87688,train
57457,train
68244,train
75760,train
78205,train
32663,train
52473,train
72145,train
93777,train
72317,train
58416,train
31207,train
69921,train
96896,train
57725,train
68416,train
40560,train
36997,train
30710,train
94479,train
56162,train
45024,train
57035,train
49448,train
17966,train
52419,train
90458,train
84023,train
32368,train
26847,train
6702,train
57214,train
91645,train
29221,train
6571,train
39350,train
91326,train
32992,train
55313,train
43620,train
99480,train
85246,train
69349,train
19293,train
43942,train
68382,train
16926,train
65974,train
11096,train
34907,train
23325,train
37514,train
55590,train
41659,train
13348,train
69624,train
81768,train
98361,train
86369,train
13494,train
85606,train
83208,train
66352,train
99595,train
18684,train
39874,train
38061,train
59117,train
82594,train
37823,train
61553,train
78912,train
83050,train
22535,train
49117,train
60785,train
42597,train
64771,train
18838,train
49965,train
98665,train
87050,train
63381,train
30141,train
40814,train
60452,train
52655,train
24923,train
49138,train
81516,train
40913,train
1306,train
54771,train
52281,train
69043,train
72128,train
92530,train
74786,train
92872,train
61039,train
57311,train
61193,train
9843,train
84780,train
11539,train
68411,train
15271,train
5022,train
38130,train
43136,train
77480,train
21909,train
51599,train
86280,train
63113,train
8074,train
75331,train
89105,train
47366,train
16371,train
33785,train
27143,train
90657,train
76500,train
11877,train
88672,train
96461,train
71372,train
1589,train
41946,train
44091,train
42890,train
12239,train
10416,train
87183,train
20956,train
54354,train
34009,train
72377,train
37246,train
3776,train
74603,train
68428,train
52664,train
6798,train
24452,train
23425,train
31260,train
73728,train
59679,train
67818,train
26119,train
3938,train
76649,train
28913,train
93308,train
48376,train
44380,train
10609,train
48978,train
22793,train
91287,train
20573,train
49920,train
25219,train
68972,train
88215,train
71391,train
73808,train
97236,train
2690,train
36482,train
1158,train
34345,train
37197,train
28129,train
85558,train
2696,train
72499,train
4798,train
18662,train
64523,train
45058,train
36853,train
91054,train
93189,train
48446,train
36488,train
89250,train
69383,train
53335,train
62936,train
62623,train
37938,train
9350,train
1308,train
56037,train
63731,train
88064,train
81468,train
92735,train
7753,train
1127,train
49643,train
60991,train
22959,train
28485,train
20958,train
59227,train
63868,train
24586,train
29843,train
28411,train
34816,train
57441,train
37577,train
10588,train
80719,train
67227,train
68844,train
25168,train
57428,train
60421,train
61152,train
89252,train
81881,train
59801,train
90836,train
26365,train
5233,train
27537,train
5524,train
91217,train
46160,train
73746,train
61597,train
30239,train
67803,train
81176,train
67587,train
27977,train
36788,train
3015,train
49224,train
53046,train
92246,train
62271,train
71682,train
56443,train
43191,train
87182,train
76492,train
47895,train
13292,train
6616,train
28611,train
43692,train
51214,train
10229,train
3175,train
29405,train
43936,train
80937,train
56498,train
76640,train
67169,train
95900,train
4508,train
81576,train
39398,train
89538,train
62728,train
13451,train
27599,train
58970,train
77260,train
71600,train
89059,train
54735,train
54134,train
66717,train
8505,train
58157,train
34829,train
93682,train
12069,train
61575,train
10673,train
41814,train
11258,train
22447,train
64675,train
14455,train
40664,train
68911,train
40417,train
51766,train
6937,train
45092,train
69789,train
55698,train
78815,train
19696,train
33160,train
20421,train
77932,train
38952,train
42815,train
77065,train
76031,train
41930,train
3611,train
91501,train
96260,train
94050,train
25806,train
76310,train
26115,train
60653,train
74499,train
35394,train
33477,train
69846,train
93400,train
21580,train
11798,train
8058,train
35493,train
81557,train
99359,train
37945,train
6771,train
14241,train
97026,train
39843,train
6159,train
90707,train
47931,train
29911,train
7321,train
84960,train
47269,train
29625,train
37052,train
48612,train
17437,train
16054,train
19711,train
62019,train
75862,train
1540,train
23719,train
98608,train
54101,train
72024,train
74842,train
17002,train
84885,train
52128,train
98057,train
10992,train
73814,train
26741,train
71155,train
77904,train
21661,train
44498,train
92676,train
32081,train
42179,train
55336,train
90340,train
92712,train
44246,train
9636,train
23713,train
6466,train
98129,train
46337,train
11473,train
46614,train
54443,train
97797,train
5725,train
51048,train
64319,train
46469,train
71949,train
29106,train
60264,train
11841,train
34315,train
28825,train
65994,train
59349,train
5332,train
71274,train
6885,train
49977,train
30840,train
28303,train
48714,train
13950,train
27826,train
50576,train
24771,train
45124,train
25432,train
86559,train
36821,train
99699,train
65006,train
4207,train
68292,train
62912,train
24396,train
83290,train
9256,train
75962,train
38762,train
95991,train
20237,train
93820,train
77482,train
60759,train
45530,train
49411,train
27106,train
30106,train
76114,train
44378,train
98293,train
16264,train
99086,train
13853,train
12427,train
25023,train
16764,train
32184,train
55667,train
86131,train
56652,train
31762,train
19644,train
91309,train
78267,train
46451,train
40443,train
36660,train
70553,train
86042,train
5325,train
46127,train
30472,train
45527,train
62418,train
17380,train
64906,train
52715,train
92481,train
51927,train
658,train
36134,train
39273,train
42502,train
10736,train
69436,train
40492,train
59225,train
17320,train
71963,train
38471,train
75436,train
74590,train
19787,train
23499,train
33155,train
24202,train
54052,train
18189,train
17017,train
19633,train
54577,train
35951,train
599,train
73873,train
5876,train
46249,train
22655,train
13105,train
43309,train
95147,train
16862,train
50571,train
65977,train
64186,train
77150,train
19465,train
66137,train
89056,train
27007,train
68423,train
92483,train
53881,train
63229,train
84919,train
95601,train
4268,train
6477,train
8173,train
51266,train
49700,train
73042,train
14295,train
79620,train
42110,train
74,train
64232,train
63489,train
85984,train
37858,train
99519,train
21216,train
88546,train
92998,train
94395,train
43581,train
80430,train
53748,train
94402,train
55334,train
6202,train
41176,train
64830,train
78064,train
93751,train
8011,train
5406,train
27726,train
84713,train
6923,train
52982,train
44688,train
98130,train
21022,train
38672,train
59142,train
33740,train
80517,train
46760,train
41613,train
21776,train
81336,train
83717,train
38563,train
83608,train
61071,train
43444,train
39840,train
44715,train
43279,train
21385,train
67681,train
75425,train
52831,train
52870,train
13895,train
27681,train
86798,train
23359,train
97477,train
73374,train
42073,train
98558,train
28919,train
69051,train
82342,train
8309,train
77484,train
89790,train
37879,train
79702,train
13981,train
39271,train
19482,train
2853,train
34047,train
58377,train
33440,train
74394,train
94701,train
14577,train
43105,train
29123,train
15887,train
69119,train
63380,train
13311,train
47309,train
74664,train
39089,train
16083,train
5767,train
26772,train
15012,train
92163,train
94322,train
27694,train
50389,train
40521,train
38817,train
2891,train
14356,train
4512,train
90781,train
17065,train
9971,train
80869,train
3815,train
80610,train
63386,train
97714,train
3694,train
76685,train
58823,train
47755,train
9295,train
80423,train
79197,train
96806,train
79700,train
85481,train
42860,train
26905,train
54410,train
79444,train
96774,train
33358,train
4393,train
25097,train
5009,train
18205,train
26402,train
88989,train
81919,train
62790,train
60844,train
95060,train
14541,train
34040,train
89389,train
8204,train
3088,train
12028,train
21851,train
19735,train
17137,train
80896,train
52432,train
41475,train
37453,train
18707,train
50196,train
70221,train
96387,train
24932,train
67303,train
12018,train
32898,train
96508,train
2257,train
33422,train
52297,train
58300,train
77545,train
86768,train
31345,train
45186,train
8942,train
65827,train
88657,train
37524,train
99327,train
65418,train
2942,train
75433,train
40024,train
29229,train
43560,train
22926,train
98299,train
48129,train
78194,train
48574,train
61146,train
27924,train
11465,train
5588,train
28918,train
26975,train
42698,train
26264,train
95807,train
97998,train
77609,train
62293,train
37773,train
4895,train
41291,train
15161,train
71476,train
99155,train
34963,train
92353,train
48913,train
73088,train
36892,train
19020,train
63537,train
26303,train
59116,train
39751,train
86725,train
36958,train
13537,train
90552,train
95888,train
76195,train
28983,train
89111,train
68867,train
3360,train
6945,train
31177,train
1737,train
26892,train
82865,train
71507,train
44829,train
89292,train
55165,train
40147,train
19324,train
82685,train
84961,train
57646,train
38142,train
85131,train
36154,train
81308,train
2498,train
48123,train
83153,train
48791,train
49141,train
99219,train
44694,train
99177,train
91389,train
68346,train
3452,train
18823,train
89338,train
6340,train
49044,train
40396,train
68101,train
71669,train
4110,train
9661,train
2452,train
81157,train
36502,train
58934,train
9615,train
71505,train
46138,train
16297,train
67372,train
48445,train
13622,train
6998,train
56955,train
62845,train
96643,train
25397,train
65164,train
93905,train
14102,train
33178,train
98370,train
30323,train
86107,train
16410,train
81050,train
42417,train
15316,train
58742,train
43811,train
85892,train
56356,train
43093,train
78180,train
60322,train
96090,train
91962,train
60836,train
95592,train
17800,train
75603,train
30031,train
80771,train
21728,train
13221,train
40446,train
8608,train
98391,train
3491,train
80532,train
35030,train
80235,train
58812,train
67950,train
2,train
22099,train
66320,train
85972,train
73542,train
17472,train
33547,train
35821,train
92708,train
41585,train
71978,train
13320,train
32283,train
90286,train
60464,train
27370,train
16967,train
72909,train
14696,train
55942,train
59786,train
13247,train
18007,train
79358,train
79994,train
80583,train
10213,train
12030,train
97210,train
64931,train
5297,train
56655,train
65497,train
7999,train
53086,train
24803,train
17904,train
18975,train
26963,train
49627,train
25833,train
95299,train
55705,train
79815,train
31214,train
81623,train
57388,train
86838,train
81177,train
46502,train
21698,train
63773,train
32107,train
69326,train
70312,train
34961,train
20197,train
50239,train
90318,train
78358,train
97957,train
11003,train
60773,train
71561,train
25019,train
65794,train
74403,train
13910,train
24738,train
68802,train
72573,train
60605,train
45723,train
56531,train
76429,train
63133,train
87774,train
95315,train
23051,train
50577,train
37289,train
4624,train
16538,train
37444,train
1255,train
34495,train
83716,train
27643,train
20336,train
3442,train
17857,train
50547,train
46719,train
57474,train
49275,train
33618,train
9488,train
98131,train
81684,train
63264,train
95351,train
32104,train
36295,train
59934,train
56302,train
41665,train
50597,train
88077,train
52966,train
77877,train
96332,train
9309,train
11608,train
28635,train
69881,train
19174,train
83905,train
71010,train
18802,train
90514,train
74669,train
50091,train
2779,train
11571,train
39081,train
5174,train
57524,train
51832,train
24046,train
124,train
40315,train
2958,train
81424,train
46116,train
68336,train
75285,train
52314,train
35433,train
32950,train
94073,train
40675,train
69275,train
5879,train
35532,train
63234,train
16607,train
8098,train
26077,train
74280,train
83846,train
79467,train
6371,train
15783,train
74739,train
32874,train
2090,train
7079,train
28091,train
65644,train
68176,train
35620,train
22667,train
58788,train
48291,train
4312,train
23300,train
99241,train
14764,train
57376,train
52486,train
16983,train
56038,train
66408,train
14708,train
17131,train
87293,train
32848,train
31835,train
61658,train
10681,train
45269,train
38653,train
35617,train
81541,train
66846,train
40514,train
86403,train
13397,train
41647,train
7583,train
81079,train
34147,train
26116,train
48186,train
21194,train
74860,train
24405,train
18702,train
64802,train
95011,train
1252,train
55753,train
56132,train
34975,train
49748,train
53280,train
21938,train
19671,train
33436,train
3256,train
35156,train
64016,train
57364,train
30817,train
74870,train
90562,train
63115,train
25597,train
22898,train
52362,train
97478,train
29533,train
12973,train
38733,train
16563,train
73919,train
89752,train
41446,train
73800,train
19071,train
36804,train
38982,train
42308,train
90814,train
18294,train
89334,train
38903,train
72696,train
42497,train
83269,train
11632,train
77714,train
47609,train
65473,train
92819,train
92670,train
24364,train
96102,train
6183,train
70299,train
47288,train
36878,train
36609,train
70570,train
67194,train
73452,train
96765,train
89199,train
47385,train
66083,train
930,train
44411,train
88127,train
76225,train
67290,train
95669,train
63434,train
40270,train
96683,train
31691,train
70968,train
46007,train
52987,train
91434,train
39779,train
93631,train
43126,train
55600,train
3352,train
98648,train
38402,train
88769,train
3522,train
98554,train
62553,train
75032,train
85482,train
72626,train
42889,train
66243,train
60286,train
52993,train
61161,train
10804,train
25049,train
44968,train
99624,train
70572,train
8179,train
14896,train
40712,train
17749,train
24572,train
64557,train
51578,train
92867,train
36190,train
22132,train
72126,train
57347,train
3637,train
1952,train
46369,train
84186,train
20812,train
59824,train
30972,train
74572,train
12187,train
90526,train
49334,train
31960,train
93627,train
81370,train
42067,train
46951,train
30304,train
64185,train
36100,train
9446,train
98971,train
46202,train
22467,train
29918,train
3666,train
12504,train
16997,train
42297,train
31902,train
62738,train
39502,train
49810,train
15228,train
18577,train
47046,train
45417,train
36204,train
8052,train
46581,train
90450,train
96073,train
22019,train
14557,train
22313,train
90852,train
72930,train
83362,train
17414,train
39012,train
40369,train
71212,train
94850,train
76205,train
55027,train
79572,train
92738,train
49528,train
95146,train
68032,train
11806,train
44338,train
92347,train
94575,train
47517,train
37732,train
42287,train
44713,train
91840,train
29353,train
50318,train
40628,train
65502,train
8531,train
88704,train
64822,train
53020,train
47003,train
32805,train
79713,train
3490,train
26363,train
94895,train
55593,train
41938,train
33620,train
8872,train
44407,train
5015,train
95034,train
82930,train
390,train
54211,train
86926,train
76480,train
14716,train
22121,train
20720,train
9712,train
4664,train
63604,train
57614,train
59099,train
60519,train
86384,train
94532,train
76279,train
2194,train
52759,train
34920,train
56262,train
69020,train
53105,train
38615,train
41374,train
98605,train
41083,train
13776,train
40317,train
44813,train
99377,train
96109,train
66949,train
66229,train
72549,train
10832,train
27212,train
97565,train
46261,train
23,train
34554,train
50955,train
86950,train
82527,train
10041,train
65937,train
75273,train
61804,train
91177,train
36697,train
91561,train
70976,train
572,train
46530,train
70160,train
26944,train
88848,train
28440,train
3823,train
2104,train
95070,train
87459,train
80624,train
41123,train
18011,train
20020,train
95158,train
69333,train
10703,train
43525,train
52216,train
14127,train
15760,train
23742,train
23111,train
33077,train
16062,train
79522,train
87819,train
91734,train
45221,train
92437,train
83617,train
46558,train
37046,train
61346,train
14838,train
85557,train
79921,train
56074,train
82742,train
16359,train
37475,train
39517,train
15253,train
25521,train
84044,train
47240,train
42694,train
29257,train
28613,train
48087,train
20467,train
35560,train
41818,train
3481,train
50302,train
24435,train
93529,train
24874,train
70427,train
99247,train
10677,train
40287,train
86695,train
3787,train
5858,train
48603,train
85051,train
89782,train
63050,train
20810,train
98851,train
95300,train
27363,train
85454,train
98527,train
79874,train
25098,train
8276,train
5114,train
94929,train
30724,train
14316,train
6335,train
39950,train
79394,train
63876,train
79095,train
70128,train
62328,train
72963,train
91153,train
94700,train
67479,train
34220,train
9348,train
46421,train
85826,train
64437,train
1773,train
50987,train
45334,train
85971,train
79922,train
32028,train
59540,train
54595,train
45290,train
82278,train
81173,train
87272,train
98894,train
95248,train
40347,train
5899,train
58446,train
58562,train
26933,train
76418,train
69363,train
78293,train
5023,train
18798,train
60385,train
95130,train
76232,train
96421,train
94509,train
34921,train
55228,train
37488,train
3742,train
65924,train
32361,train
17964,train
3453,train
6073,train
30518,train
90243,train
5135,train
93665,train
61429,train
97798,train
36351,train
77176,train
5204,train
61085,train
94907,train
72222,train
92975,train
36386,train
9189,train
34058,train
14276,train
42232,train
95346,train
8600,train
58691,train
39419,train
92578,train
46012,train
6951,train
83327,train
30639,train
77383,train
5399,train
90422,train
53489,train
55339,train
77985,train
80563,train
27208,train
68994,train
90270,train
73609,train
50277,train
29525,train
56172,train
61507,train
89956,train
54284,train
17349,train
41378,train
8781,train
92675,train
48646,train
89347,train
61634,train
10787,train
52088,train
84995,train
16796,train
71781,train
47882,train
93621,train
18981,train
5702,train
85416,train
99744,train
92350,train
60615,train
14725,train
29506,train
67740,train
39504,train
50397,train
8271,train
34437,train
3426,train
79584,train
96960,train
34592,train
63538,train
61509,train
23858,train
6218,train
61110,train
25612,train
82328,train
89734,train
73174,train
49899,train
48922,train
58340,train
41220,train
93378,train
88362,train
95733,train
24693,train
7373,train
5872,train
79441,train
36366,train
20433,train
23250,train
82139,train
17850,train
265,train
50270,train
68531,train
31633,train
52238,train
47668,train
15234,train
46370,train
37962,train
87766,train
27319,train
17358,train
47863,train
14828,train
34076,train
2798,train
19813,train
38089,train
96997,train
2224,train
4107,train
23339,train
92516,train
61296,train
67649,train
26539,train
15842,train
78159,train
68393,train
87762,train
66704,train
97991,train
42298,train
47789,train
8273,train
20732,train
67386,train
50147,train
44084,train
8927,train
28529,train
89084,train
59518,train
25130,train
74995,train
21333,train
43290,train
8287,train
65836,train
13866,train
40352,train
58552,train
21611,train
11488,train
88621,train
15702,train
64509,train
91346,train
93835,train
60002,train
40144,train
70607,train
51240,train
98825,train
50049,train
8180,train
98738,train
86948,train
73478,train
21892,train
6642,train
16888,train
47308,train
48849,train
21115,train
75758,train
61186,train
71784,train
4069,train
62743,train
11181,train
58538,train
85021,train
8651,train
36964,train
26272,train
15612,train
95279,train
30287,train
50539,train
35150,train
19018,train
71102,train
2065,train
93925,train
48001,train
59229,train
21796,train
7350,train
58251,train
13552,train
68582,train
93317,train
26241,train
39990,train
4051,train
68295,train
76684,train
48966,train
43393,train
1109,train
99672,train
91682,train
22612,train
16669,train
5513,train
44718,train
34562,train
83461,train
5901,train
54212,train
78832,train
13246,train
83656,train
87601,train
43534,train
29966,train
35751,train
2234,train
50880,train
446,train
10801,train
83105,train
7832,train
61517,train
74080,train
97813,train
91848,train
62707,train
64754,train
54155,train
16815,train
22886,train
4306,train
23549,train
59179,train
63997,train
5727,train
61395,train
59434,train
80306,train
591,train
39771,train
38560,train
77183,train
65710,train
49980,train
69863,train
66648,train
38219,train
83767,train
92902,train
49554,train
32023,train
97843,train
49561,train
43445,train
69291,train
72165,train
69649,train
15391,train
83861,train
53726,train
53922,train
3964,train
60888,train
79870,train
21807,train
50238,train
35390,train
90216,train
19275,train
75707,train
24056,train
60771,train
19185,train
56936,train
55288,train
93615,train
16945,train
81269,train
17373,train
99229,train
65342,train
56595,train
14271,train
58221,train
35209,train
69116,train
97853,train
84727,train
8932,train
69,train
1893,train
97169,train
10693,train
64351,train
69787,train
9724,train
63379,train
25006,train
17270,train
98938,train
56400,train
48490,train
94514,train
53142,train
12169,train
78191,train
48930,train
84646,train
56818,train
48144,train
75001,train
40253,train
11106,train
68471,train
90285,train
34066,train
10145,train
91250,train
15545,train
55150,train
22302,train
87764,train
90044,train
3318,train
14836,train
5465,train
39310,train
74487,train
67599,train
57639,train
98479,train
13920,train
87175,train
47764,train
65676,train
22247,train
37006,train
22457,train
72060,train
52804,train
7962,train
35667,train
62732,train
7213,train
54385,train
48130,train
2298,train
30290,train
62428,train
48844,train
40634,train
40943,train
52389,train
61402,train
87571,train
8950,train
25942,train
44184,train
36639,train
72700,train
73384,train
50051,train
34536,train
68462,train
82804,train
35423,train
76180,train
25223,train
21119,train
13287,train
97018,train
820,train
27250,train
25171,train
68825,train
89745,train
26455,train
70457,train
71828,train
10423,train
38654,train
28042,train
79129,train
3784,train
50921,train
88736,train
1685,train
39285,train
85311,train
60148,train
4197,train
76255,train
35914,train
8686,train
69582,train
85523,train
67677,train
62861,train
3939,train
77823,train
4789,train
64886,train
3844,train
84749,train
17086,train
37009,train
9868,train
89582,train
80605,train
42802,train
27935,train
60109,train
44177,train
43207,train
18972,train
55434,train
77374,train
69566,train
15096,train
38032,train
7135,train
26891,train
50427,train
84996,train
27245,train
28683,train
82407,train
94733,train
55171,train
37333,train
91858,train
47341,train
13969,train
6520,train
18831,train
24338,train
28317,train
19516,train
61606,train
79334,train
65359,train
8926,train
12872,train
78030,train
86730,train
53560,train
18083,train
11603,train
12302,train
65372,train
50864,train
10513,train
67221,train
31317,train
11777,train
58961,train
2979,train
72425,train
53161,train
29596,train
74500,train
67073,train
59756,train
68479,train
33908,train
4955,train
42549,train
20213,train
59204,train
11712,train
90001,train
1081,train
31136,train
6687,train
5905,train
33972,train
33123,train
11030,train
89110,train
29424,train
38401,train
60150,train
51729,train
86378,train
22250,train
53800,train
92700,train
16329,train
91728,train
68748,train
19840,train
78930,train
48406,train
8848,train
5749,train
29543,train
54427,train
56210,train
93852,train
59784,train
68373,train
1686,train
74052,train
93291,train
90364,train
32774,train
77831,train
7142,train
46878,train
25314,train
22222,train
59519,train
76087,train
60476,train
44033,train
68701,train
9976,train
2608,train
8064,train
95785,train
8991,train
79364,train
44920,train
90276,train
19537,train
49668,train
86100,train
44502,train
70494,train
73299,train
8841,train
8445,train
73173,train
53421,train
10369,train
40679,train
45678,train
94761,train
94361,train
26790,train
78851,train
86451,train
95394,train
35564,train
61614,train
11551,train
22355,train
29763,train
56058,train
32910,train
48878,train
6327,train
28876,train
78004,train
6005,train
81990,train
93428,train
17367,train
7400,train
98754,train
18162,train
10351,train
23667,train
18674,train
30464,train
94219,train
28940,train
32954,train
16071,train
72571,train
21912,train
78026,train
42395,train
1704,train
24705,train
26519,train
80457,train
5715,train
10282,train
37762,train
52165,train
39358,train
93786,train
89279,train
6881,train
31929,train
7780,train
20482,train
90320,train
62727,train
32779,train
3141,train
61933,train
82748,train
46740,train
62107,train
49450,train
21375,train
86462,train
60285,train
28569,train
28287,train
58763,train
68517,train
86637,train
74960,train
9848,train
62000,train
51446,train
62453,train
31092,train
91073,train
93312,train
28090,train
81875,train
63665,train
15847,train
88696,train
32319,train
92498,train
96366,train
80084,train
78104,train
19383,train
68370,train
57238,train
72296,train
21162,train
73738,train
23237,train
69243,train
44060,train
88544,train
85339,train
5902,train
99115,train
39687,train
42577,train
7569,train
25651,train
35773,train
62838,train
72796,train
62624,train
27998,train
11873,train
85285,train
5078,train
76489,train
95250,train
40897,train
89218,train
64820,train
79478,train
5895,train
50679,train
48337,train
36455,train
6540,train
41793,train
92609,train
80602,train
61096,train
72650,train
37192,train
95232,train
24103,train
1654,train
52971,train
61465,train
44921,train
59296,train
77101,train
96956,train
37522,train
12871,train
89495,train
37299,train
93908,train
91236,train
9983,train
9863,train
12728,train
78069,train
40274,train
57323,train
98596,train
37820,train
69623,train
26768,train
56792,train
23514,train
9718,train
57970,train
87538,train
29889,train
27988,train
80672,train
75593,train
66253,train
86797,train
25682,train
92499,train
75272,train
38034,train
85366,train
38926,train
62714,train
78810,train
70812,train
11164,train
31652,train
29118,train
42047,train
87448,train
87963,train
10236,train
76966,train
4870,train
14717,train
1583,train
16113,train
69945,train
79341,train
53978,train
7842,train
49399,train
60329,train
69339,train
6268,train
79899,train
3590,train
76228,train
6531,train
213,train
68261,train
33235,train
47122,train
88209,train
82321,train
29781,train
25117,train
65203,train
55312,train
54082,train
52687,train
77121,train
15645,train
98536,train
33537,train
53212,train
28556,train
79242,train
79553,train
85069,train
4248,train
62670,train
31823,train
9097,train
75687,train
40475,train
46787,train
81866,train
5092,train
68440,train
21973,train
51253,train
83954,train
2870,train
66063,train
95220,train
10702,train
13903,train
93152,train
65848,train
30975,train
17769,train
39135,train
36368,train
5960,train
44898,train
14918,train
41119,train
85267,train
69690,train
54297,train
77920,train
1613,train
36279,train
54239,train
19556,train
54461,train
59049,train
73571,train
36170,train
99676,train
24388,train
62111,train
60801,train
7311,train
2638,train
2708,train
63706,train
70827,train
61412,train
67242,train
10406,train
96285,train
49549,train
43731,train
84593,train
53381,train
19211,train
79577,train
81582,train
28625,train
77133,train
78885,train
91785,train
61099,train
31447,train
44954,train
1823,train
50772,train
12915,train
74281,train
3478,train
9458,train
82710,train
61987,train
53826,train
18570,train
51,train
44271,train
37540,train
66258,train
15863,train
51848,train
66043,train
23162,train
38993,train
66186,train
44353,train
84199,train
14333,train
54007,train
72517,train
4438,train
1776,train
53924,train
56241,train
84895,train
11246,train
79999,train
17726,train
84758,train
4966,train
30207,train
41685,train
81558,train
88533,train
89580,train
94626,train
70158,train
8100,train
92858,train
73220,train
99500,train
40154,train
49614,train
48720,train
4346,train
16516,train
6048,train
3387,train
55728,train
44288,train
75730,train
41431,train
25500,train
466,train
91371,train
7481,train
77770,train
13088,train
32077,train
55158,train
31521,train
12987,train
65134,train
108,train
8562,train
57435,train
5107,train
92351,train
38283,train
48089,train
85611,train
7010,train
8943,train
95778,train
55129,train
7869,train
10772,train
97057,train
32902,train
30933,train
91738,train
30969,train
9893,train
98725,train
73235,train
83768,train
53044,train
94113,train
5509,train
77891,train
34374,train
91254,train
65753,train
39619,train
44924,train
28207,train
2820,train
86696,train
31684,train
85488,train
7726,train
23485,train
51236,train
68464,train
36169,train
97956,train
14749,train
4518,train
77667,train
32228,train
65339,train
88911,train
80326,train
31178,train
30585,train
98139,train
36943,train
41184,train
73707,train
49578,train
15935,train
45942,train
42282,train
38492,train
98692,train
48325,train
94161,train
9232,train
48298,train
48205,train
11263,train
95367,train
86736,train
89631,train
33968,train
67417,train
13360,train
35911,train
5696,train
75089,train
30886,train
11036,train
69265,train
18150,train
97889,train
64014,train
67639,train
22408,train
6978,train
66592,train
92827,train
48473,train
94368,train
58211,train
66611,train
8918,train
85228,train
10196,train
79605,train
85775,train
37826,train
39027,train
76927,train
90535,train
49173,train
80577,train
9160,train
11126,train
5765,train
84808,train
69016,train
27723,train
67830,train
76543,train
8790,train
93015,train
98834,train
88747,train
99661,train
99884,train
3436,train
18799,train
86130,train
32284,train
53401,train
2561,train
99969,train
50938,train
9764,train
60891,train
56645,train
29245,train
85256,train
93938,train
43447,train
60942,train
95507,train
94620,train
66894,train
89157,train
9503,train
40459,train
78628,train
7894,train
97584,train
72541,train
22316,train
66582,train
32369,train
83493,train
50908,train
17714,train
8659,train
55307,train
26362,train
61558,train
2578,train
25250,train
30785,train
18398,train
3147,train
59667,train
95256,train
36680,train
38274,train
65610,train
95308,train
61315,train
7994,train
20840,train
1611,train
11087,train
88487,train
74623,train
92696,train
59528,train
20801,train
38691,train
99985,train
30059,train
88916,train
6185,train
49728,train
90949,train
54482,train
63586,train
62543,train
33060,train
43618,train
82724,train
53438,train
39934,train
9761,train
83847,train
1271,train
23128,train
71630,train
73871,train
14242,train
39673,train
78590,train
60920,train
22489,train
67688,train
47574,train
71967,train
75181,train
53552,train
84268,train
29746,train
45270,train
79474,train
60607,train
75232,train
46925,train
98943,train
26518,train
81254,train
97375,train
6534,train
71815,train
30925,train
48069,train
56485,train
32047,train
33789,train
65675,train
84332,train
24414,train
68967,train
64207,train
71991,train
93724,train
34401,train
67094,train
12301,train
47040,train
94862,train
13556,train
55279,train
732,train
13460,train
90772,train
38345,train
27160,train
78668,train
73210,train
83424,train
61232,train
57704,train
33988,train
32282,train
58312,train
37456,train
98030,train
12851,train
12048,train
51716,train
46259,train
43629,train
12837,train
11762,train
79732,train
88418,train
74826,train
56287,train
46028,train
40329,train
49146,train
44848,train
76320,train
78295,train
29384,train
91516,train
63964,train
75007,train
33320,train
76794,train
50872,train
83952,train
19163,train
11235,train
1159,train
19234,train
219,train
64695,train
97590,train
23768,train
1827,train
19770,train
51397,train
36540,train
35172,train
24206,train
63317,train
46074,train
28476,train
18422,train
61005,train
11217,train
85511,train
94427,train
59959,train
56138,train
16660,train
12484,train
44151,train
1652,train
81055,train
15838,train
53571,train
86808,train
80323,train
66944,train
42307,train
99071,train
78348,train
31218,train
35106,train
78973,train
85658,train
53569,train
23641,train
32209,train
7724,train
45000,train
25866,train
56795,train
24876,train
81759,train
90615,train
46056,train
22357,train
62265,train
39518,train
76933,train
85179,train
35738,train
83784,train
7668,train
43770,train
5466,train
32461,train
9682,train
27662,train
36544,train
69211,train
81207,train
93110,train
8610,train
72201,train
47246,train
7513,train
75602,train
14420,train
38618,train
47759,train
65524,train
81911,train
95956,train
19970,train
37489,train
80153,train
41892,train
13760,train
58743,train
53132,train
72137,train
92394,train
77638,train
73397,train
73424,train
37188,train
85293,train
10243,train
69875,train
60774,train
75163,train
94167,train
4442,train
16719,train
58621,train
76167,train
12123,train
51202,train
90519,train
28726,train
90041,train
12980,train
18858,train
17015,train
62270,train
99522,train
91137,train
70659,train
73329,train
97426,train
75217,train
12227,train
89561,train
40860,train
55352,train
44597,train
82773,train
52607,train
66825,train
33679,train
72664,train
18177,train
90339,train
10218,train
51643,train
48942,train
84577,train
9747,train
47261,train
19952,train
6536,train
75052,train
34842,train
87959,train
42804,train
49021,train
33945,train
67768,train
25778,train
46051,train
90509,train
50373,train
49979,train
86183,train
32326,train
71304,train
3997,train
35526,train
17953,train
18082,train
57854,train
34321,train
78802,train
30977,train
60731,train
59380,train
40344,train
73880,train
84621,train
11830,train
42383,train
50948,train
223,train
74220,train
72130,train
12946,train
88551,train
78974,train
97603,train
15946,train
26108,train
80416,train
61155,train
10113,train
29275,train
89021,train
16374,train
96748,train
19792,train
85439,train
39428,train
89850,train
22005,train
7729,train
84209,train
78861,train
32144,train
38734,train
80172,train
55414,train
99844,train
96388,train
4446,train
36362,train
35123,train
7447,train
39077,train
95657,train
20634,train
43390,train
3405,train
4635,train
69967,train
68366,train
90592,train
12219,train
80922,train
49232,train
54015,train
21795,train
73599,train
66460,train
16556,train
52013,train
18575,train
77736,train
60436,train
53224,train
17258,train
53548,train
15954,train
16617,train
41341,train
90166,train
78812,train
99615,train
27449,train
39996,train
44019,train
90468,train
87744,train
17795,train
44749,train
92621,train
68367,train
71200,train
14953,train
88612,train
37286,train
60879,train
15921,train
13430,train
26418,train
11101,train
76098,train
79651,train
38727,train
4004,train
29793,train
40000,train
16089,train
49464,train
9885,train
34129,train
73719,train
72596,train
35318,train
51666,train
61019,train
53753,train
93438,train
92929,train
18134,train
52658,train
18822,train
83925,train
79329,train
22286,train
26845,train
60700,train
6930,train
35990,train
4991,train
63865,train
43002,train
2694,train
91349,train
75697,train
50524,train
26935,train
74843,train
47915,train
10479,train
87518,train
65178,train
36001,train
77817,train
34033,train
37226,train
33310,train
45562,train
71664,train
97341,train
85150,train
50774,train
74774,train
818,train
92815,train
63636,train
25163,train
74531,train
37685,train
16797,train
29471,train
96735,train
99270,train
8729,train
72223,train
33323,train
84189,train
84527,train
36698,train
720,train
80741,train
86752,train
62112,train
43784,train
46780,train
97458,train
53306,train
87720,train
97243,train
74745,train
63523,train
59254,train
12112,train
97767,train
45066,train
31529,train
46123,train
7160,train
63275,train
87989,train
82403,train
42029,train
1721,train
38708,train
31110,train
8840,train
56973,train
134,train
92424,train
58689,train
12813,train
45675,train
83489,train
46943,train
15016,train
88208,train
69201,train
3205,train
97379,train
53662,train
22158,train
33657,train
44475,train
59653,train
30268,train
36969,train
61812,train
84556,train
84762,train
63723,train
33999,train
47690,train
86801,train
8311,train
24880,train
57686,train
29159,train
88501,train
37430,train
46208,train
33978,train
12757,train
31191,train
1238,train
36770,train
30894,train
79767,train
93561,train
51520,train
79160,train
75473,train
62310,train
2171,train
10400,train
63909,train
75389,train
70794,train
74023,train
6150,train
22261,train
81979,train
68693,train
52595,train
51712,train
16134,train
23813,train
33245,train
57593,train
65787,train
15883,train
26958,train
30111,train
29882,train
66090,train
97191,train
43934,train
64398,train
3186,train
84774,train
85278,train
95906,train
79893,train
37825,train
53803,train
20209,train
44967,train
73937,train
24975,train
70791,train
33393,train
67884,train
65709,train
67684,train
20108,train
36616,train
72131,train
50531,train
93405,train
71072,train
44531,train
27426,train
35319,train
25901,train
88399,train
65520,train
93314,train
24783,train
12700,train
26586,train
2138,train
66036,train
78531,train
23222,train
44456,train
25082,train
93271,train
7484,train
14780,train
89047,train
8764,train
99767,train
99999,train
56990,train
3623,train
61980,train
84653,train
20605,train
43029,train
45588,train
15902,train
57746,train
55571,train
62034,train
32961,train
47264,train
18868,train
49481,train
48889,train
29235,train
96685,train
60078,train
22617,train
58171,train
17705,train
61947,train
31300,train
33525,train
65620,train
21166,train
66085,train
5317,train
49431,train
31203,train
69708,train
24237,train
93074,train
98354,train
95793,train
26132,train
96860,train
25782,train
11607,train
71628,train
39567,train
71545,train
77432,train
78724,train
68961,train
27490,train
56395,train
54674,train
36848,train
29013,train
82166,train
26017,train
41076,train
16871,train
93538,train
25539,train
17063,train
3179,train
67922,train
52464,train
49722,train
91285,train
30048,train
61425,train
84205,train
70220,train
23226,train
34539,train
81850,train
62710,train
90962,train
7635,train
16485,train
59875,train
77248,train
5154,train
34425,train
29713,train
68191,train
85496,train
90004,train
8504,train
760,train
3852,train
61210,train
16978,train
27001,train
33531,train
48831,train
77555,train
97263,train
78669,train
77815,train
23183,train
36483,train
93240,train
43524,train
72414,train
23215,train
71238,train
71185,train
86197,train
47088,train
93194,train
68711,train
25039,train
5636,train
35206,train
62040,train
86212,train
42510,train
95623,train
10354,train
8128,train
17220,train
6758,train
61849,train
17981,train
47774,train
32652,train
21632,train
9543,train
75221,train
64365,train
22605,train
11257,train
51920,train
8500,train
54244,train
844,train
9711,train
21798,train
35425,train
68865,train
78480,train
4979,train
66095,train
24314,train
50648,train
65767,train
87556,train
91163,train
85126,train
50482,train
72998,train
96828,train
33557,train
44083,train
46478,train
99435,train
74305,train
94116,train
37431,train
17806,train
34475,train
4388,train
22502,train
67756,train
43284,train
1183,train
45688,train
9146,train
81417,train
81119,train
90122,train
27003,train
9103,train
71814,train
29098,train
70253,train
80994,train
34474,train
20084,train
81421,train
75897,train
74420,train
20486,train
17448,train
26004,train
8032,train
44775,train
26794,train
4523,train
50834,train
48272,train
81243,train
33666,train
11956,train
73527,train
74552,train
5005,train
21986,train
15997,train
97089,train
50746,train
99448,train
27587,train
83157,train
26196,train
20546,train
29017,train
42838,train
82978,train
98983,train
61452,train
83636,train
23542,train
33695,train
54688,train
36861,train
34887,train
72882,train
59744,train
94705,train
89212,train
19797,train
60697,train
88482,train
20415,train
35731,train
44319,train
2545,train
57818,train
15448,train
98451,train
61064,train
26107,train
82436,train
22631,train
26450,train
2222,train
30665,train
21324,train
61322,train
83072,train
18962,train
84742,train
91549,train
61810,train
86074,train
41881,train
56794,train
85238,train
25317,train
91013,train
60766,train
19066,train
30699,train
33725,train
76058,train
23497,train
1204,train
18130,train
57134,train
7538,train
60390,train
73850,train
5437,train
80933,train
13925,train
80995,train
20782,train
20440,train
66615,train
25330,train
13092,train
10245,train
75800,train
31275,train
57740,train
52111,train
95974,train
95528,train
68504,train
47763,train
85235,train
98836,train
42626,train
43351,train
59793,train
63984,train
88249,train
86169,train
55557,train
32434,train
17620,train
51738,train
52185,train
5048,train
48784,train
8847,train
72323,train
41074,train
84048,train
99399,train
68572,train
7514,train
52086,train
62060,train
3112,train
94566,train
80657,train
58360,train
14224,train
44621,train
28212,train
86478,train
31543,train
63363,train
30936,train
66013,train
4230,train
49301,train
12878,train
93047,train
841,train
30852,train
31853,train
64740,train
12710,train
13894,train
26859,train
75093,train
71031,train
59402,train
84704,train
88665,train
64181,train
16425,train
54780,train
37011,train
50795,train
59467,train
21384,train
29483,train
66897,train
10716,train
35361,train
42031,train
57431,train
27156,train
48901,train
1647,train
76545,train
57462,train
51009,train
74040,train
10494,train
23956,train
45619,train
23441,train
34383,train
93677,train
54819,train
7356,train
85043,train
46154,train
20726,train
29040,train
70239,train
3542,train
88423,train
98050,train
97221,train
19379,train
5454,train
67696,train
41768,train
63574,train
76148,train
83036,train
15911,train
82996,train
16490,train
44888,train
52113,train
64377,train
4014,train
88827,train
20803,train
48074,train
12565,train
91269,train
33818,train
93970,train
63253,train
76517,train
5102,train
24031,train
75617,train
46034,train
21557,train
45735,train
55720,train
41853,train
1502,train
2355,train
14360,train
46677,train
16909,train
963,train
77779,train
16415,train
18245,train
31909,train
84305,train
11843,train
71090,train
92166,train
43523,train
23221,train
3624,train
34140,train
83187,train
26765,train
95209,train
97101,train
52650,train
31685,train
32199,train
24922,train
17100,train
1168,train
54439,train
64953,train
59232,train
69462,train
14495,train
82877,train
43670,train
1298,train
32270,train
6761,train
43080,train
59074,train
35849,train
46354,train
37763,train
48464,train
25147,train
99728,train
66093,train
17207,train
4589,train
55186,train
73032,train
968,train
6898,train
48093,train
85344,train
8873,train
49590,train
38148,train
50684,train
15845,train
26954,train
51727,train
8515,train
47805,train
6404,train
93830,train
58270,train
7997,train
44505,train
30137,train
49610,train
12400,train
31905,train
75454,train
68600,train
26113,train
44562,train
23848,train
8030,train
76252,train
65194,train
98557,train
54544,train
43953,train
84267,train
55628,train
5408,train
55692,train
10627,train
47761,train
33885,train
99387,train
59195,train
33673,train
31944,train
78463,train
45742,train
53291,train
34911,train
7644,train
40525,train
3741,train
16183,train
36215,train
2977,train
53388,train
78778,train
64791,train
81510,train
49649,train
60486,train
9694,train
59333,train
59558,train
76411,train
41067,train
32532,train
60858,train
59856,train
95305,train
41537,train
52898,train
24313,train
22012,train
18967,train
89399,train
30857,train
24384,train
83422,train
2627,train
79260,train
19162,train
38583,train
67842,train
59675,train
41599,train
11590,train
69062,train
99810,train
91408,train
55561,train
51534,train
69530,train
4640,train
91770,train
75573,train
65329,train
40307,train
20171,train
23458,train
38314,train
92597,train
52272,train
51939,train
34328,train
11423,train
19025,train
59389,train
69987,train
7574,train
92105,train
50984,train
41394,train
31951,train
18498,train
26222,train
78231,train
9865,train
19642,train
58228,train
52737,train
90804,train
16678,train
41165,train
53029,train
98681,train
53241,train
3253,train
22973,train
65002,train
21780,train
63786,train
68814,train
36213,train
82528,train
55503,train
71140,train
47196,train
39396,train
77088,train
76904,train
60413,train
1839,train
71308,train
66449,train
87120,train
48387,train
90162,train
56164,train
57321,train
26929,train
56023,train
88197,train
46372,train
29325,train
12410,train
73700,train
48729,train
82698,train
86141,train
55668,train
43835,train
15745,train
9315,train
97953,train
70031,train
68882,train
5761,train
29652,train
41199,train
88029,train
54613,train
21689,train
23401,train
35528,train
47808,train
64169,train
98374,train
19405,train
81300,train
28097,train
69832,train
45584,train
12414,train
80680,train
41142,train
34825,train
77646,train
7169,train
94962,train
95429,train
72107,train
78116,train
32681,train
72574,train
2667,train
10495,train
40020,train
72282,train
1397,train
72357,train
21046,train
54147,train
42364,train
24904,train
65076,train
75577,train
63578,train
88195,train
36565,train
3198,train
82869,train
80438,train
3528,train
14381,train
83175,train
34062,train
93028,train
66089,train
51082,train
7633,train
77592,train
41234,train
80215,train
88147,train
87058,train
27747,train
72936,train
5802,train
85637,train
107,train
992,train
53408,train
13313,train
39519,train
12015,train
63833,train
48773,train
32993,train
38468,train
50884,train
35362,train
74111,train
93031,train
36005,train
9346,train
10536,train
95261,train
98740,train
52369,train
6895,train
48638,train
98600,train
46348,train
3695,train
8590,train
46303,train
69337,train
46735,train
42885,train
78988,train
80233,train
44800,train
73274,train
66225,train
15981,train
70581,train
68707,train
31566,train
41667,train
45731,train
35216,train
92115,train
78092,train
20010,train
2003,train
84644,train
29902,train
82215,train
71208,train
51695,train
15968,train
83849,train
5363,train
58521,train
58378,train
38744,train
48819,train
87727,train
27265,train
24697,train
85368,train
53538,train
19165,train
77153,train
33815,train
70121,train
36387,train
51674,train
25805,train
75608,train
46221,train
24436,train
9122,train
20493,train
81647,train
61034,train
11656,train
1340,train
78150,train
74584,train
92007,train
74688,train
50895,train
51217,train
62406,train
36236,train
62037,train
12685,train
97874,train
35137,train
64124,train
59155,train
96419,train
82490,train
51867,train
78831,train
83738,train
37969,train
81044,train
50284,train
21019,train
83104,train
88841,train
72283,train
35841,train
58485,train
44306,train
12224,train
42786,train
79082,train
98972,train
86813,train
58028,train
46973,train
30409,train
71757,train
61154,train
91526,train
51883,train
25628,train
2430,train
9882,train
20550,train
38998,train
87352,train
12762,train
22115,train
49054,train
41267,train
16165,train
41484,train
45907,train
85603,train
44985,train
3049,train
44940,train
17999,train
59274,train
69544,train
48289,train
29071,train
63714,train
67380,train
81927,train
93414,train
47321,train
56402,train
44351,train
93714,train
37162,train
3912,train
34754,train
85562,train
13699,train
1,train
75450,train
38047,train
32683,train
465,train
65116,train
24117,train
5892,train
6756,train
34228,train
53766,train
85683,train
76378,train
3409,train
86441,train
35091,train
34662,train
17022,train
92764,train
5516,train
75300,train
93244,train
84580,train
71494,train
77588,train
74788,train
16773,train
92097,train
50381,train
48898,train
61876,train
18324,train
97285,train
51014,train
39958,train
63402,train
81574,train
12390,train
43283,train
88653,train
39832,train
20804,train
2056,train
21932,train
57531,train
14467,train
33500,train
30481,train
38451,train
47557,train
17402,train
48637,train
15878,train
75178,train
95761,train
3447,train
7472,train
14538,train
45865,train
69891,train
60214,train
5235,train
41158,train
35545,train
24973,train
63411,train
39121,train
45161,train
71778,train
77325,train
20975,train
88218,train
8695,train
46483,train
65086,train
94730,train
85071,train
79054,train
80607,train
77549,train
23461,train
76415,train
33952,train
55775,train
57394,train
5543,train
95087,train
52656,train
4840,train
75286,train
74053,train
75203,train
58886,train
84265,train
42199,train
80642,train
62469,train
72118,train
31535,train
13474,train
2144,train
45113,train
57277,train
78574,train
36046,train
60967,train
72262,train
66205,train
93789,train
44203,train
12382,train
14747,train
78044,train
54671,train
58013,train
3591,train
70831,train
55470,train
32953,train
66006,train
97845,train
27134,train
49308,train
8220,train
49332,train
33830,train
28863,train
10741,train
16711,train
63403,train
93808,train
53252,train
24185,train
91818,train
28247,train
80726,train
95936,train
59278,train
20452,train
82553,train
35949,train
27451,train
47056,train
15335,train
66920,train
27141,train
29328,train
39290,train
39232,train
38339,train
84420,train
30089,train
11317,train
45267,train
21132,train
15089,train
42808,train
27131,train
50960,train
28567,train
39355,train
8575,train
27069,train
2324,train
3019,train
77316,train
99331,train
21676,train
42246,train
97378,train
90350,train
48686,train
67943,train
58186,train
39325,train
43291,train
53149,train
76285,train
60949,train
47751,train
61544,train
44541,train
37492,train
48449,train
51159,train
63608,train
94764,train
38427,train
26856,train
74360,train
40623,train
64084,train
55098,train
6264,train
89340,train
47102,train
60649,train
98171,train
5301,train
6170,train
57086,train
80643,train
44680,train
81792,train
77758,train
24094,train
21947,train
95098,train
62947,train
19201,train
14411,train
49717,train
27971,train
3098,train
81848,train
95501,train
23987,train
39304,train
96949,train
81257,train
26015,train
64958,train
74919,train
73378,train
53318,train
63842,train
37372,train
70849,train
38797,train
53447,train
96466,train
27380,train
69654,train
71107,train
73706,train
79879,train
38899,train
20682,train
56238,train
25720,train
47333,train
53354,train
69815,train
4224,train
73023,train
38397,train
33314,train
7943,train
64174,train
52593,train
9343,train
43728,train
31433,train
69232,train
33107,train
74057,train
2737,train
29115,train
53521,train
51251,train
38358,train
94577,train
49094,train
46422,train
8000,train
99430,train
80928,train
80980,train
72953,train
21363,train
72227,train
90230,train
95903,train
65715,train
9966,train
89565,train
87836,train
69113,train
1650,train
17067,train
87755,train
49533,train
44027,train
8169,train
27244,train
71394,train
72829,train
1914,train
63946,train
6092,train
25282,train
82038,train
72038,train
3376,train
84017,train
93805,train
17864,train
96345,train
31894,train
1130,train
4839,train
8974,train
54237,train
51735,train
47443,train
29919,train
90765,train
54205,train
75855,train
5797,train
96422,train
48367,train
69419,train
88376,train
34227,train
44325,train
91047,train
66185,train
17591,train
71551,train
84329,train
71872,train
16187,train
40444,train
93249,train
72588,train
38564,train
46443,train
30436,train
69785,train
11007,train
4947,train
45429,train
9541,train
87314,train
2283,train
7190,train
94408,train
49157,train
29617,train
59650,train
93592,train
77957,train
57454,train
66324,train
98880,train
80637,train
97529,train
14444,train
12491,train
96086,train
81683,train
20445,train
66661,train
71997,train
87256,train
43236,train
34030,train
79456,train
10953,train
16849,train
73699,train
16151,train
25120,train
19339,train
30786,train
88182,train
42418,train
51611,train
75804,train
65180,train
87266,train
91789,train
61094,train
37126,train
82985,train
7540,train
89251,train
13631,train
24429,train
23412,train
29906,train
34281,train
34007,train
85553,train
37426,train
29292,train
53617,train
84270,train
70460,train
17931,train
81826,train
48056,train
6354,train
39475,train
61628,train
59437,train
24828,train
38822,train
59016,train
66928,train
17922,train
410,train
55681,train
55658,train
42435,train
93300,train
87461,train
40244,train
23402,train
16599,train
21764,train
72647,train
28449,train
55061,train
92861,train
40079,train
2801,train
48395,train
16664,train
48465,train
65669,train
31380,train
78093,train
16962,train
86994,train
64383,train
2918,train
73904,train
97396,train
48346,train
692,train
70436,train
61041,train
11293,train
64665,train
94458,train
62648,train
29562,train
449,train
55121,train
64731,train
94421,train
35934,train
20059,train
10390,train
51686,train
39051,train
7885,train
22167,train
53578,train
627,train
14855,train
61075,train
44781,train
55102,train
73017,train
16407,train
41163,train
33246,train
94206,train
95242,train
29147,train
75690,train
31393,train
49565,train
11393,train
14938,train
18274,train
2519,train
24193,train
63717,train
52255,train
13999,train
22084,train
94540,train
81600,train
57327,train
68128,train
62286,train
46482,train
257,train
29156,train
34285,train
17397,train
80205,train
12435,train
119,train
32265,train
87533,train
74525,train
1900,train
27487,train
26957,train
5862,train
4343,train
16094,train
1467,train
43325,train
12938,train
7379,train
74026,train
36335,train
24790,train
49672,train
89940,train
65005,train
37933,train
39038,train
31723,train
14761,train
87864,train
87378,train
31898,train
81195,train
75888,train
27795,train
91006,train
91318,train
51857,train
64567,train
56802,train
29076,train
64265,train
62908,train
18264,train
82583,train
90887,train
24058,train
92199,train
24426,train
96395,train
72199,train
62994,train
49943,train
22011,train
77122,train
21211,train
5857,train
83660,train
90409,train
8623,train
26928,train
53634,train
33415,train
4309,train
30913,train
54405,train
73000,train
10015,train
71317,train
89838,train
65659,train
58001,train
73377,train
41198,train
81682,train
13139,train
1729,train
55084,train
96666,train
65893,train
32637,train
12197,train
80603,train
98867,train
21995,train
41973,train
309,train
71442,train
66733,train
92649,train
55389,train
91695,train
60158,train
3298,train
76987,train
26104,train
54502,train
8598,train
5843,train
69370,train
46456,train
39309,train
51340,train
17360,train
62902,train
89053,train
23217,train
23164,train
20742,train
34790,train
19890,train
84388,train
34798,train
77099,train
61125,train
51294,train
14873,train
5796,train
34141,train
1486,train
83667,train
75762,train
48642,train
28480,train
22738,train
25624,train
43698,train
69391,train
53758,train
52475,train
88363,train
9627,train
63367,train
41622,train
47958,train
98258,train
769,train
969,train
91611,train
48083,train
1806,train
34594,train
54387,train
44347,train
12530,train
94445,train
72334,train
21890,train
81389,train
4062,train
35837,train
81607,train
39511,train
56625,train
19402,train
22028,train
13616,train
30547,train
36685,train
62478,train
70910,train
43033,train
90304,train
57526,train
90672,train
62939,train
18513,train
36748,train
87612,train
20158,train
106,train
97234,train
69824,train
13858,train
14809,train
97952,train
92186,train
37390,train
45205,train
10816,train
29088,train
78803,train
48012,train
99355,train
49749,train
39951,train
22451,train
80848,train
30225,train
90640,train
54747,train
57582,train
29797,train
97708,train
98114,train
11356,train
67115,train
69937,train
23505,train
63787,train
43808,train
71590,train
17757,train
21672,train
39002,train
54393,train
42244,train
74503,train
9467,train
64233,train
45517,train
76330,train
62877,train
70402,train
24982,train
44077,train
22309,train
53060,train
7254,train
39721,train
14047,train
1998,train
89504,train
93954,train
47566,train
14024,train
46871,train
90977,train
49467,train
1705,train
25546,train
29860,train
85090,train
79828,train
48762,train
22058,train
97468,train
89172,train
69114,train
19182,train
86398,train
98058,train
53350,train
21275,train
33543,train
13783,train
46687,train
28570,train
38810,train
98283,train
21685,train
19817,train
74096,train
70940,train
2278,train
1564,train
60460,train
7775,train
39776,train
39073,train
69758,train
44200,train
55044,train
99122,train
40846,train
86538,train
87882,train
78076,train
79866,train
984,train
38127,train
33086,train
97482,train
62161,train
89378,train
71831,train
44042,train
1768,train
98559,train
12413,train
36487,train
63383,train
37100,train
17580,train
93673,train
59431,train
33854,train
51562,train
47777,train
13947,train
27050,train
18767,train
42664,train
11368,train
61079,train
87263,train
12930,train
34215,train
25300,train
98953,train
20684,train
17717,train
42934,train
24089,train
44857,train
98352,train
72356,train
55630,train
71992,train
92876,train
69023,train
85771,train
99971,train
8243,train
59014,train
63729,train
70750,train
70266,train
36827,train
71802,train
87583,train
77710,train
38955,train
94350,train
67140,train
48427,train
89293,train
37266,train
75678,train
72451,train
61650,train
41952,train
50497,train
39061,train
71398,train
91525,train
55733,train
93616,train
14894,train
19191,train
74844,train
340,train
77371,train
80674,train
29352,train
90392,train
77433,train
8034,train
36792,train
29547,train
85022,train
32251,train
15822,train
93588,train
45844,train
43819,train
87170,train
99039,train
47479,train
85599,train
51715,train
121,train
833,train
13319,train
4325,train
65061,train
5601,train
16155,train
42908,train
67431,train
81731,train
32971,train
37182,train
19194,train
10837,train
5959,train
88026,train
75479,train
65928,train
61741,train
95411,train
43766,train
60081,train
76496,train
59491,train
64848,train
97912,train
30633,train
39581,train
79884,train
1832,train
45990,train
74587,train
12432,train
90351,train
46936,train
23855,train
96948,train
26079,train
21034,train
55782,train
36985,train
91178,train
83766,train
9538,train
80341,train
90069,train
13973,train
16119,train
54035,train
50532,train
21742,train
29197,train
50141,train
25693,train
92196,train
7244,train
4672,train
17686,train
76099,train
21951,train
86368,train
7252,train
49820,train
89482,train
20570,train
72382,train
11901,train
32529,train
85012,train
59944,train
90248,train
6805,train
42916,train
80845,train
36812,train
49382,train
26968,train
64618,train
39836,train
8331,train
35418,train
7315,train
65419,train
93694,train
74654,train
10051,train
65402,train
21,train
57788,train
71039,train
33625,train
36404,train
12551,train
16132,train
46860,train
36429,train
81907,train
5919,train
25659,train
35190,train
25090,train
66206,train
14119,train
17359,train
58592,train
90219,train
27076,train
68436,train
65732,train
30183,train
68789,train
18200,train
10873,train
15370,train
63006,train
4099,train
77611,train
22276,train
7455,train
39667,train
8395,train
27568,train
88205,train
31660,train
38950,train
33576,train
14233,train
52381,train
31446,train
59831,train
96269,train
58944,train
71264,train
36993,train
3703,train
76446,train
34471,train
18313,train
81767,train
73780,train
26348,train
22531,train
98892,train
52123,train
29896,train
97334,train
2094,train
81116,train
22191,train
48045,train
19920,train
14581,train
79477,train
67810,train
22285,train
40286,train
58776,train
9842,train
22556,train
77302,train
50861,train
35263,train
7230,train
59883,train
78200,train
93214,train
24837,train
79995,train
2639,train
72525,train
35845,train
77187,train
90757,train
99438,train
87412,train
32043,train
58078,train
69032,train
39405,train
66182,train
42270,train
95188,train
93384,train
41603,train
78145,train
40626,train
36301,train
84330,train
89222,train
50702,train
1210,train
53276,train
34892,train
70338,train
15757,train
56103,train
62050,train
24022,train
47553,train
62322,train
765,train
21856,train
12994,train
79666,train
67111,train
12841,train
87662,train
74130,train
51762,train
87080,train
68905,train
63043,train
40231,train
20589,train
82234,train
49007,train
78756,train
55426,train
38237,train
47211,train
60136,train
98238,train
56434,train
28503,train
77078,train
83511,train
1805,train
31076,train
96744,train
69653,train
79849,train
96162,train
85575,train
63991,train
13722,train
42930,train
91694,train
6799,train
84620,train
94920,train
81667,train
89509,train
70013,train
60084,train
11045,train
57337,train
59868,train
31733,train
16657,train
99307,train
91907,train
28750,train
70516,train
2867,train
26930,train
9386,train
89861,train
2814,train
24439,train
54892,train
25238,train
67022,train
24899,train
39287,train
62886,train
60573,train
39959,train
30320,train
76510,train
11938,train
51011,train
94694,train
51342,train
45851,train
20250,train
78330,train
81584,train
12735,train
65662,train
28368,train
26976,train
4336,train
3162,train
47121,train
85559,train
26822,train
45466,train
63370,train
45922,train
68652,train
87210,train
12299,train
74452,train
35445,train
77351,train
80627,train
3829,train
92799,train
32657,train
42533,train
2136,train
98711,train
63315,train
74764,train
51517,train
60494,train
29121,train
35265,train
32633,train
12205,train
21080,train
25246,train
48442,train
52743,train
24729,train
45524,train
90760,train
18159,train
57800,train
13466,train
99916,train
30057,train
17619,train
14669,train
93721,train
92261,train
38114,train
50498,train
96164,train
80787,train
88459,train
11148,train
60970,train
12183,train
49684,train
7536,train
29117,train
26704,train
95762,train
25664,train
35039,train
19103,train
46444,train
71077,train
47875,train
67005,train
84210,train
3012,train
31221,train
49525,train
24764,train
18862,train
27600,train
72977,train
88441,train
86628,train
14131,train
90294,train
38711,train
45857,train
51268,train
12791,train
27101,train
22552,train
18064,train
48552,train
53143,train
4998,train
10368,train
29354,train
65289,train
48839,train
27807,train
51072,train
33635,train
73118,train
21773,train
95446,train
3150,train
68022,train
21610,train
5341,train
73154,train
76007,train
20495,train
57888,train
63372,train
20759,train
27586,train
52178,train
52838,train
23881,train
99868,train
23263,train
83408,train
35197,train
15518,train
80495,train
1276,train
67559,train
55686,train
89749,train
17727,train
35278,train
95836,train
41247,train
99491,train
50440,train
65944,train
47085,train
83321,train
91342,train
75070,train
44279,train
83848,train
81865,train
61051,train
57055,train
60140,train
38634,train
96003,train
34391,train
27656,train
14778,train
66923,train
27000,train
63621,train
19923,train
47918,train
27247,train
2221,train
88129,train
18929,train
37618,train
72986,train
69825,train
74066,train
29884,train
88073,train
33425,train
12136,train
88020,train
73920,train
94004,train
52685,train
82441,train
25099,train
8581,train
88707,train
83722,train
88159,train
17783,train
85261,train
4670,train
56799,train
22071,train
59023,train
17163,train
18921,train
70813,train
34793,train
97852,train
53760,train
7720,train
65601,train
22770,train
18676,train
23790,train
70348,train
75679,train
62421,train
87495,train
72856,train
64036,train
17447,train
66707,train
10461,train
36193,train
54776,train
74256,train
68478,train
89856,train
16947,train
79954,train
54014,train
80456,train
34334,train
74075,train
49569,train
49284,train
18556,train
85694,train
84789,train
37547,train
78939,train
82064,train
37908,train
88263,train
38967,train
99436,train
69140,train
11658,train
88452,train
63258,train
72245,train
83594,train
89416,train
66038,train
56470,train
82828,train
3684,train
98748,train
96798,train
24377,train
27804,train
49811,train
20966,train
12784,train
98491,train
2961,train
56879,train
55388,train
13167,train
6275,train
76051,train
74226,train
25371,train
73071,train
10550,train
49345,train
97811,train
38534,train
52041,train
7606,train
82946,train
305,train
7689,train
71438,train
68003,train
50668,train
84526,train
5473,train
45041,train
68875,train
68300,train
93809,train
12918,train
86518,train
53005,train
15890,train
94064,train
56079,train
42164,train
13021,train
23444,train
7969,train
26510,train
91192,train
81939,train
51765,train
30602,train
98351,train
40308,train
82249,train
7113,train
76595,train
28300,train
55240,train
60988,train
96974,train
57351,train
58787,train
2768,train
74568,train
24367,train
30796,train
53698,train
59691,train
6364,train
47635,train
89421,train
5452,train
82069,train
39507,train
65452,train
7440,train
54409,train
6198,train
34938,train
24537,train
3910,train
72660,train
43966,train
94434,train
37629,train
12086,train
27060,train
71180,train
51579,train
50950,train
64172,train
97441,train
19856,train
18675,train
83068,train
70074,train
66834,train
62338,train
48951,train
11814,train
83873,train
64891,train
93437,train
53828,train
86246,train
12089,train
81048,train
59750,train
78059,train
72432,train
94985,train
32444,train
92509,train
85832,train
17729,train
73711,train
77542,train
80979,train
36177,train
21855,train
68706,train
24952,train
21849,train
8341,train
40485,train
58143,train
87808,train
98152,train
70297,train
28740,train
86406,train
76892,train
95901,train
89988,train
25825,train
3169,train
17467,train
3262,train
64943,train
19050,train
87385,train
71033,train
84779,train
70765,train
60946,train
42904,train
3462,train
52135,train
3973,train
93260,train
22454,train
12868,train
24490,train
60732,train
16587,train
34612,train
94818,train
64989,train
82993,train
57099,train
75977,train
26112,train
75636,train
39787,train
46557,train
9099,train
79971,train
73201,train
65487,train
337,train
16314,train
85929,train
7475,train
57226,train
65185,train
82475,train
53259,train
93584,train
96883,train
87777,train
98649,train
89989,train
31375,train
54778,train
1769,train
68491,train
34049,train
25963,train
3022,train
82684,train
93858,train
43684,train
60064,train
27827,train
72349,train
20625,train
62713,train
10355,train
53416,train
18679,train
49819,train
80049,train
96077,train
45685,train
47533,train
76379,train
64898,train
23020,train
64326,train
60216,train
41936,train
80538,train
29224,train
39902,train
56753,train
36720,train
84814,train
67118,train
21371,train
28430,train
80146,train
16712,train
49161,train
50256,train
41012,train
23077,train
58231,train
47433,train
87141,train
47618,train
41516,train
7578,train
990,train
61332,train
26568,train
60206,train
78642,train
10232,train
90555,train
96779,train
45545,train
40302,train
74310,train
22561,train
54091,train
69716,train
92467,train
58460,train
26590,train
65889,train
75445,train
54883,train
82425,train
27898,train
83002,train
92363,train
49664,train
11763,train
20224,train
71939,train
91600,train
37610,train
56357,train
73521,train
75991,train
92506,train
13739,train
22759,train
21289,train
59575,train
3058,train
44318,train
27534,train
57381,train
68433,train
50934,train
89380,train
31989,train
39786,train
27565,train
43420,train
63166,train
89618,train
36293,train
27802,train
83084,train
56552,train
85321,train
24420,train
30715,train
94955,train
38485,train
53274,train
3155,train
33622,train
89018,train
1982,train
93071,train
92262,train
51457,train
18110,train
25343,train
37434,train
82492,train
22380,train
30998,train
34068,train
72712,train
40624,train
24349,train
97439,train
47636,train
52375,train
99658,train
36882,train
28743,train
8663,train
24226,train
79427,train
29886,train
47955,train
98942,train
30428,train
14735,train
64744,train
90573,train
94839,train
75743,train
77789,train
8051,train
62287,train
58019,train
19470,train
22630,train
85948,train
57265,train
62098,train
27198,train
98682,train
10849,train
98968,train
80727,train
37852,train
48858,train
1990,train
64296,train
98106,train
36889,train
2322,train
92127,train
12571,train
87146,train
58169,train
37227,train
69524,train
21430,train
41081,train
96139,train
75058,train
91176,train
31089,train
49358,train
70971,train
71842,train
28641,train
43878,train
37723,train
82362,train
94965,train
51946,train
90032,train
68051,train
96553,train
39644,train
66574,train
76824,train
32584,train
20184,train
63548,train
91152,train
40445,train
90997,train
73423,train
39435,train
67746,train
36733,train
24482,train
12852,train
76368,train
79952,train
37906,train
21992,train
82010,train
9700,train
77,train
76757,train
2989,train
34796,train
46525,train
12250,train
90011,train
95061,train
73315,train
25338,train
8364,train
22369,train
79607,train
30504,train
85491,train
91134,train
11233,train
69011,train
44556,train
85900,train
34709,train
72857,train
48422,train
77281,train
44559,train
84857,train
45282,train
33831,train
84926,train
32437,train
89554,train
21010,train
74551,train
48025,train
6974,train
38293,train
66466,train
546,train
78811,train
69000,train
6695,train
25169,train
63872,train
83319,train
40327,train
71389,train
18041,train
60709,train
25529,train
50286,train
61918,train
44435,train
57718,train
42267,train
18871,train
33357,train
44708,train
54514,train
49192,train
81787,train
68803,train
7024,train
54202,train
98348,train
41630,train
79625,train
28340,train
78573,train
52676,train
26890,train
78036,train
14908,train
61419,train
10067,train
90905,train
47504,train
96116,train
44372,train
59072,train
41054,train
90595,train
62025,train
26775,train
5708,train
96784,train
67734,train
6754,train
43042,train
65495,train
43701,train
8079,train
49024,train
66521,train
50690,train
87939,train
23903,train
99278,train
955,train
508,train
5964,train
28632,train
40291,train
20008,train
89865,train
20505,train
61262,train
34106,train
20217,train
15451,train
41334,train
10906,train
91711,train
6626,train
81596,train
64816,train
86363,train
65940,train
96378,train
67044,train
53449,train
48332,train
1124,train
11614,train
36707,train
80506,train
7034,train
2408,train
11170,train
47989,train
74128,train
46813,train
99935,train
39301,train
34360,train
24232,train
99993,train
12404,train
4964,train
11518,train
2636,train
74802,train
82916,train
81854,train
40367,train
44759,train
74009,train
82231,train
38146,train
97398,train
56553,train
75422,train
43764,train
69782,train
53529,train
65014,train
2055,train
32040,train
71856,train
23462,train
99427,train
93583,train
74545,train
49671,train
34861,train
67880,train
7462,train
48071,train
98252,train
98839,train
92951,train
46042,train
35025,train
71199,train
14864,train
17262,train
53565,train
34648,train
85153,train
49199,train
57724,train
27193,train
56203,train
79596,train
83785,train
42715,train
25560,train
47175,train
77066,train
50463,train
84052,train
91891,train
97022,train
9734,train
57230,train
37797,train
80579,train
48112,train
70657,train
32776,train
77244,train
59711,train
60551,train
6345,train
29634,train
57939,train
60238,train
17116,train
2701,train
343,train
19740,train
15294,train
23107,train
14091,train
78387,train
7901,train
23274,train
2611,train
70707,train
13658,train
72117,train
51553,train
98761,train
77345,train
84099,train
71054,train
91461,train
59889,train
76455,train
88644,train
14779,train
17384,train
73759,train
34804,train
57811,train
91753,train
15586,train
1354,train
47698,train
43140,train
95445,train
6713,train
8172,train
87754,train
20897,train
78511,train
33105,train
86430,train
14550,train
86218,train
15790,train
92192,train
91267,train
6911,train
40416,train
58707,train
96081,train
31489,train
6562,train
34741,train
81936,train
46997,train
59410,train
91003,train
67159,train
8062,train
44304,train
23955,train
79590,train
65712,train
83531,train
73675,train
90192,train
84260,train
77197,train
96957,train
74624,train
95588,train
20929,train
93210,train
18127,train
33218,train
84004,train
48495,train
94424,train
33200,train
94218,train
9022,train
82884,train
24624,train
31942,train
9090,train
17941,train
98931,train
87065,train
15436,train
68499,train
52551,train
66850,train
12606,train
13091,train
12702,train
4844,train
5478,train
93826,train
5156,train
83538,train
95123,train
53757,train
40452,train
98562,train
49,train
34715,train
7666,train
96386,train
40524,train
43851,train
35392,train
23249,train
68700,train
77410,train
34460,train
9107,train
98206,train
99325,train
52630,train
54923,train
88351,train
29950,train
78785,train
98443,train
68818,train
24587,train
1035,train
99212,train
3533,train
59293,train
79177,train
34034,train
53742,train
40413,train
53015,train
54560,train
46644,train
56098,train
34316,train
10395,train
49472,train
53692,train
52769,train
23435,train
81148,train
1253,train
62213,train
63384,train
80367,train
8292,train
62319,train
87707,train
68121,train
28012,train
57553,train
19779,train
58480,train
60391,train
13234,train
55860,train
13241,train
52159,train
8238,train
73240,train
86876,train
93636,train
11396,train
34484,train
27062,train
85880,train
97948,train
67841,train
7338,train
22596,train
26699,train
86410,train
86504,train
8767,train
66750,train
15450,train
9835,train
30264,train
25329,train
50505,train
70743,train
31972,train
37853,train
27810,train
33205,train
94542,train
97490,train
39648,train
18930,train
90313,train
42822,train
52590,train
38938,train
34393,train
67160,train
71012,train
71560,train
68375,train
31982,train
62561,train
66858,train
75174,train
72224,train
54812,train
15482,train
37385,train
32962,train
49041,train
65382,train
87592,train
74104,train
53407,train
9993,train
43788,train
33391,train
79032,train
65506,train
38880,train
62314,train
92511,train
56142,train
28008,train
95204,train
8024,train
86202,train
1493,train
23070,train
7241,train
21740,train
29055,train
93569,train
34466,train
90426,train
76020,train
44795,train
89512,train
51622,train
99566,train
64670,train
74433,train
24997,train
62439,train
63887,train
13142,train
69864,train
60937,train
95177,train
96098,train
55359,train
58606,train
71406,train
32509,train
42632,train
7249,train
90482,train
21835,train
20361,train
81898,train
1326,train
8850,train
27157,train
76117,train
14599,train
3683,train
71207,train
82374,train
2711,train
48405,train
82829,train
54098,train
28139,train
9061,train
27703,train
9910,train
77816,train
44046,train
10911,train
32291,train
89974,train
81901,train
18020,train
99418,train
34882,train
53515,train
6767,train
49495,train
35632,train
81524,train
73293,train
68449,train
47552,train
91114,train
4866,train
75583,train
68914,train
33629,train
96323,train
28823,train
24991,train
15496,train
93851,train
55351,train
36365,train
71032,train
62375,train
50017,train
71795,train
962,train
34187,train
20295,train
60672,train
45519,train
79100,train
10033,train
76132,train
94842,train
9602,train
24194,train
4141,train
13054,train
14017,train
65216,train
53018,train
60681,train
1328,train
62770,train
56126,train
33208,train
16233,train
39257,train
92068,train
98068,train
11643,train
67669,train
96163,train
92197,train
45581,train
55793,train
8203,train
19572,train
81381,train
6953,train
68470,train
6158,train
6557,train
52837,train
4763,train
96495,train
31977,train
59447,train
7693,train
91989,train
43915,train
85300,train
83651,train
90197,train
64121,train
85032,train
8005,train
70550,train
59336,train
22732,train
7893,train
41001,train
25354,train
16284,train
15729,train
75542,train
24060,train
29527,train
76743,train
39264,train
57291,train
58115,train
80051,train
13351,train
27,train
49969,train
14926,train
12108,train
4567,train
81249,train
66919,train
65412,train
97765,train
39599,train
82324,train
77855,train
48341,train
38495,train
50932,train
18229,train
64908,train
76625,train
35329,train
33041,train
53114,train
24311,train
42974,train
55834,train
17326,train
67537,train
3233,train
26426,train
60368,train
1912,train
2446,train
67750,train
51041,train
43259,train
37264,train
47736,train
45633,train
88986,train
49404,train
42389,train
15340,train
84372,train
77285,train
80697,train
669,train
41149,train
56997,train
79985,train
91457,train
2449,train
37342,train
7234,train
38939,train
4371,train
90337,train
93731,train
97087,train
36783,train
18251,train
31587,train
70211,train
44927,train
82910,train
71780,train
33804,train
93641,train
1468,train
32750,train
86862,train
67224,train
42966,train
58501,train
94485,train
28681,train
48320,train
76323,train
41082,train
8389,train
97013,train
10129,train
27788,train
37198,train
69586,train
68148,train
63870,train
10546,train
88987,train
72683,train
18961,train
34367,train
59731,train
74301,train
95718,train
47850,train
53294,train
24838,train
38959,train
65256,train
79342,train
44104,train
61113,train
84853,train
93785,train
77552,train
63932,train
53863,train
62709,train
857,train
90557,train
49476,train
36907,train
88618,train
53115,train
72441,train
79587,train
55678,train
74304,train
7446,train
66447,train
43911,train
80355,train
19153,train
74627,train
809,train
81302,train
1490,train
550,train
35851,train
7460,train
71636,train
6355,train
60292,train
6664,train
23527,train
77300,train
88118,train
16609,train
79058,train
23900,train
17484,train
33177,train
23232,train
7094,train
35069,train
70465,train
99302,train
79513,train
22090,train
80106,train
13417,train
80514,train
43987,train
77135,train
18525,train
50792,train
2749,train
1722,train
55137,train
76118,train
914,train
38098,train
52531,train
52349,train
61355,train
27519,train
82805,train
98218,train
86675,train
1967,train
16911,train
49263,train
89192,train
60886,train
96679,train
70369,train
5612,train
76454,train
11178,train
4458,train
65035,train
36283,train
60426,train
41707,train
44971,train
43988,train
80284,train
69698,train
6950,train
89255,train
89616,train
5320,train
56886,train
54355,train
80548,train
58908,train
78607,train
30624,train
6778,train
87968,train
27493,train
35971,train
7670,train
45849,train
55329,train
90341,train
23531,train
57499,train
52414,train
62831,train
76501,train
52076,train
51616,train
88970,train
6678,train
68086,train
90120,train
13019,train
55471,train
43505,train
40259,train
48266,train
91126,train
15585,train
69235,train
58476,train
96234,train
63522,train
69393,train
72236,train
45606,train
96507,train
96616,train
32216,train
94498,train
82660,train
88238,train
27249,train
71395,train
41042,train
71042,train
4367,train
6260,train
91817,train
12587,train
30231,train
41968,train
94515,train
18362,train
95977,train
41715,train
78060,train
64403,train
71084,train
50603,train
73148,train
10648,train
12139,train
93468,train
34847,train
86155,train
24493,train
12188,train
43947,train
7529,train
53968,train
38268,train
98840,train
17829,train
72752,train
85394,train
57423,train
48909,train
9685,train
72645,train
77268,train
17679,train
71666,train
75547,train
98997,train
44894,train
83324,train
20372,train
48770,train
98054,train
70883,train
10327,train
66856,train
98285,train
5360,train
59903,train
40200,train
11605,train
32113,train
97807,train
85986,train
15423,train
73294,train
61912,train
10335,train
56093,train
3817,train
41840,train
85691,train
14404,train
26662,train
46703,train
78065,train
66169,train
11525,train
24235,train
2301,train
53944,train
26559,train
59189,train
93039,train
18578,train
80016,train
6665,train
69195,train
24102,train
99951,train
22813,train
7330,train
59459,train
24744,train
83903,train
69033,train
18085,train
50187,train
89424,train
27011,train
74903,train
13759,train
77140,train
50534,train
97657,train
60318,train
91572,train
13512,train
24041,train
43214,train
49887,train
92749,train
44241,train
81364,train
58034,train
34371,train
98833,train
94570,train
33812,train
2038,train
15411,train
45378,train
84931,train
35516,train
74379,train
86940,train
93725,train
47977,train
54158,train
57731,train
25933,train
86711,train
92409,train
99124,train
25182,train
4093,train
58806,train
56270,train
57057,train
84443,train
48411,train
73371,train
85595,train
17801,train
32921,train
42139,train
39912,train
73753,train
81904,train
31480,train
75420,train
34032,train
13210,train
35742,train
66161,train
70501,train
83109,train
91949,train
28882,train
9413,train
50198,train
13675,train
93518,train
4,train
74231,train
53945,train
45076,train
35430,train
6320,train
9705,train
67191,train
90054,train
28910,train
80072,train
93633,train
28601,train
38097,train
63652,train
95374,train
36025,train
57353,train
35648,train
66782,train
15051,train
41402,train
66016,train
12533,train
1511,train
32416,train
48497,train
71867,train
50085,train
85203,train
32259,train
89002,train
33186,train
48245,train
63420,train
76860,train
71233,train
15570,train
23794,train
49559,train
42796,train
73531,train
90342,train
49568,train
79932,train
6996,train
34302,train
26738,train
784,train
3890,train
2623,train
45604,train
80378,train
20660,train
81988,train
76222,train
87626,train
7600,train
4415,train
73160,train
13134,train
5565,train
46569,train
73469,train
59249,train
86229,train
96582,train
50867,train
96807,train
84488,train
12785,train
69012,train
65025,train
20876,train
99603,train
60127,train
41663,train
57083,train
12179,train
93987,train
78461,train
77070,train
71791,train
62236,train
50260,train
24963,train
97822,train
28992,train
33853,train
1216,train
8522,train
25837,train
85570,train
63521,train
7674,train
1689,train
76155,train
75234,train
32268,train
67959,train
58459,train
39985,train
46329,train
50273,train
75388,train
79076,train
17940,train
44449,train
85867,train
67255,train
5581,train
3385,train
76882,train
83845,train
84591,train
71847,train
96579,train
85036,train
98192,train
61279,train
98447,train
61261,train
90140,train
75675,train
43224,train
99617,train
91800,train
75688,train
82411,train
52690,train
46905,train
79573,train
44551,train
17946,train
73537,train
70337,train
1085,train
11504,train
38895,train
35453,train
15918,train
79158,train
27419,train
37298,train
27993,train
81054,train
57179,train
88070,train
54309,train
4257,train
59605,train
80515,train
55191,train
52617,train
91712,train
27362,train
22636,train
11718,train
71748,train
63793,train
46526,train
58125,train
19624,train
76047,train
65640,train
68648,train
95744,train
57070,train
71540,train
37451,train
64977,train
94690,train
85752,train
5836,train
32112,train
7083,train
47898,train
69700,train
78898,train
26484,train
12547,train
12321,train
49555,train
277,train
11167,train
66962,train
36056,train
97858,train
16458,train
17334,train
65956,train
23258,train
8082,train
96513,train
79621,train
18642,train
81290,train
83804,train
24573,train
69521,train
78144,train
80951,train
62515,train
23571,train
21595,train
40537,train
13548,train
73505,train
50930,train
1462,train
28381,train
5034,train
1537,train
3386,train
65680,train
75699,train
39087,train
64418,train
8690,train
40575,train
74496,train
15829,train
37057,train
11138,train
28956,train
81373,train
82686,train
8787,train
91351,train
819,train
40235,train
73851,train
37948,train
15844,train
46670,train
67783,train
587,train
86535,train
81603,train
95685,train
10821,train
98891,train
69985,train
48899,train
22524,train
4182,train
7581,train
29869,train
52748,train
41608,train
26377,train
3182,train
19429,train
21364,train
53093,train
74613,train
13448,train
41363,train
83009,train
45628,train
6331,train
30411,train
49891,train
68697,train
32968,train
91089,train
13303,train
30717,train
43589,train
12548,train
35559,train
5254,train
4205,train
12418,train
13985,train
66,train
32722,train
42851,train
43192,train
48611,train
27956,train
89970,train
61399,train
23177,train
16287,train
2211,train
10492,train
24308,train
90019,train
49518,train
45359,train
30284,train
85049,train
32662,train
65682,train
88778,train
61647,train
16105,train
95327,train
44538,train
66587,train
56762,train
32053,train
63130,train
3947,train
902,train
81551,train
18332,train
98952,train
37849,train
15414,train
89613,train
57064,train
91527,train
53356,train
92000,train
43484,train
46236,train
34929,train
306,train
24392,train
43572,train
32523,train
15922,train
47874,train
77379,train
21028,train
92739,train
28001,train
32134,train
59685,train
708,train
25409,train
61582,train
4234,train
67239,train
51657,train
89225,train
26587,train
16852,train
63359,train
11628,train
37314,train
18074,train
79473,train
64800,train
68813,train
94163,train
94561,train
76802,train
57586,train
18994,train
9383,train
40790,train
52233,train
37330,train
80173,train
59109,train
71171,train
78577,train
97365,train
88358,train
39739,train
49766,train
88194,train
8378,train
90776,train
18141,train
56360,train
34159,train
56961,train
57412,train
95073,train
25906,train
28785,train
64578,train
26643,train
11225,train
71091,train
5868,train
75625,train
42837,train
73180,train
73772,train
36099,train
24614,train
175,train
43579,train
74155,train
46967,train
25030,train
47749,train
24889,train
71445,train
92391,train
55535,train
47536,train
64911,train
76305,train
24317,train
41307,train
79895,train
17639,train
18451,train
32179,train
80415,train
36554,train
58319,train
51260,train
14703,train
69361,train
57504,train
75837,train
87811,train
26688,train
40140,train
74651,train
27218,train
74207,train
87792,train
27658,train
98080,train
51444,train
89420,train
1529,train
59885,train
88345,train
30599,train
77554,train
78176,train
58703,train
6017,train
81252,train
58745,train
70484,train
78290,train
64847,train
69104,train
26419,train
59672,train
37681,train
48514,train
27710,train
81219,train
24559,train
88784,train
42310,train
52829,train
76514,train
70482,train
33800,train
4558,train
90895,train
79528,train
79675,train
86759,train
5747,train
53425,train
39987,train
22096,train
49859,train
74249,train
91229,train
88112,train
34394,train
26054,train
21307,train
74833,train
6864,train
44225,train
39605,train
48979,train
83019,train
21617,train
56891,train
90074,train
74142,train
6131,train
7165,train
92028,train
16069,train
54408,train
98633,train
28779,train
96809,train
52065,train
90289,train
82609,train
24660,train
10685,train
90544,train
78291,train
94063,train
79930,train
68338,train
46779,train
31281,train
55428,train
66883,train
60749,train
14281,train
8328,train
45322,train
83113,train
65515,train
25297,train
82111,train
10831,train
40030,train
56049,train
38627,train
57377,train
61207,train
77854,train
40654,train
11117,train
58877,train
36012,train
31321,train
99733,train
11186,train
13345,train
31863,train
2717,train
50672,train
19489,train
98220,train
76214,train
2849,train
31098,train
76151,train
89685,train
96730,train
82697,train
73656,train
65950,train
18360,train
49884,train
38440,train
79743,train
13775,train
4471,train
52962,train
15769,train
90389,train
91181,train
30829,train
68753,train
28922,train
17742,train
95594,train
94900,train
32045,train
21692,train
83958,train
17761,train
17342,train
26657,train
53807,train
41089,train
96628,train
61351,train
15475,train
89127,train
49550,train
61357,train
64736,train
95929,train
91584,train
55062,train
65411,train
14553,train
39859,train
66561,train
65876,train
21179,train
18404,train
61696,train
83598,train
2758,train
64952,train
48263,train
32185,train
14198,train
90411,train
50327,train
55738,train
2398,train
73985,train
58845,train
12308,train
63917,train
35671,train
38171,train
42249,train
43189,train
39371,train
12819,train
26326,train
23302,train
54002,train
77202,train
15408,train
43883,train
20511,train
72488,train
77381,train
87447,train
83919,train
20668,train
81668,train
4475,train
64122,train
35796,train
42356,train
86474,train
70654,train
24387,train
44045,train
61557,train
90394,train
17424,train
25835,train
21422,train
6295,train
99529,train
84339,train
17489,train
96599,train
43343,train
42265,train
82439,train
68376,train
29295,train
15491,train
42192,train
16061,train
59736,train
19311,train
86115,train
36629,train
70929,train
36677,train
95462,train
52043,train
24947,train
5414,train
12564,train
2145,train
7703,train
94310,train
61446,train
17917,train
82090,train
67408,train
11029,train
89733,train
28892,train
74923,train
69572,train
59815,train
67702,train
69539,train
82011,train
84903,train
5425,train
49402,train
41557,train
41501,train
77754,train
2935,train
29029,train
38747,train
84466,train
24623,train
29132,train
5131,train
35007,train
75635,train
70496,train
53860,train
17996,train
95181,train
122,train
7686,train
40900,train
1003,train
96158,train
63007,train
13007,train
46085,train
47307,train
99853,train
82708,train
63852,train
25318,train
6896,train
68609,train
26552,train
59989,train
11887,train
21667,train
13434,train
60086,train
91696,train
47512,train
62164,train
60623,train
34634,train
60815,train
82679,train
56567,train
3149,train
50372,train
55465,train
40388,train
71891,train
86613,train
29536,train
26962,train
58783,train
55758,train
97680,train
32810,train
3655,train
60332,train
65600,train
45951,train
59782,train
60917,train
4873,train
48888,train
70823,train
21433,train
25699,train
7494,train
43369,train
62685,train
69138,train
42042,train
17219,train
24770,train
88671,train
48569,train
30987,train
24727,train
57605,train
65664,train
64079,train
5643,train
44987,train
25132,train
67624,train
21977,train
8546,train
58470,train
89866,train
79650,train
12891,train
79475,train
78566,train
76048,train
58802,train
6090,train
65786,train
85219,train
58696,train
44553,train
41684,train
42684,train
31792,train
82246,train
23914,train
16295,train
3543,train
69332,train
71962,train
66255,train
36121,train
72401,train
65448,train
1411,train
20269,train
19015,train
17868,train
62115,train
51314,train
53125,train
32741,train
51212,train
46316,train
26611,train
84551,train
34282,train
34720,train
24950,train
88471,train
65975,train
76604,train
45053,train
26317,train
25722,train
57995,train
84975,train
51242,train
72755,train
64426,train
87593,train
68804,train
70824,train
91507,train
98081,train
54967,train
49665,train
42957,train
65012,train
59277,train
5190,train
21637,train
91333,train
82208,train
99178,train
15537,train
11541,train
46473,train
3873,train
25398,train
73207,train
73418,train
44302,train
45552,train
55477,train
13695,train
73860,train
25657,train
68938,train
51501,train
74868,train
70680,train
17361,train
28843,train
61652,train
38055,train
22372,train
75597,train
95563,train
91583,train
4269,train
92489,train
52092,train
71845,train
36090,train
58530,train
47221,train
22547,train
2579,train
72500,train
5706,train
72960,train
65200,train
22544,train
47037,train
27852,train
62867,train
38767,train
53701,train
57464,train
45513,train
47545,train
11011,train
78085,train
7976,train
27436,train
82593,train
6709,train
60149,train
43580,train
48881,train
41196,train
59153,train
32196,train
97519,train
76360,train
43302,train
64907,train
63739,train
92397,train
96007,train
70924,train
73262,train
77548,train
92055,train
76427,train
77236,train
7184,train
68800,train
87397,train
61458,train
19007,train
56522,train
7557,train
95480,train
65896,train
3985,train
51792,train
10799,train
91515,train
73783,train
31908,train
57358,train
67468,train
91049,train
76085,train
46645,train
28864,train
88099,train
85784,train
50911,train
37699,train
35068,train
34044,train
59039,train
31299,train
3124,train
89864,train
85279,train
14405,train
11619,train
32220,train
8711,train
65070,train
97570,train
97999,train
97231,train
10197,train
79480,train
27948,train
68975,train
78942,train
18966,train
56363,train
67608,train
24786,train
56113,train
35869,train
27689,train
49193,train
67393,train
1977,train
56279,train
51052,train
56314,train
771,train
50953,train
55983,train
56269,train
41775,train
96423,train
68569,train
28132,train
36222,train
39321,train
10338,train
79188,train
32400,train
81818,train
12118,train
59589,train
56386,train
73296,train
80965,train
59780,train
53393,train
86200,train
56197,train
7179,train
62159,train
42235,train
53960,train
26509,train
49461,train
85007,train
89532,train
53305,train
34869,train
17627,train
32310,train
74721,train
69356,train
54685,train
51380,train
56306,train
7397,train
37667,train
26973,train
54659,train
56835,train
20717,train
39747,train
48695,train
10825,train
44282,train
9184,train
9044,train
54494,train
9584,train
30583,train
61519,train
67630,train
70865,train
63069,train
26991,train
54784,train
83502,train
68694,train
4422,train
30691,train
94572,train
13516,train
94834,train
85502,train
58942,train
44073,train
23318,train
59761,train
88562,train
7361,train
23566,train
68708,train
18290,train
75215,train
47345,train
84660,train
35573,train
85977,train
99756,train
11387,train
37636,train
66754,train
19046,train
8402,train
4037,train
48070,train
18320,train
72461,train
98286,train
29362,train
58365,train
31878,train
54011,train
95687,train
45241,train
67398,train
72674,train
5057,train
55649,train
94215,train
72469,train
56724,train
68848,train
43041,train
98295,train
44988,train
41126,train
22022,train
91167,train
20595,train
36326,train
22470,train
29485,train
79322,train
28788,train
27371,train
83520,train
76765,train
52802,train
60527,train
93685,train
96254,train
90705,train
18978,train
4771,train
36338,train
46462,train
94232,train
76825,train
96658,train
11847,train
44658,train
87460,train
92495,train
76178,train
96742,train
31696,train
92817,train
16857,train
76486,train
56608,train
54578,train
64690,train
35923,train
74158,train
62333,train
77946,train
29747,train
24010,train
76106,train
42203,train
69290,train
43892,train
945,train
26211,train
69638,train
63152,train
36173,train
8759,train
55717,train
73499,train
88723,train
76974,train
95122,train
17534,train
56839,train
72553,train
45651,train
41523,train
41262,train
60919,train
61011,train
47208,train
20835,train
90455,train
15447,train
31340,train
84349,train
15520,train
37053,train
31541,train
51632,train
69122,train
22899,train
22178,train
18031,train
95161,train
74160,train
98618,train
7728,train
51506,train
92243,train
68069,train
50414,train
11862,train
77034,train
92561,train
95959,train
78910,train
66444,train
99319,train
35499,train
34497,train
68100,train
97315,train
1201,train
99494,train
8161,train
39539,train
67828,train
10291,train
22983,train
98182,train
28223,train
85810,train
66845,train
20756,train
79452,train
71821,train
26507,train
45992,train
85327,train
30680,train
39176,train
7651,train
71040,train
46970,train
31422,train
73743,train
88312,train
21971,train
95769,train
78677,train
60469,train
50816,train
79714,train
29215,train
10237,train
1901,train
16842,train
62576,train
2655,train
69911,train
1321,train
31149,train
70403,train
69615,train
95137,train
14151,train
16337,train
18805,train
47785,train
62614,train
11732,train
39017,train
46946,train
12347,train
94288,train
91299,train
43194,train
71083,train
69223,train
81967,train
27316,train
97054,train
88469,train
3122,train
95008,train
88444,train
44006,train
61433,train
89282,train
6350,train
98920,train
15590,train
31730,train
56352,train
28281,train
63200,train
39455,train
48998,train
59717,train
72373,train
47274,train
70948,train
82194,train
34245,train
39549,train
11964,train
9904,train
27798,train
35276,train
53175,train
33825,train
17804,train
99724,train
24152,train
565,train
50110,train
21338,train
42816,train
90556,train
15289,train
98777,train
75814,train
87738,train
68162,train
51326,train
36339,train
30331,train
18367,train
16952,train
22675,train
86649,train
1662,train
61690,train
99708,train
27312,train
34509,train
27021,train
6804,train
26474,train
33356,train
19413,train
25552,train
82346,train
36103,train
73829,train
12923,train
10009,train
38556,train
46105,train
77557,train
91441,train
50376,train
93230,train
58473,train
92693,train
63305,train
54889,train
19423,train
21904,train
51142,train
55544,train
52899,train
11370,train
95857,train
70891,train
17102,train
10532,train
42963,train
32133,train
66515,train
55213,train
53568,train
35903,train
11216,train
1076,train
40653,train
12150,train
75816,train
17049,train
28036,train
27611,train
56850,train
93681,train
16537,train
75028,train
7987,train
10010,train
66737,train
25636,train
27857,train
12692,train
74399,train
98116,train
80217,train
76257,train
47403,train
74907,train
322,train
51395,train
86039,train
56702,train
99424,train
80964,train
61716,train
32312,train
78466,train
97974,train
25046,train
44728,train
17502,train
80000,train
67720,train
40267,train
12460,train
99250,train
13381,train
32046,train
27501,train
31564,train
8817,train
81383,train
69585,train
76190,train
51555,train
18469,train
13204,train
92532,train
74378,train
18296,train
16463,train
82515,train
39192,train
89148,train
99807,train
16455,train
59483,train
43557,train
62918,train
31457,train
53466,train
89034,train
93623,train
9540,train
96099,train
1044,train
30714,train
38528,train
52507,train
43010,train
54668,train
25474,train
33233,train
35752,train
29377,train
35680,train
55622,train
22821,train
88298,train
52767,train
49995,train
86817,train
31037,train
51257,train
51884,train
80225,train
97612,train
87891,train
45255,train
47429,train
34363,train
40672,train
71665,train
49225,train
28751,train
33504,train
83311,train
47524,train
31387,train
26893,train
75396,train
27801,train
9250,train
3841,train
66088,train
91483,train
55204,train
99626,train
84959,train
47857,train
29,train
57161,train
18099,train
14722,train
80704,train
68017,train
23004,train
56811,train
67974,train
27528,train
62889,train
49438,train
104,train
95273,train
33452,train
57916,train
77219,train
1948,train
48872,train
8631,train
91902,train
9197,train
37508,train
27786,train
23863,train
56542,train
1997,train
27758,train
77524,train
86744,train
56986,train
84818,train
37560,train
25104,train
68677,train
79935,train
7545,train
94806,train
26186,train
58139,train
69775,train
46981,train
27453,train
8206,train
77748,train
55031,train
62982,train
65151,train
49917,train
37569,train
88166,train
30292,train
10850,train
36581,train
43267,train
52596,train
83225,train
19471,train
86445,train
99221,train
36254,train
38689,train
21769,train
75360,train
30027,train
21477,train
60548,train
71892,train
75974,train
84998,train
30582,train
66177,train
34181,train
80586,train
46285,train
82567,train
14322,train
93227,train
80344,train
43726,train
46616,train
40095,train
46279,train
46654,train
7505,train
17375,train
49690,train
73825,train
74035,train
18628,train
53994,train
84091,train
1116,train
93112,train
21816,train
68565,train
18853,train
57918,train
84966,train
18168,train
18725,train
95033,train
84609,train
19063,train
51349,train
22511,train
5309,train
28999,train
71532,train
63883,train
15500,train
55134,train
9900,train
15117,train
13216,train
91812,train
1460,train
81271,train
12260,train
91763,train
20577,train
42652,train
17737,train
49379,train
32331,train
20739,train
52242,train
94214,train
17048,train
9998,train
55278,train
85276,train
97447,train
20324,train
20056,train
32294,train
57932,train
66055,train
43754,train
74685,train
65959,train
67487,train
85583,train
42449,train
92313,train
48072,train
12393,train
71770,train
53210,train
68434,train
75565,train
26705,train
47573,train
12913,train
20637,train
36288,train
9277,train
29204,train
14106,train
73859,train
29234,train
90474,train
10130,train
40326,train
37949,train
27563,train
4496,train
9289,train
23740,train
55373,train
38404,train
33530,train
99774,train
67651,train
85827,train
4088,train
88954,train
78022,train
18682,train
88771,train
50818,train
54637,train
1174,train
88309,train
73120,train
14050,train
46713,train
57496,train
41166,train
95749,train
98307,train
52180,train
88427,train
1691,train
70996,train
46550,train
1557,train
87627,train
50217,train
37985,train
11202,train
50779,train
55906,train
59893,train
6629,train
81030,train
36591,train
74618,train
2407,train
49926,train
59892,train
59692,train
78500,train
52458,train
60091,train
24127,train
70724,train
37661,train
92993,train
5670,train
63035,train
86303,train
88659,train
12696,train
62350,train
7947,train
27575,train
93357,train
72646,train
59963,train
55671,train
9534,train
80447,train
81671,train
15617,train
80219,train
14443,train
94415,train
26382,train
82418,train
88541,train
10419,train
82298,train
38317,train
55227,train
1222,train
40974,train
26468,train
96408,train
86364,train
3530,train
92449,train
12688,train
73450,train
54997,train
33040,train
39890,train
59414,train
24410,train
1054,train
49883,train
24276,train
54952,train
51090,train
98225,train
37359,train
67440,train
1100,train
78120,train
60809,train
13527,train
97261,train
48044,train
82836,train
62719,train
20536,train
21767,train
41355,train
22456,train
25629,train
65964,train
70964,train
95708,train
70001,train
46696,train
31330,train
2590,train
27006,train
10116,train
46382,train
45971,train
81891,train
67038,train
23969,train
74030,train
95810,train
47404,train
59981,train
13023,train
1831,train
8448,train
57901,train
85514,train
33030,train
46300,train
81591,train
73516,train
68156,train
31586,train
20136,train
25958,train
73544,train
98910,train
43440,train
1559,train
82578,train
80160,train
70209,train
13707,train
2920,train
83615,train
90546,train
20395,train
54153,train
70080,train
15270,train
91423,train
67647,train
14447,train
23417,train
33736,train
48668,train
60957,train
63321,train
78665,train
6137,train
43789,train
29866,train
26328,train
12445,train
88751,train
7806,train
54060,train
71283,train
24412,train
7057,train
99049,train
72312,train
57256,train
15397,train
57471,train
14556,train
7218,train
12456,train
36713,train
63863,train
3003,train
35483,train
4971,train
27162,train
56011,train
35217,train
49391,train
10140,train
55306,train
64812,train
82195,train
48828,train
71671,train
4945,train
51557,train
62427,train
16694,train
495,train
46993,train
94602,train
62480,train
93084,train
84523,train
43977,train
12747,train
7888,train
3868,train
88119,train
30903,train
90920,train
32002,train
39300,train
91233,train
37507,train
26208,train
73437,train
25860,train
39293,train
64782,train
10578,train
30645,train
41935,train
90359,train
52382,train
77317,train
30159,train
2374,train
42604,train
93806,train
88440,train
9167,train
80470,train
46854,train
42493,train
18630,train
49640,train
41040,train
7128,train
73170,train
78039,train
95451,train
66987,train
64257,train
77907,train
41383,train
6676,train
2028,train
76748,train
64519,train
63592,train
28475,train
97369,train
95638,train
50043,train
31579,train
5125,train
49877,train
15767,train
51958,train
63046,train
95079,train
75403,train
79835,train
1036,train
84798,train
45927,train
64733,train
45233,train
50442,train
3297,train
54484,train
4842,train
23545,train
93093,train
37837,train
2248,train
48517,train
34723,train
19848,train
22864,train
92011,train
75416,train
90027,train
3381,train
33817,train
38934,train
66305,train
12709,train
78788,train
72369,train
39854,train
54282,train
44486,train
68625,train
78680,train
22446,train
49153,train
86098,train
69748,train
26302,train
43097,train
32044,train
26182,train
77191,train
40961,train
26541,train
64928,train
97402,train
16177,train
26380,train
58337,train
80374,train
28327,train
29138,train
37876,train
14555,train
86193,train
43474,train
6962,train
26090,train
9125,train
46519,train
77001,train
27622,train
70045,train
29407,train
73386,train
30788,train
55041,train
26653,train
36786,train
16949,train
85673,train
11576,train
37877,train
10919,train
9977,train
23034,train
51617,train
20757,train
1084,train
42243,train
59308,train
35890,train
79348,train
43110,train
79052,train
32309,train
47640,train
62424,train
94522,train
91087,train
55020,train
3394,train
52346,train
36522,train
83786,train
73330,train
53942,train
48520,train
271,train
86263,train
82143,train
55623,train
85095,train
59604,train
42198,train
23797,train
75501,train
58207,train
25909,train
67592,train
904,train
21993,train
69542,train
44914,train
44343,train
2121,train
81514,train
7512,train
46057,train
14364,train
32965,train
5410,train
18518,train
20597,train
95533,train
83800,train
31758,train
978,train
4595,train
75213,train
56243,train
56715,train
848,train
35352,train
75847,train
35028,train
96394,train
39971,train
85836,train
80675,train
30384,train
23196,train
1672,train
23136,train
62525,train
82568,train
11377,train
89666,train
47651,train
7643,train
8826,train
65028,train
7478,train
62252,train
13196,train
51274,train
50236,train
87906,train
50448,train
37498,train
70415,train
3634,train
48470,train
59383,train
96497,train
26289,train
33473,train
17524,train
33507,train
95007,train
61595,train
88234,train
86715,train
58884,train
42444,train
75735,train
83306,train
88590,train
50561,train
60454,train
51188,train
83992,train
36886,train
43064,train
23492,train
82961,train
96544,train
21288,train
73011,train
13443,train
45829,train
1176,train
40734,train
22903,train
45403,train
66749,train
89176,train
52778,train
51164,train
26740,train
11390,train
40695,train
53661,train
82913,train
77980,train
98104,train
6024,train
55113,train
13715,train
31328,train
52648,train
34311,train
32913,train
78302,train
77230,train
70468,train
4845,train
78326,train
47375,train
45435,train
91824,train
38429,train
57485,train
9071,train
14844,train
70347,train
36120,train
35974,train
69044,train
28978,train
8224,train
20974,train
83896,train
77730,train
37800,train
80431,train
85864,train
75615,train
21045,train
9588,train
51793,train
90820,train
47394,train
60744,train
3810,train
47202,train
59172,train
59742,train
68368,train
97373,train
71480,train
19659,train
85461,train
94467,train
83129,train
42452,train
62703,train
56289,train
86574,train
88521,train
54207,train
10080,train
47600,train
2302,train
10057,train
20396,train
2925,train
67082,train
77458,train
20783,train
15694,train
24808,train
2681,train
12026,train
30595,train
49167,train
5491,train
39156,train
6638,train
10391,train
79150,train
32143,train
54849,train
23421,train
98478,train
71762,train
98521,train
28549,train
11752,train
59125,train
86540,train
99678,train
97278,train
91863,train
21878,train
74333,train
90725,train
791,train
49892,train
33572,train
74238,train
86925,train
27678,train
68074,train
98500,train
27382,train
70807,train
6362,train
82383,train
87788,train
2307,train
74705,train
44836,train
41293,train
13607,train
53230,train
29564,train
50901,train
98246,train
19197,train
40149,train
92695,train
35713,train
23003,train
21044,train
95241,train
32660,train
61978,train
20147,train
14984,train
26628,train
44106,train
54184,train
36076,train
88647,train
26843,train
90828,train
31313,train
9480,train
50833,train
11836,train
84917,train
45643,train
87211,train
32701,train
32728,train
54242,train
80009,train
40782,train
78870,train
99118,train
57751,train
97501,train
64318,train
2339,train
99263,train
87684,train
31751,train
87320,train
21926,train
43927,train
33297,train
4791,train
77600,train
16803,train
33309,train
24970,train
50192,train
8721,train
59708,train
38077,train
39939,train
46922,train
95121,train
81675,train
67360,train
1465,train
81425,train
80112,train
29142,train
66045,train
27240,train
4516,train
88292,train
70945,train
65947,train
39029,train
73773,train
81783,train
70244,train
64895,train
63967,train
89510,train
44648,train
90892,train
2515,train
10661,train
67538,train
12886,train
94374,train
20370,train
58955,train
4011,train
90330,train
32151,train
60430,train
93221,train
87994,train
93103,train
58720,train
76481,train
87966,train
73807,train
86492,train
30847,train
78829,train
5361,train
37211,train
54857,train
8443,train
71954,train
70172,train
32471,train
27546,train
23185,train
71374,train
68516,train
38365,train
39847,train
91880,train
25415,train
67612,train
75787,train
22677,train
43272,train
61334,train
79784,train
67315,train
7882,train
64162,train
4349,train
48699,train
41438,train
51384,train
23213,train
25145,train
77488,train
69808,train
30651,train
90577,train
66815,train
82351,train
2645,train
96697,train
31943,train
5069,train
54404,train
74031,train
24994,train
74845,train
82484,train
93974,train
1277,train
80927,train
75170,train
13341,train
90576,train
36759,train
4565,train
99714,train
43516,train
22640,train
57017,train
87920,train
86253,train
31913,train
60796,train
83523,train
73214,train
89265,train
12497,train
22540,train
35448,train
25840,train
15453,train
85939,train
54603,train
92863,train
95329,train
34819,train
76067,train
5462,train
11720,train
26028,train
14740,train
84006,train
60381,train
18668,train
60129,train
95971,train
16162,train
96486,train
97499,train
33603,train
35536,train
81586,train
82448,train
23220,train
50809,train
15062,train
88237,train
69781,train
37910,train
41682,train
74065,train
99282,train
17942,train
67456,train
42223,train
50316,train
75309,train
35853,train
49389,train
41134,train
63892,train
1570,train
10918,train
87786,train
91993,train
23316,train
9444,train
80767,train
75584,train
73305,train
36328,train
43740,train
98838,train
36862,train
38267,train
13952,train
36568,train
42230,train
16317,train
19031,train
62431,train
10036,train
19340,train
99986,train
4591,train
16602,train
28098,train
17696,train
2057,train
37521,train
30515,train
86129,train
43863,train
79305,train
45117,train
53417,train
68571,train
75523,train
72056,train
851,train
34923,train
2474,train
58318,train
99132,train
98063,train
23498,train
48583,train
64140,train
377,train
48674,train
83591,train
62288,train
51887,train
172,train
77051,train
65897,train
69435,train
35892,train
6489,train
55208,train
75902,train
53232,train
39827,train
1625,train
86308,train
34615,train
11706,train
79186,train
26168,train
39248,train
55928,train
48119,train
31122,train
19148,train
22610,train
43752,train
50499,train
58496,train
1715,train
55453,train
51649,train
264,train
56815,train
50905,train
59432,train
36921,train
33181,train
85883,train
30273,train
53488,train
5737,train
89844,train
84350,train
22934,train
28029,train
46090,train
25161,train
5631,train
69226,train
38063,train
68685,train
28773,train
65453,train
1808,train
52942,train
87546,train
94937,train
16293,train
25093,train
65935,train
93356,train
48122,train
4270,train
5915,train
38305,train
84116,train
22778,train
21137,train
272,train
52789,train
52592,train
48117,train
89993,train
43831,train
6936,train
18738,train
15553,train
64366,train
75020,train
55056,train
35717,train
37271,train
50358,train
69773,train
95731,train
20201,train
32612,train
75745,train
32274,train
30266,train
78481,train
76990,train
3974,train
28539,train
58831,train
41029,train
4908,train
17450,train
89941,train
84883,train
93860,train
53660,train
71151,train
79349,train
31217,train
25342,train
34906,train
35297,train
82550,train
49018,train
70222,train
77288,train
85641,train
27588,train
25200,train
95186,train
85072,train
96367,train
68298,train
40829,train
83291,train
89781,train
21378,train
92933,train
45108,train
77467,train
50081,train
31391,train
66279,train
59288,train
99179,train
80708,train
79193,train
57988,train
49902,train
5111,train
54386,train
87568,train
73596,train
69618,train
16491,train
58047,train
44579,train
90911,train
64356,train
77775,train
10092,train
8480,train
37323,train
34324,train
83160,train
19670,train
30761,train
52478,train
16886,train
71250,train
80474,train
38619,train
34523,train
13070,train
76954,train
69068,train
68740,train
91251,train
11688,train
87433,train
87205,train
83508,train
61379,train
1840,train
29812,train
62995,train
35088,train
68774,train
9355,train
31916,train
31748,train
60800,train
15162,train
78710,train
8557,train
31029,train
16853,train
56407,train
3808,train
95972,train
85495,train
13266,train
35797,train
66386,train
38412,train
89101,train
29931,train
58544,train
62618,train
92237,train
20679,train
647,train
47658,train
39917,train
75440,train
33533,train
27708,train
47457,train
98272,train
67908,train
13406,train
14815,train
80913,train
46554,train
5863,train
55752,train
43838,train
40928,train
8643,train
10541,train
39182,train
88434,train
39307,train
30072,train
48640,train
9978,train
97564,train
25740,train
70855,train
75551,train
90231,train
76351,train
81590,train
52058,train
28125,train
76862,train
24101,train
68941,train
45498,train
16260,train
24080,train
92426,train
25763,train
35220,train
15763,train
61369,train
61326,train
44156,train
91473,train
89430,train
21649,train
54295,train
90840,train
20150,train
57749,train
48588,train
62173,train
38181,train
18057,train
84055,train
61909,train
68018,train
81750,train
55008,train
8683,train
38250,train
67981,train
39723,train
48145,train
95505,train
47174,train
60898,train
34930,train
27690,train
74689,train
93385,train
7089,train
44154,train
33799,train
35894,train
78528,train
87443,train
68578,train
46625,train
9839,train
41533,train
29524,train
41372,train
71044,train
62109,train
40539,train
37855,train
66730,train
84382,train
91737,train
13854,train
45084,train
77242,train
22147,train
41755,train
25844,train
81712,train
75290,train
40544,train
64419,train
82198,train
54493,train
85107,train
4287,train
73519,train
54850,train
46062,train
61121,train
81696,train
81185,train
38239,train
99899,train
37167,train
74019,train
60299,train
53127,train
45184,train
68513,train
53589,train
83115,train
48867,train
72887,train
26600,train
59164,train
36951,train
20976,train
63855,train
76044,train
48173,train
18633,train
5340,train
86962,train
1011,train
97186,train
40779,train
15737,train
6385,train
85319,train
53177,train
92576,train
57547,train
72813,train
61662,train
11347,train
31852,train
79244,train
96485,train
63843,train
60704,train
48375,train
82953,train
18776,train
42621,train
70803,train
29348,train
20364,train
91786,train
48746,train
35059,train
94104,train
54240,train
18763,train
91116,train
83664,train
31389,train
37564,train
23334,train
26063,train
37751,train
31346,train
32006,train
12862,train
30160,train
3706,train
98629,train
69197,train
9074,train
62884,train
65156,train
39484,train
48572,train
39663,train
56579,train
34533,train
65456,train
21069,train
1800,train
56180,train
16450,train
58586,train
46428,train
27653,train
27836,train
21123,train
92962,train
46711,train
92029,train
37511,train
89214,train
14939,train
55431,train
43212,train
92997,train
86988,train
78456,train
30777,train
88617,train
10506,train
51798,train
35848,train
1774,train
65393,train
5825,train
97632,train
85453,train
86367,train
11945,train
10537,train
15901,train
21957,train
66622,train
32569,train
13017,train
15578,train
48742,train
89911,train
71178,train
70116,train
12968,train
81321,train
65985,train
69984,train
78576,train
17314,train
92365,train
97649,train
50290,train
77177,train
77847,train
29744,train
64905,train
91603,train
40542,train
17537,train
39825,train
15670,train
36331,train
26485,train
25698,train
93868,train
97862,train
9510,train
40571,train
60372,train
40394,train
44016,train
1829,train
60352,train
15213,train
97321,train
46798,train
74823,train
59945,train
57236,train
15563,train
46267,train
64707,train
2555,train
28589,train
78758,train
86650,train
55574,train
19964,train
67796,train
24130,train
81172,train
67626,train
30984,train
25429,train
8222,train
89816,train
36883,train
52453,train
2069,train
18171,train
18846,train
33569,train
40933,train
28171,train
76519,train
13535,train
29984,train
86449,train
9214,train
36750,train
98587,train
76582,train
38403,train
41876,train
24341,train
18551,train
76460,train
59897,train
88248,train
43664,train
25054,train
49108,train
70373,train
94491,train
4772,train
93720,train
4575,train
56387,train
18771,train
31106,train
28727,train
99121,train
67999,train
11131,train
49490,train
91391,train
37376,train
13615,train
91361,train
5197,train
96736,train
65375,train
55939,train
27221,train
81349,train
50494,train
36405,train
45665,train
2584,train
98603,train
79182,train
84110,train
44395,train
2253,train
18711,train
65093,train
54143,train
2836,train
72407,train
91198,train
13734,train
6883,train
73295,train
87362,train
6651,train
77208,train
54512,train
35627,train
1421,train
14892,train
74892,train
81634,train
66951,train
7719,train
68672,train
98751,train
26295,train
56958,train
64586,train
15848,train
69651,train
76249,train
95752,train
78195,train
80350,train
35024,train
62043,train
22786,train
79002,train
43909,train
29929,train
58213,train
91196,train
54930,train
57255,train
60927,train
45018,train
16568,train
70321,train
59674,train
62211,train
51069,train
36297,train
64768,train
62796,train
51961,train
27187,train
97992,train
86602,train
19138,train
52071,train
26646,train
71568,train
11237,train
48231,train
63880,train
49654,train
54096,train
32301,train
65909,train
49918,train
9943,train
14969,train
16503,train
53930,train
53646,train
3977,train
89650,train
7076,train
3131,train
33535,train
83294,train
28269,train
14406,train
49439,train
60673,train
85184,train
49046,train
77908,train
59863,train
41429,train
11670,train
85199,train
10158,train
11554,train
93926,train
15417,train
28112,train
58830,train
1026,train
51486,train
26436,train
35325,train
34688,train
11812,train
79206,train
3529,train
72015,train
96076,train
73354,train
58111,train
80507,train
89245,train
83525,train
69941,train
13022,train
46800,train
1355,train
46277,train
1592,train
7310,train
26584,train
63961,train
99548,train
70366,train
67661,train
43888,train
5908,train
64163,train
923,train
98523,train
21862,train
16479,train
19478,train
53120,train
69632,train
38214,train
23109,train
76956,train
69573,train
13442,train
73401,train
20490,train
4033,train
197,train
92327,train
75111,train
61762,train
70792,train
56673,train
53735,train
47426,train
41509,train
2228,train
34809,train
62182,train
8580,train
26620,train
71725,train
60432,train
29803,train
21857,train
78703,train
38309,train
83504,train
90371,train
81717,train
82477,train
43074,train
42499,train
49808,train
89409,train
14412,train
27728,train
3392,train
31884,train
23746,train
81862,train
22954,train
30394,train
52603,train
78058,train
11498,train
56379,train
34949,train
20344,train
12722,train
33469,train
54382,train
49743,train
50455,train
87327,train
66806,train
1585,train
27201,train
31184,train
78621,train
15290,train
28280,train
76544,train
67040,train
32857,train
82263,train
3361,train
67308,train
10324,train
2114,train
69185,train
49800,train
16673,train
71003,train
78501,train
99925,train
25639,train
57776,train
24912,train
85259,train
56490,train
64440,train
83501,train
9166,train
57204,train
76243,train
9344,train
11232,train
2227,train
63322,train
27887,train
72341,train
91666,train
88607,train
13455,train
351,train
66318,train
52435,train
36321,train
45262,train
25834,train
4340,train
79398,train
87294,train
41346,train
35044,train
29206,train
52975,train
17582,train
11203,train
85437,train
48178,train
57606,train
24541,train
17522,train
62055,train
98583,train
68858,train
29322,train
72985,train
84579,train
10678,train
62179,train
22103,train
65265,train
37979,train
22716,train
13000,train
58890,train
45560,train
52627,train
86623,train
17463,train
18417,train
45204,train
93316,train
24499,train
81435,train
99589,train
22719,train
87213,train
65929,train
99095,train
27127,train
96173,train
25045,train
77903,train
75198,train
15690,train
47900,train
34101,train
69286,train
12945,train
65965,train
69688,train
82257,train
33315,train
38743,train
21576,train
38979,train
80912,train
26557,train
81601,train
91261,train
41328,train
49615,train
91920,train
25015,train
99089,train
88008,train
27894,train
77386,train
48026,train
77875,train
65559,train
38765,train
20225,train
15650,train
67566,train
63989,train
4953,train
95216,train
1954,train
23238,train
72833,train
22237,train
13756,train
46104,train
50654,train
50587,train
23340,train
52404,train
29031,train
29033,train
40850,train
21640,train
5783,train
3783,train
62789,train
61814,train
13483,train
34489,train
55173,train
81015,train
79741,train
6736,train
85737,train
71512,train
17051,train
98624,train
54926,train
66109,train
53095,train
13436,train
26036,train
35521,train
56041,train
51239,train
17626,train
55438,train
2534,train
9670,train
13685,train
35230,train
52125,train
32696,train
82357,train
39028,train
33190,train
72671,train
93109,train
35622,train
85304,train
66800,train
28871,train
79958,train
20027,train
95522,train
71948,train
21967,train
15356,train
12006,train
22224,train
7811,train
16626,train
90835,train
16482,train
54567,train
99737,train
85693,train
55304,train
73286,train
20009,train
62872,train
14925,train
14120,train
67960,train
67877,train
1040,train
31164,train
41248,train
2800,train
20910,train
70963,train
66814,train
2738,train
81692,train
21444,train
34449,train
93325,train
15938,train
47190,train
91954,train
23865,train
19049,train
7902,train
19133,train
70711,train
57515,train
83774,train
79331,train
19042,train
378,train
6541,train
21090,train
24826,train
93380,train
7871,train
19342,train
83037,train
91241,train
23724,train
34087,train
72943,train
39084,train
69806,train
31024,train
34884,train
57785,train
82856,train
91446,train
93750,train
75844,train
58764,train
49542,train
4381,train
57713,train
93014,train
88660,train
63148,train
44992,train
1720,train
80863,train
12158,train
68398,train
78392,train
98072,train
18715,train
80963,train
79956,train
68080,train
98449,train
97406,train
37326,train
25506,train
60738,train
85905,train
52353,train
46716,train
19344,train
19827,train
1645,train
71189,train
59902,train
22629,train
30317,train
65621,train
81466,train
84504,train
22412,train
35162,train
53159,train
61672,train
65902,train
25604,train
99382,train
38554,train
12803,train
83394,train
3044,train
3052,train
38223,train
8420,train
23975,train
43237,train
86747,train
15744,train
48815,train
80815,train
46093,train
89914,train
36357,train
16652,train
41474,train
83644,train
87136,train
6547,train
41339,train
9377,train
89124,train
5141,train
74110,train
79252,train
96939,train
26494,train
72839,train
51966,train
15439,train
41955,train
1472,train
5416,train
38553,train
12262,train
20327,train
88988,train
90379,train
65911,train
776,train
32508,train
11482,train
94550,train
15573,train
61815,train
5508,train
21641,train
99286,train
11476,train
16235,train
9371,train
16438,train
72267,train
39613,train
61687,train
86964,train
17525,train
68365,train
40497,train
69711,train
18169,train
61577,train
23376,train
39570,train
73613,train
25364,train
50622,train
38907,train
56453,train
98367,train
10429,train
65656,train
5939,train
61620,train
49540,train
50730,train
29680,train
77795,train
6246,train
22392,train
50592,train
61204,train
71115,train
57477,train
7276,train
64978,train
49494,train
79722,train
45640,train
70751,train
46642,train
25386,train
28872,train
47577,train
65249,train
4012,train
72433,train
84603,train
99296,train
49762,train
51830,train
31,train
7018,train
24216,train
23913,train
46660,train
19199,train
25645,train
79940,train
66861,train
26548,train
32233,train
56004,train
33142,train
36282,train
78867,train
82530,train
58983,train
50562,train
24529,train
33497,train
19734,train
74141,train
13879,train
6593,train
94386,train
33677,train
55276,train
2289,train
10364,train
55360,train
64689,train
73882,train
23439,train
86370,train
90994,train
95876,train
71285,train
66476,train
64793,train
35605,train
30831,train
28841,train
29297,train
61189,train
25436,train
42703,train
96,train
84550,train
64158,train
90362,train
90512,train
81665,train
15342,train
40451,train
44608,train
61159,train
17251,train
13804,train
92226,train
98956,train
34770,train
18148,train
34965,train
40442,train
19328,train
11701,train
31026,train
25417,train
84904,train
65213,train
31773,train
54851,train
3174,train
44720,train
72512,train
9601,train
87317,train
11948,train
2677,train
73935,train
14521,train
88493,train
29279,train
67567,train
57784,train
83326,train
32680,train
96958,train
26588,train
3702,train
26261,train
31834,train
68041,train
57305,train
73346,train
29222,train
979,train
89169,train
28255,train
49603,train
2287,train
58885,train
30052,train
48627,train
4769,train
66048,train
22931,train
38830,train
94892,train
78077,train
6415,train
6808,train
68152,train
73769,train
25327,train
24998,train
43857,train
57295,train
8021,train
69121,train
81081,train
64709,train
45744,train
64959,train
30756,train
95543,train
62155,train
8044,train
35446,train
53694,train
84864,train
53956,train
65554,train
2096,train
67849,train
78639,train
96539,train
14124,train
54394,train
81946,train
27098,train
37562,train
94381,train
28820,train
85475,train
82177,train
75778,train
40797,train
53695,train
22728,train
33342,train
4899,train
50036,train
77148,train
24279,train
85938,train
75134,train
64629,train
61572,train
86638,train
33426,train
79718,train
56657,train
63776,train
46412,train
26309,train
55886,train
80221,train
48929,train
82495,train
41043,train
69060,train
61209,train
32105,train
70317,train
99218,train
53614,train
57258,train
63279,train
11987,train
94088,train
37654,train
96229,train
12866,train
86673,train
68216,train
95705,train
74899,train
73739,train
27200,train
85359,train
31841,train
295,train
90687,train
76709,train
18316,train
75460,train
33931,train
40909,train
85779,train
25674,train
78300,train
80941,train
63442,train
24154,train
51531,train
67757,train
89949,train
53102,train
65202,train
57068,train
79502,train
7658,train
47685,train
86323,train
17355,train
33932,train
61284,train
64215,train
91642,train
26837,train
43038,train
9875,train
22102,train
87577,train
18184,train
64009,train
31866,train
5556,train
47236,train
96321,train
3176,train
70705,train
18818,train
54972,train
4625,train
42058,train
26694,train
26838,train
14607,train
45788,train
74311,train
49581,train
64387,train
14959,train
4782,train
31370,train
38048,train
29548,train
75208,train
15275,train
29239,train
27696,train
43089,train
81845,train
6286,train
28574,train
67673,train
33405,train
75394,train
39116,train
62417,train
61246,train
63769,train
27790,train
25621,train
71987,train
72040,train
2064,train
36505,train
99434,train
80818,train
21639,train
25686,train
49047,train
90607,train
38550,train
31526,train
88447,train
63721,train
10060,train
66729,train
41653,train
68035,train
23879,train
86034,train
72601,train
18089,train
19513,train
1485,train
97222,train
69608,train
19080,train
39773,train
31424,train
98372,train
45878,train
73100,train
68418,train
95593,train
30461,train
62362,train
80784,train
51306,train
75648,train
76275,train
92748,train
24114,train
31077,train
93350,train
50855,train
70885,train
49148,train
79374,train
30507,train
44342,train
36064,train
75094,train
2448,train
94146,train
16953,train
29637,train
46891,train
1513,train
87736,train
55257,train
78470,train
70882,train
19765,train
78968,train
90598,train
43679,train
81738,train
47692,train
47767,train
15121,train
42724,train
93386,train
38079,train
63512,train
44734,train
87516,train
78622,train
36158,train
28181,train
88030,train
63921,train
56286,train
35815,train
95173,train
73689,train
95157,train
46200,train
69401,train
34341,train
70207,train
51948,train
81423,train
91618,train
71345,train
19570,train
45987,train
74854,train
87219,train
96950,train
88229,train
28768,train
50605,train
23812,train
36373,train
2604,train
86366,train
45763,train
22306,train
63267,train
64747,train
94247,train
70133,train
81605,train
32649,train
77678,train
50748,train
87830,train
11971,train
21537,train
68409,train
48759,train
4731,train
66302,train
49465,train
18354,train
59933,train
8756,train
5781,train
75771,train
1412,train
31139,train
43066,train
41490,train
39671,train
40561,train
59457,train
55534,train
6021,train
52860,train
41734,train
65751,train
3690,train
92706,train
21709,train
58379,train
23748,train
3057,train
62273,train
83366,train
67949,train
24882,train
47856,train
88068,train
92305,train
52570,train
60093,train
27097,train
8814,train
70762,train
88103,train
99602,train
54755,train
57808,train
66959,train
82683,train
12463,train
50002,train
63280,train
42603,train
38597,train
39624,train
20601,train
20321,train
73822,train
26151,train
3284,train
53167,train
2507,train
48829,train
86625,train
83388,train
45032,train
53647,train
16991,train
68177,train
24875,train
44910,train
82868,train
43186,train
24627,train
883,train
63936,train
63543,train
41592,train
29628,train
89634,train
15592,train
75738,train
66473,train
30024,train
1309,train
13453,train
76139,train
84604,train
94512,train
21533,train
88637,train
13902,train
91640,train
27958,train
69822,train
96197,train
82782,train
73520,train
60907,train
96564,train
21665,train
19044,train
74911,train
73376,train
14752,train
76696,train
91892,train
74054,train
56070,train
23725,train
57097,train
62759,train
93307,train
14339,train
83142,train
89963,train
31130,train
18258,train
72886,train
61995,train
42562,train
49947,train
85465,train
14885,train
87982,train
2892,train
42491,train
81276,train
40869,train
19119,train
88918,train
17649,train
82389,train
35967,train
86357,train
76695,train
64789,train
26250,train
68881,train
89747,train
39703,train
9443,train
81756,train
77327,train
84394,train
40946,train
25189,train
84701,train
15766,train
34252,train
41780,train
47823,train
7942,train
88250,train
53329,train
52161,train
24886,train
66120,train
9850,train
98164,train
83518,train
16354,train
56501,train
73995,train
69249,train
55095,train
12266,train
5065,train
45596,train
38645,train
19569,train
85835,train
85545,train
60085,train
1274,train
12279,train
82145,train
62272,train
38737,train
35,train
48382,train
61253,train
86859,train
52139,train
12226,train
99384,train
80212,train
47135,train
76146,train
65144,train
51455,train
47010,train
2356,train
85413,train
41820,train
12693,train
73081,train
25865,train
95195,train
7508,train
97775,train
41909,train
61704,train
99765,train
88622,train
68917,train
99511,train
64476,train
28245,train
25737,train
82012,train
25542,train
29211,train
45149,train
25464,train
50719,train
2380,train
34866,train
89353,train
97728,train
85305,train
63977,train
57980,train
14970,train
78745,train
34521,train
2769,train
28854,train
81909,train
69831,train
4665,train
84283,train
87590,train
67392,train
5695,train
80544,train
4583,train
59478,train
32076,train
8931,train
40579,train
9647,train
68052,train
41454,train
2034,train
46717,train
16659,train
1810,train
8843,train
5512,train
24983,train
48796,train
33117,train
56310,train
22468,train
36364,train
67954,train
80502,train
52732,train
32231,train
42450,train
12245,train
57803,train
23321,train
11793,train
55972,train
55566,train
11345,train
86778,train
48055,train
10582,train
1674,train
80828,train
82295,train
85573,train
14758,train
3288,train
48636,train
60562,train
74285,train
69264,train
62092,train
81681,train
91136,train
86174,train
45031,train
73363,train
88179,train
49940,train
93369,train
67145,train
52707,train
94108,train
26866,train
42625,train
17710,train
78996,train
71410,train
46140,train
77773,train
69234,train
53123,train
71808,train
38191,train
97229,train
69862,train
3599,train
62481,train
1049,train
99894,train
19892,train
78215,train
79237,train
7476,train
12093,train
71401,train
12330,train
43933,train
86341,train
10515,train
28977,train
79161,train
83769,train
65843,train
41676,train
82864,train
86875,train
1920,train
27654,train
93178,train
44213,train
52719,train
47491,train
19116,train
81538,train
52631,train
39458,train
86657,train
71685,train
84276,train
40977,train
8807,train
84733,train
94176,train
92183,train
81905,train
34746,train
15070,train
83796,train
98383,train
47060,train
97295,train
44682,train
90432,train
84542,train
7619,train
40836,train
69183,train
16707,train
29559,train
15248,train
35657,train
38803,train
23190,train
1004,train
41395,train
50420,train
24357,train
42437,train
79085,train
68357,train
56884,train
56244,train
54783,train
41566,train
98277,train
83726,train
43561,train
79488,train
35279,train
85622,train
44548,train
1890,train
67713,train
23730,train
35955,train
42605,train
66612,train
95102,train
74032,train
57542,train
88833,train
59720,train
57952,train
39574,train
62675,train
76077,train
90142,train
52705,train
58357,train
53774,train
58204,train
3006,train
69310,train
10025,train
71556,train
94369,train
17644,train
17711,train
52503,train
31664,train
8118,train
46961,train
31383,train
19577,train
3011,train
6607,train
8669,train
92069,train
58631,train
47629,train
73282,train
58310,train
94384,train
76072,train
9041,train
99483,train
54684,train
81242,train
47858,train
70237,train
71742,train
40249,train
76655,train
82311,train
82499,train
61460,train
83623,train
74560,train
49136,train
3755,train
75609,train
613,train
55119,train
58227,train
38509,train
20971,train
12721,train
93560,train
48842,train
54339,train
87921,train
67262,train
79229,train
17972,train
63951,train
24061,train
85358,train
25964,train
98217,train
82462,train
10644,train
51269,train
71358,train
86301,train
77721,train
9247,train
65396,train
47107,train
23962,train
60251,train
35641,train
83476,train
7381,train
8935,train
89418,train
17407,train
92630,train
5189,train
16718,train
30478,train
73334,train
24878,train
99562,train
87167,train
53191,train
1386,train
96430,train
92672,train
24267,train
4055,train
82931,train
93427,train
27716,train
45647,train
12433,train
40242,train
42084,train
38981,train
73130,train
69910,train
88971,train
61775,train
72815,train
79466,train
95225,train
18465,train
24250,train
52764,train
92215,train
24691,train
12514,train
27779,train
39187,train
29542,train
95581,train
67056,train
41893,train
47872,train
92271,train
39629,train
77118,train
17519,train
61008,train
54579,train
61128,train
69049,train
38505,train
50929,train
97073,train
60115,train
48861,train
9043,train
47839,train
33478,train
71562,train
56557,train
16559,train
4068,train
48912,train
34175,train
34075,train
35880,train
54765,train
49478,train
38286,train
78343,train
45345,train
1337,train
70825,train
44055,train
59562,train
38235,train
42881,train
26452,train
24180,train
51576,train
14786,train
36803,train
84467,train
54769,train
16433,train
46111,train
99459,train
872,train
59727,train
54620,train
3139,train
29172,train
51552,train
57966,train
20375,train
80725,train
22867,train
65343,train
53355,train
55363,train
80893,train
28244,train
1935,train
31800,train
63064,train
25450,train
60818,train
82755,train
88559,train
70165,train
28210,train
48034,train
78424,train
32996,train
23727,train
83233,train
347,train
559,train
7418,train
66485,train
10907,train
41411,train
11997,train
70714,train
88226,train
95869,train
98087,train
47616,train
21618,train
42222,train
44180,train
78403,train
48202,train
82732,train
59595,train
61637,train
92906,train
19922,train
40508,train
7855,train
10484,train
85035,train
24528,train
6924,train
34353,train
2255,train
44928,train
47542,train
58390,train
87670,train
56600,train
35861,train
96425,train
64732,train
89852,train
45736,train
62716,train
91960,train
2762,train
18187,train
81094,train
63701,train
79851,train
84663,train
7911,train
26814,train
39168,train
53544,train
67032,train
95185,train
18310,train
71952,train
67223,train
45711,train
12349,train
28742,train
30845,train
15446,train
76412,train
11270,train
95729,train
12555,train
85501,train
89223,train
14824,train
23821,train
70778,train
56516,train
45388,train
60779,train
46684,train
42083,train
56656,train
80220,train
69293,train
60956,train
51348,train
22074,train
56432,train
28240,train
28158,train
84534,train
31166,train
748,train
45870,train
61122,train
69710,train
72416,train
98084,train
70081,train
15007,train
82228,train
49119,train
33096,train
12306,train
37995,train
8707,train
22266,train
15176,train
2013,train
62500,train
55602,train
68447,train
22269,train
92457,train
88058,train
72522,train
23656,train
68763,train
31953,train
28242,train
93131,train
76620,train
53470,train
4572,train
72028,train
84512,train
13857,train
54445,train
28682,train
69923,train
81411,train
67501,train
50324,train
3450,train
2847,train
18704,train
94271,train
56860,train
40567,train
68587,train
82612,train
62238,train
88795,train
76877,train
82891,train
67508,train
95119,train
29520,train
90601,train
97108,train
66968,train
65582,train
82245,train
36401,train
30318,train
60604,train
21726,train
526,train
19667,train
32853,train
8964,train
94539,train
33680,train
78774,train
47141,train
73085,train
52724,train
20564,train
64325,train
59458,train
29336,train
84869,train
75907,train
36779,train
42495,train
8142,train
49513,train
29550,train
50558,train
93988,train
73688,train
35612,train
12552,train
50667,train
55554,train
88570,train
10518,train
51071,train
95372,train
70555,train
69166,train
65681,train
47096,train
3982,train
34387,train
37594,train
55183,train
7428,train
1112,train
14392,train
62495,train
67503,train
77476,train
13467,train
23469,train
28912,train
47199,train
79465,train
81154,train
85058,train
3069,train
3505,train
35177,train
92233,train
65561,train
75485,train
59238,train
36304,train
80945,train
16632,train
76706,train
17712,train
13940,train
4892,train
94078,train
80802,train
51428,train
83255,train
40554,train
5629,train
1345,train
95829,train
36359,train
12423,train
37693,train
37459,train
99457,train
23931,train
71420,train
35382,train
798,train
79696,train
31653,train
10866,train
98985,train
70672,train
64493,train
77035,train
38741,train
19684,train
49084,train
41808,train
30030,train
26481,train
18856,train
94319,train
67322,train
25609,train
11871,train
85397,train
6201,train
44701,train
47238,train
59586,train
2067,train
48390,train
76725,train
32258,train
13574,train
2258,train
20563,train
44061,train
82023,train
8797,train
20644,train
68310,train
38728,train
20884,train
75666,train
48098,train
54319,train
63034,train
54157,train
14362,train
88421,train
84195,train
75260,train
10409,train
89208,train
5507,train
18335,train
11861,train
438,train
22822,train
95044,train
22967,train
4418,train
20070,train
51968,train
64225,train
44128,train
30467,train
2951,train
18337,train
54789,train
39716,train
72627,train
93145,train
5686,train
90699,train
43638,train
74338,train
53409,train
59033,train
85591,train
17602,train
89547,train
30759,train
85197,train
99419,train
3949,train
13169,train
25507,train
74145,train
14153,train
37895,train
6862,train
56323,train
30314,train
90886,train
76707,train
49083,train
76142,train
22204,train
55159,train
6914,train
66410,train
80902,train
89957,train
64189,train
97297,train
60925,train
74828,train
72327,train
11634,train
85828,train
42947,train
58665,train
20340,train
67267,train
35084,train
88881,train
47779,train
32210,train
61274,train
96646,train
84215,train
68932,train
15143,train
34899,train
37469,train
14523,train
79282,train
48621,train
31458,train
71564,train
2119,train
35086,train
24795,train
9134,train
86080,train
35404,train
93594,train
72125,train
76370,train
69342,train
77596,train
83974,train
82394,train
3343,train
50426,train
74924,train
45209,train
48553,train
77301,train
37907,train
99398,train
45767,train
79873,train
97124,train
34572,train
3800,train
66409,train
34569,train
7137,train
83807,train
44763,train
42409,train
44483,train
83953,train
60650,train
70739,train
88114,train
32766,train
62804,train
63495,train
63912,train
60624,train
98124,train
67825,train
37873,train
47454,train
21500,train
45260,train
79223,train
28972,train
59811,train
11452,train
2205,train
86114,train
45026,train
39408,train
45364,train
66198,train
18951,train
5665,train
18355,train
96277,train
34831,train
19663,train
6539,train
38647,train
4043,train
65888,train
85196,train
69497,train
57721,train
58074,train
41884,train
30427,train
81029,train
38745,train
17284,train
81124,train
99553,train
79544,train
27105,train
73498,train
25735,train
18455,train
89887,train
51270,train
57437,train
96329,train
806,train
64112,train
89769,train
97218,train
36140,train
66435,train
71377,train
99813,train
16327,train
71793,train
1059,train
10017,train
86349,train
16992,train
83116,train
11780,train
51454,train
71323,train
23810,train
33790,train
4201,train
20350,train
13962,train
3565,train
24543,train
54374,train
2601,train
19941,train
73847,train
287,train
43570,train
34248,train
37033,train
58962,train
33382,train
45916,train
71774,train
84026,train
72698,train
98987,train
54741,train
56709,train
84098,train
67521,train
25637,train
61409,train
62752,train
48570,train
69664,train
2570,train
24590,train
79738,train
93281,train
45785,train
36932,train
73331,train
75138,train
42441,train
73427,train
54759,train
89147,train
87543,train
2805,train
89019,train
11730,train
23442,train
98031,train
57581,train
59723,train
94436,train
16167,train
71934,train
32492,train
16077,train
85450,train
21083,train
21100,train
69840,train
49519,train
55458,train
71989,train
56770,train
68807,train
69388,train
94061,train
26045,train
71621,train
1452,train
96348,train
56179,train
83176,train
93776,train
97273,train
94997,train
3916,train
49605,train
31729,train
7927,train
82537,train
81885,train
86361,train
95675,train
39566,train
13487,train
55699,train
68082,train
53204,train
13963,train
20885,train
57199,train
76727,train
39799,train
48364,train
63468,train
33188,train
66496,train
10431,train
80004,train
88699,train
21818,train
94766,train
47582,train
88432,train
64624,train
76002,train
58127,train
54792,train
36175,train
8858,train
68231,train
77134,train
68406,train
57691,train
61450,train
69080,train
71087,train
1449,train
28638,train
61032,train
59291,train
555,train
27623,train
43483,train
78112,train
95506,train
25524,train
66142,train
94237,train
67054,train
49862,train
48104,train
19710,train
4066,train
88766,train
35779,train
13549,train
54752,train
22726,train
24039,train
72008,train
49265,train
32405,train
20247,train
50817,train
64183,train
59443,train
59955,train
26320,train
83554,train
84152,train
89122,train
66867,train
78391,train
86666,train
94159,train
55258,train
4699,train
93669,train
4829,train
67733,train
79123,train
89737,train
26970,train
7203,train
15010,train
49609,train
75515,train
55299,train
29212,train
20779,train
38141,train
7405,train
47816,train
90437,train
21870,train
48685,train
12372,train
31806,train
25530,train
53659,train
16984,train
46563,train
46958,train
50613,train
43463,train
86225,train
74299,train
46671,train
65691,train
34309,train
14964,train
86006,train
44057,train
47098,train
31779,train
78922,train
59526,train
53126,train
66958,train
38874,train
57122,train
19435,train
49403,train
91084,train
32768,train
66110,train
30538,train
18405,train
98006,train
44153,train
70148,train
57885,train
65868,train
29312,train
44099,train
31657,train
44624,train
50090,train
60163,train
64644,train
57049,train
66172,train
31168,train
2877,train
63072,train
81703,train
16064,train
19075,train
20221,train
78310,train
20069,train
69642,train
93847,train
33588,train
44819,train
68093,train
36052,train
17664,train
9704,train
97790,train
34820,train
46738,train
95995,train
95210,train
82806,train
71425,train
24986,train
68655,train
58659,train
89720,train
66126,train
60625,train
99965,train
49621,train
30279,train
37015,train
81452,train
86120,train
29154,train
97046,train
47679,train
25791,train
1144,train
49693,train
59025,train
57085,train
67549,train
8710,train
93027,train
56405,train
80357,train
34008,train
69007,train
67655,train
32917,train
30598,train
67510,train
50744,train
15806,train
28258,train
11921,train
81622,train
30485,train
1818,train
94710,train
24677,train
527,train
713,train
68644,train
44138,train
23289,train
93697,train
20103,train
48935,train
77342,train
54160,train
58572,train
78673,train
50538,train
40399,train
69489,train
22477,train
37912,train
87493,train
51365,train
11353,train
64940,train
60987,train
52822,train
5171,train
71221,train
95696,train
29269,train
16755,train
72093,train
66929,train
32515,train
4461,train
60414,train
85169,train
17322,train
31460,train
76100,train
17797,train
57873,train
95267,train
90575,train
11158,train
35035,train
41832,train
20862,train
76346,train
54172,train
8434,train
81481,train
58160,train
54635,train
4559,train
97083,train
62906,train
71737,train
47572,train
2857,train
14944,train
97557,train
74518,train
7690,train
63311,train
64475,train
16281,train
21571,train
58853,train
78609,train
32505,train
81761,train
99600,train
6780,train
78175,train
66042,train
42580,train
29943,train
72007,train
15498,train
32789,train
82101,train
79068,train
67874,train
26869,train
44287,train
28178,train
97756,train
1546,train
40506,train
89414,train
95264,train
39967,train
89104,train
61295,train
52245,train
81328,train
24038,train
99939,train
40346,train
58352,train
72129,train
43183,train
57570,train
49666,train
20642,train
77254,train
76123,train
22769,train
85926,train
39215,train
39656,train
7573,train
13267,train
62599,train
10289,train
75703,train
39508,train
62142,train
40222,train
26923,train
56744,train
52416,train
80351,train
83678,train
42581,train
125,train
81340,train
93743,train
35505,train
31570,train
19331,train
48995,train
63813,train
70970,train
89601,train
29267,train
6699,train
67245,train
56288,train
34375,train
50944,train
83296,train
60542,train
27873,train
54034,train
16649,train
89280,train
18904,train
95673,train
40963,train
30528,train
94788,train
42245,train
95378,train
97157,train
16999,train
81974,train
41510,train
81212,train
19694,train
33158,train
70560,train
18941,train
53214,train
68424,train
52306,train
68000,train
60302,train
56303,train
56458,train
60044,train
54342,train
7145,train
60243,train
80728,train
44394,train
678,train
42902,train
18030,train
53534,train
17432,train
53494,train
80677,train
59184,train
40519,train
47343,train
94954,train
77856,train
68568,train
2360,train
58183,train
61563,train
93653,train
57451,train
32090,train
49539,train
6388,train
14477,train
62313,train
2338,train
21291,train
67100,train
2133,train
27219,train
19909,train
48100,train
18242,train
67709,train
87383,train
66105,train
4705,train
29365,train
83579,train
50039,train
86954,train
80113,train
85833,train
90310,train
74447,train
17961,train
85904,train
72594,train
68255,train
37787,train
10493,train
96355,train
12912,train
67483,train
78581,train
88601,train
66216,train
92052,train
80754,train
5472,train
26987,train
19320,train
47104,train
1712,train
72511,train
31933,train
68315,train
51477,train
70025,train
77167,train
20131,train
1000,train
38991,train
12977,train
43803,train
81356,train
18589,train
64728,train
69190,train
66434,train
87172,train
96706,train
52513,train
4267,train
32645,train
50854,train
37591,train
28552,train
6457,train
70219,train
6011,train
23690,train
77606,train
2956,train
7777,train
59226,train
3587,train
76216,train
81218,train
40856,train
42718,train
62505,train
74042,train
25389,train
40117,train
24423,train
73928,train
17836,train
18587,train
68195,train
72851,train
82741,train
32818,train
64436,train
96573,train
32517,train
23438,train
77056,train
77231,train
39844,train
34258,train
61887,train
75318,train
4222,train
28642,train
752,train
55175,train
92229,train
38591,train
69685,train
6705,train
56120,train
76366,train
52813,train
30600,train
15066,train
16747,train
44519,train
89210,train
21541,train
46522,train
74869,train
16716,train
96587,train
22576,train
39117,train
7081,train
35653,train
27139,train
26851,train
71301,train
6894,train
53679,train
71181,train
96198,train
75578,train
63131,train
10434,train
53824,train
48585,train
37920,train
90901,train
20632,train
50169,train
56348,train
61223,train
41763,train
89329,train
84639,train
84865,train
45356,train
14784,train
90133,train
60896,train
35366,train
15346,train
60543,train
89819,train
91093,train
38129,train
19490,train
28389,train
72189,train
78366,train
30536,train
44097,train
78935,train
81162,train
15189,train
21409,train
81999,train
80797,train
70661,train
28061,train
70815,train
70700,train
48756,train
6931,train
92914,train
40357,train
3332,train
52411,train
67561,train
81205,train
1300,train
5851,train
56071,train
19241,train
350,train
96103,train
79261,train
20431,train
12303,train
43403,train
51722,train
2111,train
28056,train
76843,train
27113,train
77513,train
36528,train
61601,train
66298,train
89159,train
87769,train
26855,train
65240,train
85546,train
1868,train
80003,train
43699,train
27329,train
83490,train
44206,train
96369,train
85895,train
18526,train
97892,train
58167,train
42912,train
20325,train
68954,train
72310,train
73610,train
57422,train
96041,train
56265,train
49189,train
18033,train
2293,train
84586,train
55250,train
89869,train
59455,train
87886,train
43689,train
31512,train
96467,train
71609,train
69756,train
61729,train
43068,train
59597,train
51050,train
30401,train
22223,train
43990,train
56721,train
54917,train
23541,train
60434,train
72102,train
70029,train
19617,train
5967,train
40376,train
72964,train
95641,train
74549,train
59247,train
62987,train
18931,train
55524,train
96733,train
69982,train
32089,train
63824,train
41331,train
46486,train
45868,train
94825,train
68764,train
95784,train
11672,train
74626,train
62888,train
26718,train
17329,train
8628,train
60994,train
69731,train
95127,train
19808,train
51498,train
59929,train
10683,train
25164,train
93727,train
62080,train
68203,train
38029,train
94101,train
5557,train
4441,train
34372,train
72758,train
68243,train
79215,train
65401,train
71775,train
78426,train
66766,train
9520,train
62470,train
41422,train
91323,train
89120,train
15604,train
63493,train
59973,train
75975,train
55984,train
34856,train
60555,train
34280,train
41891,train
88550,train
44230,train
95844,train
1402,train
28455,train
14598,train
59560,train
91548,train
42286,train
31401,train
30218,train
92571,train
71746,train
41097,train
83244,train
1062,train
28428,train
80974,train
4149,train
92079,train
63705,train
10303,train
49348,train
14474,train
39172,train
21961,train
91807,train
22920,train
38355,train
48338,train
8854,train
40098,train
76400,train
76597,train
29914,train
99666,train
57930,train
46169,train
5019,train
15190,train
641,train
82762,train
89821,train
89306,train
16529,train
48868,train
68723,train
22021,train
44,train
66832,train
97156,train
22936,train
72184,train
53761,train
97751,train
85170,train
82712,train
23991,train
84155,train
76656,train
491,train
87790,train
87945,train
66911,train
42133,train
11185,train
61477,train
44866,train
24425,train
11128,train
94442,train
52020,train
28427,train
38826,train
9802,train
1670,train
19068,train
58148,train
12577,train
58193,train
53851,train
52771,train
24511,train
95950,train
82917,train
48945,train
64350,train
84445,train
93888,train
4655,train
46268,train
45243,train
82359,train
65233,train
40225,train
4217,train
48356,train
34735,train
21127,train
50272,train
60139,train
50165,train
27994,train
44997,train
50698,train
29513,train
99280,train
3509,train
61726,train
5242,train
21220,train
2840,train
25035,train
5595,train
80661,train
16467,train
20761,train
72428,train
73067,train
44114,train
94614,train
60606,train
81888,train
43142,train
27899,train
4510,train
4314,train
86795,train
43396,train
46415,train
94654,train
25233,train
55000,train
72029,train
521,train
91083,train
41333,train
68415,train
46318,train
25577,train
94986,train
39440,train
44601,train
57294,train
64119,train
26300,train
3595,train
61860,train
13555,train
83428,train
4968,train
80686,train
69681,train
10029,train
42488,train
52300,train
28561,train
13212,train
34775,train
78526,train
23282,train
49508,train
73690,train
39533,train
58461,train
96278,train
18480,train
80917,train
893,train
44814,train
40482,train
3238,train
54333,train
89803,train
62127,train
46465,train
10356,train
19146,train
66804,train
78733,train
65585,train
48677,train
44703,train
28361,train
88253,train
84807,train
88172,train
6639,train
37294,train
35065,train
57479,train
80182,train
36269,train
9469,train
38385,train
14349,train
50164,train
62666,train
33127,train
83460,train
91861,train
65433,train
97514,train
21770,train
11184,train
78212,train
50483,train
73440,train
62340,train
71569,train
84117,train
30129,train
44168,train
16239,train
73555,train
78843,train
24361,train
79550,train
34388,train
73681,train
99137,train
64082,train
17638,train
59865,train
77466,train
27335,train
23392,train
27562,train
24978,train
17452,train
42589,train
91503,train
87212,train
88930,train
22777,train
98498,train
75117,train
4915,train
5149,train
72179,train
14168,train
59356,train
63772,train
50515,train
17180,train
73338,train
30449,train
44348,train
15214,train
71086,train
96594,train
84631,train
5718,train
4462,train
59513,train
81923,train
15797,train
82874,train
79170,train
61864,train
33767,train
99196,train
98513,train
93975,train
12982,train
29460,train
93516,train
77527,train
31603,train
41214,train
42226,train
14500,train
53836,train
46130,train
96372,train
19126,train
81295,train
94164,train
83349,train
3813,train
46744,train
30130,train
39683,train
3109,train
33236,train
66972,train
19064,train
74993,train
93080,train
59735,train
72942,train
95076,train
42107,train
87570,train
11787,train
55513,train
96734,train
23033,train
29631,train
94478,train
40692,train
20036,train
98967,train
56537,train
98378,train
42006,train
9253,train
79264,train
10165,train
11869,train
16019,train
51672,train
39992,train
59567,train
5584,train
14249,train
58602,train
76854,train
16792,train
5897,train
32487,train
96510,train
26779,train
98048,train
78156,train
61413,train
41727,train
88648,train
18446,train
35670,train
43147,train
47435,train
29032,train
59549,train
25410,train
28966,train
199,train
45730,train
86209,train
5144,train
5170,train
87413,train
28379,train
38183,train
19380,train
59870,train
58475,train
37119,train
12756,train
17538,train
14812,train
89453,train
712,train
13058,train
13951,train
80523,train
96629,train
75035,train
41633,train
67286,train
83817,train
31665,train
18143,train
35463,train
27660,train
74390,train
12626,train
42783,train
95976,train
17794,train
31225,train
17473,train
5562,train
92407,train
2767,train
97994,train
98564,train
75783,train
96771,train
88378,train
74611,train
20624,train
1436,train
9198,train
45847,train
97486,train
40651,train
90854,train
9083,train
56679,train
91497,train
670,train
56511,train
11825,train
15107,train
75128,train
85982,train
16426,train
76556,train
18086,train
43018,train
9573,train
66374,train
53229,train
94229,train
28034,train
35687,train
90786,train
43496,train
44267,train
31151,train
49143,train
86470,train
23068,train
95349,train
86425,train
11084,train
50132,train
35662,train
19716,train
34840,train
7647,train
6848,train
16728,train
56789,train
89099,train
93332,train
58100,train
13098,train
44254,train
72243,train
60936,train
46217,train
34473,train
83918,train
91491,train
89722,train
56148,train
4024,train
16171,train
58450,train
7594,train
48156,train
25795,train
18002,train
25961,train
41064,train
17885,train
27203,train
32187,train
87103,train
72677,train
79903,train
61434,train
6038,train
99932,train
97394,train
47972,train
78327,train
20521,train
61160,train
91320,train
14694,train
74676,train
74811,train
52872,train
23120,train
28108,train
89229,train
76141,train
89207,train
67523,train
57583,train
98805,train
91512,train
38015,train
51831,train
75942,train
7916,train
47639,train
14187,train
70779,train
235,train
99934,train
65637,train
43695,train
64345,train
21836,train
99748,train
53584,train
28736,train
10045,train
98850,train
6439,train
65019,train
35628,train
63278,train
73536,train
52106,train
81719,train
41696,train
40378,train
93607,train
51739,train
55012,train
97553,train
74630,train
32974,train
48310,train
95867,train
73730,train
76660,train
42691,train
2178,train
88001,train
85174,train
16917,train
91774,train
84767,train
1740,train
43273,train
86897,train
14142,train
22737,train
65803,train
55941,train
48649,train
33642,train
17197,train
77989,train
68432,train
89312,train
25461,train
59577,train
42436,train
29000,train
56445,train
42745,train
9291,train
48457,train
43578,train
93634,train
11124,train
32565,train
30345,train
87812,train
35991,train
20160,train
42176,train
21593,train
74821,train
63913,train
89843,train
68614,train
1471,train
16582,train
28868,train
74808,train
1724,train
12236,train
22341,train
68890,train
81153,train
45368,train
85346,train
74361,train
32895,train
54428,train
37497,train
93991,train
87085,train
14398,train
84721,train
37830,train
34604,train
20011,train
26598,train
51773,train
52608,train
53281,train
48694,train
32351,train
59294,train
91464,train
4187,train
34070,train
28373,train
90131,train
55646,train
42736,train
96065,train
21349,train
85661,train
31911,train
74718,train
54272,train
23037,train
2772,train
36815,train
14117,train
92421,train
36845,train
19631,train
93542,train
31195,train
33057,train
29139,train
46641,train
38816,train
49656,train
78001,train
61934,train
34461,train
38474,train
7198,train
54027,train
13214,train
28346,train
71270,train
33010,train
51701,train
63933,train
21997,train
19233,train
66277,train
44209,train
73429,train
93816,train
32012,train
46564,train
20666,train
70878,train
65460,train
31398,train
13956,train
21140,train
34774,train
84347,train
65183,train
54049,train
22829,train
14604,train
81485,train
74998,train
82185,train
70773,train
71176,train
70019,train
32378,train
54021,train
82601,train
33275,train
81226,train
23472,train
68210,train
55745,train
87701,train
74351,train
42906,train
28243,train
46213,train
70318,train
74954,train
53736,train
53084,train
59303,train
51543,train
13520,train
25156,train
58663,train
46877,train
90071,train
69463,train
84197,train
46748,train
9754,train
1293,train
9257,train
45795,train
43034,train
33938,train
11367,train
41582,train
77274,train
54197,train
94141,train
49976,train
51109,train
13645,train
90923,train
13832,train
66351,train
46238,train
70898,train
71143,train
38940,train
90664,train
39021,train
39603,train
25973,train
6579,train
51834,train
76091,train
77909,train
58632,train
14008,train
29734,train
22539,train
57132,train
4131,train
67759,train
97652,train
68427,train
5850,train
69411,train
13551,train
25590,train
32733,train
87876,train
91924,train
73618,train
50611,train
469,train
67320,train
12072,train
44281,train
30085,train
8324,train
97668,train
46430,train
73414,train
40927,train
73538,train
38380,train
73442,train
66319,train
99450,train
48361,train
96610,train
8883,train
62835,train
6892,train
62466,train
28560,train
92031,train
56254,train
11433,train
1487,train
90756,train
61208,train
7960,train
31289,train
12180,train
88667,train
61633,train
84505,train
6289,train
8188,train
46322,train
41791,train
68637,train
80403,train
7327,train
54460,train
64261,train
97724,train
50937,train
66821,train
1015,train
50289,train
56353,train
29863,train
73275,train
87190,train
51436,train
20942,train
74986,train
39797,train
67463,train
99809,train
28365,train
70983,train
60376,train
51513,train
29166,train
20228,train
28392,train
82468,train
83900,train
24593,train
4509,train
46786,train
96052,train
99410,train
55347,train
42221,train
40915,train
41586,train
29310,train
22850,train
66404,train
50353,train
71732,train
52978,train
58073,train
83907,train
81685,train
91723,train
59729,train
43677,train
4981,train
19298,train
38633,train
28268,train
63794,train
5304,train
85745,train
19390,train
34995,train
19783,train
26515,train
27878,train
90010,train
13178,train
8785,train
34167,train
52953,train
99015,train
76363,train
76498,train
35835,train
78089,train
75544,train
29904,train
62054,train
62814,train
38208,train
16502,train
26771,train
4792,train
87363,train
6991,train
84013,train
37502,train
79585,train
80549,train
57182,train
44671,train
22254,train
6967,train
5667,train
91186,train
12496,train
4172,train
94198,train
27763,train
74822,train
62615,train
8552,train
9948,train
34036,train
56105,train
12731,train
32557,train
52642,train
92679,train
25826,train
88478,train
8675,train
84722,train
25226,train
73142,train
47508,train
69083,train
65573,train
18193,train
36813,train
5143,train
90308,train
99972,train
78389,train
40341,train
43547,train
75908,train
62977,train
24327,train
24866,train
24575,train
7713,train
88372,train
63287,train
77663,train
21049,train
90213,train
25498,train
47908,train
86933,train
51425,train
67787,train
98704,train
58739,train
97239,train
27309,train
57348,train
29768,train
63049,train
19506,train
59854,train
3824,train
13554,train
18936,train
52629,train
91578,train
53370,train
69157,train
2358,train
57262,train
38162,train
41989,train
99612,train
91991,train
65866,train
88141,train
70931,train
91063,train
39494,train
51175,train
89184,train
93076,train
96299,train
21730,train
10858,train
37115,train
12141,train
1013,train
62957,train
48838,train
99358,train
84202,train
21350,train
78462,train
57892,train
58852,train
63149,train
16825,train
94725,train
7340,train
2231,train
32597,train
17039,train
44377,train
64266,train
36167,train
88712,train
42456,train
3393,train
91140,train
79761,train
72653,train
59331,train
94772,train
7886,train
7000,train
33866,train
28866,train
88516,train
96356,train
26783,train
68778,train
99062,train
20190,train
94263,train
34836,train
29505,train
96489,train
97583,train
50429,train
22061,train
76845,train
24794,train
54020,train
39620,train
76708,train
25802,train
25493,train
98159,train
76244,train
84141,train
39962,train
77256,train
99686,train
69451,train
90623,train
26293,train
25152,train
73123,train
62952,train
741,train
7828,train
44208,train
85660,train
43125,train
54681,train
19279,train
47796,train
29795,train
1517,train
96732,train
95615,train
22137,train
62643,train
77233,train
29330,train
37828,train
4807,train
85791,train
86654,train
9676,train
90833,train
32821,train
33398,train
17730,train
95510,train
14859,train
41069,train
17841,train
86488,train
53413,train
42294,train
27323,train
67188,train
66304,train
7093,train
57643,train
51145,train
22303,train
22518,train
1956,train
20506,train
95693,train
69146,train
92881,train
61375,train
21815,train
20005,train
71597,train
12528,train
95763,train
83184,train
87086,train
13015,train
47581,train
16682,train
92987,train
26676,train
62356,train
33166,train
94346,train
95422,train
68896,train
38354,train
55726,train
61631,train
68899,train
38885,train
46252,train
32528,train
77778,train
41918,train
38629,train
4384,train
10692,train
43208,train
80988,train
89655,train
43662,train
2066,train
65652,train
73404,train
60874,train
72150,train
82251,train
52639,train
93891,train
50671,train
35918,train
88133,train
94526,train
65053,train
16007,train
55884,train
68555,train
80298,train
78448,train
64021,train
47160,train
13364,train
14329,train
27636,train
54702,train
85006,train
79431,train
59473,train
44235,train
92915,train
89533,train
51806,train
2660,train
80769,train
111,train
25896,train
33294,train
39255,train
94234,train
83507,train
8818,train
95375,train
1785,train
99027,train
78165,train
39675,train
30753,train
41926,train
94531,train
71273,train
60467,train
66428,train
97240,train
21538,train
63550,train
13890,train
7919,train
66174,train
97474,train
15983,train
81164,train
42687,train
86587,train
92113,train
29148,train
98986,train
55679,train
42330,train
58080,train
27596,train
90448,train
85571,train
39032,train
16198,train
89918,train
64179,train
83562,train
61020,train
90766,train
50664,train
94856,train
84233,train
57436,train
81657,train
94793,train
93606,train
15824,train
63545,train
25547,train
34758,train
53721,train
83996,train
64713,train
22896,train
96532,train
88090,train
21362,train
62506,train
62154,train
50919,train
4606,train
76409,train
42811,train
48307,train
23626,train
14561,train
81748,train
47899,train
95368,train
6821,train
6014,train
8975,train
66363,train
66772,train
87154,train
70197,train
66347,train
16486,train
64427,train
43193,train
41025,train
72169,train
98015,train
42,train
17027,train
74698,train
98964,train
18114,train
20940,train
72785,train
39572,train
90029,train
33753,train
70241,train
88933,train
23807,train
18014,train
44745,train
60856,train
27517,train
41369,train
8258,train
22932,train
4858,train
34469,train
88465,train
7036,train
62712,train
94087,train
91735,train
31569,train
89077,train
56813,train
32306,train
24929,train
52576,train
65631,train
38218,train
94499,train
86145,train
23100,train
77934,train
72447,train
90442,train
41452,train
81543,train
59085,train
85609,train
52337,train
80080,train
68142,train
67502,train
48601,train
31698,train
51770,train
31350,train
72503,train
79600,train
29575,train
59079,train
937,train
88109,train
12715,train
90568,train
64017,train
72791,train
51211,train
95821,train
16891,train
48003,train
69849,train
28862,train
21121,train
82989,train
59584,train
21233,train
28404,train
34125,train
18381,train
64603,train
97747,train
62433,train
6207,train
12411,train
73455,train
3644,train
94683,train
21988,train
22739,train
95170,train
57975,train
84181,train
22771,train
91575,train
87865,train
73998,train
64086,train
42868,train
5178,train
74370,train
8703,train
85954,train
23850,train
86192,train
69432,train
9603,train
44801,train
94365,train
49383,train
52577,train
67760,train
85028,train
38919,train
49373,train
74614,train
27472,train
41542,train
56672,train
47171,train
20318,train
72748,train
79393,train
22613,train
45839,train
83650,train
17431,train
6377,train
99299,train
76045,train
47374,train
8902,train
24484,train
1147,train
33017,train
14148,train
93712,train
34380,train
10202,train
93832,train
52374,train
83464,train
61939,train
6740,train
43016,train
1539,train
71941,train
22775,train
21399,train
61009,train
16515,train
98996,train
9366,train
84564,train
35806,train
3241,train
72966,train
5052,train
46587,train
78340,train
40204,train
42948,train
54166,train
65380,train
1531,train
57714,train
50899,train
97153,train
78625,train
23301,train
94128,train
94224,train
54072,train
32276,train
19409,train
85602,train
9583,train
32606,train
50235,train
16015,train
39284,train
35998,train
25788,train
21354,train
42057,train
79026,train
81241,train
24008,train
33582,train
76531,train
76311,train
33879,train
86868,train
19998,train
72123,train
86937,train
19656,train
30415,train
83838,train
58188,train
1138,train
81995,train
53814,train
34933,train
35079,train
60431,train
55843,train
58373,train
34083,train
48510,train
21025,train
56053,train
44120,train
97104,train
20258,train
22464,train
65512,train
43958,train
13818,train
92103,train
11671,train
69550,train
78196,train
14410,train
68048,train
86998,train
8183,train
26313,train
52490,train
25473,train
76401,train
4843,train
13743,train
91404,train
57573,train
76126,train
4682,train
70695,train
89201,train
27224,train
85208,train
13165,train
31542,train
55629,train
94774,train
73835,train
6729,train
21772,train
62454,train
78171,train
86326,train
62621,train
21436,train
33976,train
29276,train
47145,train
29458,train
52202,train
11994,train
31354,train
8115,train
45208,train
51747,train
53624,train
4304,train
44385,train
86592,train
17212,train
56009,train
15113,train
21716,train
55876,train
2990,train
25704,train
93029,train
87455,train
27130,train
40924,train
77337,train
47025,train
43865,train
22893,train
35153,train
48703,train
90329,train
63304,train
2049,train
34067,train
53337,train
91296,train
58285,train
4089,train
77984,train
77791,train
3842,train
15109,train
32885,train
4553,train
86908,train
84030,train
38846,train
26430,train
86121,train
19297,train
48439,train
80478,train
31764,train
89003,train
6734,train
32977,train
55406,train
2647,train
3326,train
70611,train
8257,train
77746,train
66695,train
35165,train
70034,train
73664,train
84151,train
688,train
47927,train
73668,train
39238,train
28225,train
40788,train
28990,train
55578,train
83148,train
48460,train
87740,train
42800,train
13097,train
11514,train
72519,train
56597,train
5387,train
35708,train
38685,train
34977,train
73047,train
95107,train
31128,train
97187,train
47499,train
38911,train
17090,train
96222,train
54067,train
59803,train
64767,train
1398,train
21605,train
21808,train
85136,train
44221,train
90043,train
51299,train
99747,train
88467,train
70593,train
3046,train
7140,train
74089,train
10510,train
59405,train
21173,train
73595,train
53772,train
87484,train
47432,train
7200,train
59828,train
29759,train
15444,train
87750,train
36102,train
93772,train
52480,train
78311,train
59663,train
80493,train
35824,train
23076,train
73724,train
49071,train
52102,train
25261,train
54809,train
43870,train
93874,train
11085,train
5348,train
79570,train
13738,train
69456,train
77785,train
78369,train
39795,train
21323,train
77763,train
80371,train
39733,train
21059,train
32716,train
93299,train
71646,train
27944,train
93680,train
45648,train
32542,train
32138,train
81598,train
5808,train
50870,train
15611,train
37113,train
82127,train
78916,train
85302,train
74164,train
45622,train
50714,train
11478,train
65436,train
45400,train
10533,train
23041,train
84464,train
70798,train
41448,train
22603,train
56568,train
84696,train
78548,train
40102,train
93440,train
39734,train
72878,train
92968,train
72406,train
71602,train
38433,train
26696,train
57807,train
37487,train
87917,train
49180,train
15577,train
25207,train
55842,train
55565,train
98948,train
73936,train
24133,train
6155,train
46949,train
96023,train
12465,train
37534,train
9421,train
82837,train
77797,train
71265,train
67256,train
14163,train
37060,train
15835,train
7355,train
95443,train
88812,train
80987,train
52189,train
89490,train
99646,train
71857,train
95920,train
88811,train
19463,train
37950,train
52667,train
22993,train
13802,train
95940,train
60876,train
55401,train
80730,train
52708,train
96999,train
40228,train
79599,train
95605,train
59632,train
89438,train
93771,train
9643,train
66044,train
44102,train
91245,train
4111,train
70248,train
75568,train
64328,train
7273,train
53454,train
15201,train
93930,train
31377,train
57482,train
46546,train
10845,train
10880,train
88688,train
38207,train
76587,train
44361,train
14897,train
51368,train
53310,train
40044,train
52287,train
62631,train
9143,train
14936,train
24479,train
29676,train
50138,train
1865,train
38650,train
38067,train
23717,train
61820,train
14300,train
10055,train
35117,train
22402,train
19270,train
7468,train
51458,train
3192,train
19959,train
44909,train
86237,train
14006,train
95342,train
71865,train
77839,train
12337,train
71502,train
98239,train
65007,train
81102,train
32677,train
6273,train
62035,train
40616,train
74007,train
19582,train
79540,train
86382,train
91090,train
12876,train
10449,train
41117,train
56489,train
23098,train
38503,train
55345,train
34581,train
86337,train
22515,train
92556,train
91961,train
71355,train
80778,train
51865,train
1357,train
38406,train
5329,train
55522,train
74567,train
40566,train
23833,train
74575,train
14501,train
75752,train
2783,train
47002,train
24862,train
72668,train
33632,train
13933,train
17851,train
36530,train
55812,train
18870,train
55248,train
54201,train
75781,train
3881,train
31453,train
15129,train
91279,train
20178,train
72563,train
67241,train
36728,train
37819,train
58244,train
97712,train
62172,train
27765,train
38937,train
56846,train
53297,train
50310,train
85576,train
27297,train
86702,train
37395,train
34800,train
64063,train
9551,train
27931,train
85922,train
15734,train
70826,train
385,train
76152,train
4276,train
50982,train
68325,train
90794,train
31319,train
68219,train
57260,train
87737,train
31950,train
5816,train
23787,train
77832,train
51922,train
91039,train
66075,train
96882,train
52893,train
13967,train
63635,train
84852,train
7667,train
33750,train
31402,train
54128,train
99631,train
47230,train
80996,train
9789,train
79885,train
6036,train
67572,train
17127,train
4455,train
1746,train
37869,train
24451,train
43365,train
15632,train
5573,train
48592,train
32618,train
14374,train
65739,train
64883,train
16956,train
9448,train
28426,train
36322,train
27876,train
18453,train
36642,train
33485,train
5651,train
36771,train
50518,train
53733,train
21540,train
67181,train
39968,train
90377,train
72082,train
46527,train
27906,train
91155,train
66862,train
83191,train
3469,train
37758,train
31802,train
14063,train
1055,train
73396,train
64517,train
3669,train
43646,train
44889,train
17230,train
94799,train
47798,train
23231,train
22232,train
95426,train
92334,train
45287,train
92221,train
358,train
28906,train
34365,train
71860,train
50752,train
48999,train
22081,train
36790,train
38947,train
11782,train
44524,train
38986,train
27169,train
94950,train
76896,train
16403,train
45746,train
44515,train
23680,train
95050,train
6013,train
48607,train
63853,train
71076,train
95758,train
66672,train
69078,train
94595,train
60514,train
56454,train
35111,train
48793,train
12637,train
32396,train
16080,train
19832,train
16437,train
45147,train
30281,train
52360,train
17884,train
68811,train
77125,train
85886,train
45728,train
61892,train
8143,train
29398,train
56471,train
91247,train
45913,train
9206,train
3979,train
68147,train
94358,train
32833,train
93007,train
96920,train
99769,train
41050,train
86767,train
40449,train
60524,train
85023,train
39362,train
34253,train
35181,train
58004,train
60995,train
44591,train
20198,train
9791,train
29289,train
83295,train
45814,train
11735,train
99156,train
63306,train
16484,train
47241,train
20475,train
65961,train
35261,train
23647,train
88583,train
22803,train
9987,train
76111,train
47342,train
35772,train
72624,train
83253,train
41270,train
22830,train
14194,train
46811,train
66397,train
95645,train
59570,train
81491,train
39535,train
69139,train
47653,train
61564,train
66208,train
76774,train
95600,train
73385,train
96549,train
90111,train
48348,train
70808,train
96172,train
75938,train
86247,train
99915,train
79003,train
16422,train
29395,train
1275,train
8605,train
44030,train
27719,train
62519,train
81333,train
64002,train
51359,train
20831,train
85668,train
74439,train
1859,train
16299,train
74483,train
69024,train
96399,train
85588,train
43199,train
45349,train
25346,train
2882,train
34043,train
11641,train
50553,train
89083,train
79061,train
20889,train
39228,train
82893,train
43897,train
22138,train
92927,train
57566,train
25578,train
68421,train
20437,train
64234,train
49645,train
41104,train
75074,train
92842,train
13704,train
31975,train
6851,train
67948,train
29005,train
20859,train
18663,train
95036,train
77876,train
93692,train
23018,train
5599,train
3079,train
21877,train
59182,train
24555,train
81697,train
65560,train
30652,train
82015,train
17915,train
96106,train
25908,train
32029,train
89377,train
76107,train
47674,train
70505,train
76389,train
26460,train
64651,train
3323,train
4525,train
39099,train
2642,train
81821,train
31591,train
78289,train
20317,train
24281,train
1917,train
4722,train
42541,train
34573,train
12318,train
3221,train
47851,train
40744,train
8886,train
3663,train
35858,train
51638,train
9923,train
12967,train
92025,train
70354,train
95434,train
100,train
96612,train
21037,train
27261,train
66171,train
41951,train
68987,train
62196,train
11139,train
97238,train
49213,train
37806,train
99950,train
47153,train
28859,train
54000,train
65206,train
93885,train
70102,train
83152,train
77289,train
31918,train
77742,train
18814,train
16050,train
92531,train
43746,train
17249,train
44945,train
33458,train
54903,train
4795,train
82104,train
9664,train
64000,train
92897,train
67847,train
30935,train
62782,train
48054,train
27116,train
12320,train
38359,train
51761,train
22868,train
44747,train
44127,train
6187,train
67531,train
75653,train
62896,train
82322,train
9980,train
82151,train
74628,train
79330,train
60864,train
61921,train
55911,train
19818,train
95191,train
53957,train
63982,train
13542,train
14330,train
28666,train
26433,train
61967,train
38722,train
67633,train
93845,train
79619,train
21329,train
15885,train
12826,train
46284,train
92036,train
80102,train
88115,train
54790,train
96818,train
25358,train
51888,train
73362,train
16544,train
91969,train
87371,train
83103,train
22810,train
95235,train
77887,train
92451,train
12070,train
32876,train
8752,train
72398,train
22129,train
51103,train
99598,train
32576,train
19242,train
58774,train
26672,train
89572,train
45159,train
64113,train
91585,train
75275,train
41860,train
30963,train
49738,train
27133,train
57107,train
41906,train
30672,train
62681,train
70278,train
86123,train
37575,train
88603,train
92284,train
10938,train
34455,train
25350,train
67652,train
87138,train
80433,train
4732,train
83803,train
44307,train
99314,train
57675,train
63567,train
38590,train
67919,train
72067,train
15486,train
46157,train
97897,train
5310,train
68743,train
76814,train
12737,train
23160,train
54928,train
13599,train
17858,train
52853,train
54188,train
89349,train
19084,train
90649,train
33903,train
42761,train
80260,train
58653,train
37616,train
99301,train
26137,train
81334,train
53497,train
16358,train
57799,train
80877,train
81408,train
13806,train
98765,train
66764,train
88051,train
75254,train
29119,train
10309,train
69933,train
8604,train
83122,train
13441,train
51934,train
47733,train
38781,train
20242,train
44672,train
50326,train
53173,train
53649,train
30382,train
65538,train
96637,train
73686,train
60088,train
31198,train
65632,train
22236,train
64032,train
35925,train
81835,train
43412,train
94400,train
49745,train
13781,train
41704,train
13594,train
43096,train
8170,train
89699,train
12019,train
96397,train
99498,train
85532,train
19012,train
80832,train
33250,train
26006,train
36672,train
41139,train
54198,train
17514,train
44557,train
41740,train
5311,train
52279,train
82305,train
34837,train
21154,train
28479,train
19852,train
47672,train
38322,train
90574,train
53840,train
69838,train
74058,train
84939,train
85046,train
60095,train
1586,train
81233,train
16527,train
83973,train
9933,train
42108,train
47217,train
44187,train
13396,train
86266,train
2546,train
3833,train
27344,train
41031,train
44677,train
11934,train
39759,train
82141,train
65348,train
30967,train
68815,train
96627,train
3622,train
26828,train
96468,train
58692,train
21002,train
91416,train
27322,train
25463,train
56727,train
61585,train
68239,train
99425,train
62021,train
93944,train
35327,train
85872,train
10377,train
77498,train
52877,train
65126,train
40441,train
60808,train
46275,train
12537,train
65435,train
72609,train
28314,train
89086,train
38190,train
86898,train
78826,train
94699,train
47114,train
95117,train
77063,train
3963,train
91629,train
415,train
89033,train
78181,train
35988,train
73810,train
37824,train
92789,train
64869,train
40261,train
36238,train
82671,train
46591,train
92800,train
15803,train
23247,train
51681,train
49062,train
79099,train
9750,train
76328,train
80318,train
17641,train
64790,train
44757,train
59970,train
24467,train
55029,train
80223,train
97322,train
29923,train
47318,train
80569,train
75978,train
25103,train
17149,train
19846,train
76773,train
23523,train
81554,train
67412,train
5173,train
46334,train
23546,train
22875,train
49786,train
1902,train
74859,train
57845,train
69056,train
98268,train
72504,train
40865,train
18303,train
14353,train
31654,train
47232,train
68944,train
53059,train
296,train
82108,train
75995,train
55683,train
63836,train
30892,train
2226,train
44050,train
54523,train
67397,train
6680,train
90397,train
96518,train
25642,train
13126,train
22131,train
88369,train
16596,train
44918,train
67794,train
26033,train
56273,train
82202,train
26642,train
51392,train
42758,train
11134,train
74710,train
34964,train
27379,train
97202,train
59850,train
50340,train
72822,train
38065,train
70720,train
23559,train
37112,train
84549,train
63549,train
161,train
27033,train
7543,train
41421,train
98303,train
85005,train
73665,train
40239,train
11194,train
2242,train
29232,train
92751,train
41980,train
8489,train
87871,train
73197,train
65083,train
75086,train
51760,train
97127,train
3893,train
42928,train
74536,train
55853,train
17492,train
98638,train
90738,train
48980,train
88729,train
11243,train
65489,train
91992,train
85101,train
18644,train
4242,train
85581,train
37530,train
93764,train
75261,train
39380,train
7700,train
81619,train
60267,train
98219,train
64917,train
77925,train
56669,train
45748,train
69774,train
94913,train
19155,train
57839,train
77521,train
28969,train
276,train
33131,train
17934,train
71414,train
87158,train
42641,train
1970,train
29125,train
96385,train
57135,train
35346,train
9093,train
25281,train
3188,train
73589,train
30675,train
7884,train
76963,train
70630,train
88217,train
10599,train
7556,train
40049,train
6129,train
26301,train
59602,train
2442,train
37690,train
97661,train
67997,train
9690,train
27161,train
94910,train
37275,train
8422,train
85031,train
87733,train
90926,train
43678,train
83568,train
39171,train
20061,train
1121,train
56871,train
1895,train
13337,train
48241,train
45170,train
29824,train
53162,train
71455,train
53553,train
14837,train
53882,train
58543,train
97634,train
10614,train
89514,train
23528,train
3586,train
59936,train
43782,train
66242,train
42567,train
59561,train
69730,train
25247,train
325,train
91168,train
47860,train
15962,train
16738,train
16514,train
36414,train
56503,train
12581,train
95373,train
67808,train
6575,train
23432,train
41459,train
35218,train
22107,train
33163,train
63116,train
12498,train
36584,train
12740,train
88509,train
47081,train
39582,train
30091,train
75161,train
67988,train
97787,train
82120,train
1458,train
17054,train
57081,train
42227,train
29571,train
1172,train
27273,train
2651,train
27400,train
15746,train
91887,train
26735,train
533,train
80007,train
36309,train
94304,train
20532,train
93368,train
63710,train
34096,train
86762,train
50910,train
88777,train
35840,train
39632,train
89267,train
39876,train
50842,train
71447,train
63559,train
19807,train
44096,train
37179,train
42338,train
68390,train
48353,train
21188,train
51974,train
40321,train
67934,train
37863,train
56087,train
54076,train
72374,train
77241,train
19265,train
47996,train
89625,train
85034,train
53332,train
34111,train
38674,train
5926,train
94931,train
2786,train
16024,train
40986,train
8559,train
20000,train
26980,train
57328,train
73106,train
13730,train
11907,train
98412,train
99031,train
80500,train
11639,train
26788,train
41515,train
64505,train
14766,train
65230,train
25798,train
24092,train
69598,train
16108,train
61428,train
55219,train
41852,train
69867,train
41835,train
27508,train
46035,train
75882,train
47645,train
76759,train
26606,train
89371,train
60581,train
53234,train
18548,train
3804,train
35134,train
73307,train
26813,train
18700,train
39178,train
49492,train
58931,train
60293,train
74192,train
80096,train
69678,train
60767,train
25726,train
85515,train
50686,train
39805,train
65636,train
31046,train
94454,train
18748,train
88640,train
76799,train
66286,train
64099,train
20861,train
4232,train
58680,train
39569,train
89867,train
59134,train
80010,train
77340,train
24288,train
52583,train
12470,train
5221,train
46102,train
59185,train
70448,train
65420,train
77541,train
33467,train
23322,train
15025,train
57668,train
88797,train
51532,train
41929,train
10365,train
33435,train
24924,train
53432,train
1836,train
41110,train
40299,train
72947,train
9696,train
31865,train
96344,train
16795,train
25032,train
28836,train
65995,train
55405,train
56403,train
77724,train
29360,train
24506,train
12901,train
48624,train
409,train
98555,train
16431,train
78948,train
37533,train
3151,train
52003,train
71759,train
54454,train
96043,train
53898,train
19480,train
6059,train
66645,train
2305,train
61372,train
40904,train
28128,train
52479,train
68420,train
2770,train
38660,train
57775,train
24145,train
26747,train
38,train
50559,train
5343,train
38778,train
28266,train
79905,train
96294,train
14199,train
35706,train
72558,train
54480,train
4073,train
33865,train
40156,train
79321,train
35774,train
12392,train
55201,train
62683,train
44592,train
7189,train
15208,train
51110,train
44071,train
4611,train
93734,train
10056,train
95653,train
37841,train
27177,train
13567,train
82130,train
94972,train
59627,train
19928,train
72148,train
68935,train
15237,train
77146,train
17254,train
96464,train
5865,train
68540,train
18051,train
78005,train
97937,train
14728,train
5768,train
95777,train
41616,train
2926,train
15662,train
51410,train
79114,train
59694,train
81958,train
83206,train
25353,train
46343,train
1985,train
21005,train
56849,train
74116,train
61263,train
44695,train
97683,train
40893,train
78982,train
95771,train
8122,train
66207,train
49744,train
45858,train
98582,train
81819,train
2845,train
76815,train
36640,train
81155,train
76140,train
54855,train
30943,train
62611,train
59089,train
50836,train
7498,train
62081,train
68030,train
88260,train
16298,train
75840,train
29254,train
41269,train
34303,train
93901,train
43848,train
33338,train
94510,train
53384,train
73575,train
74327,train
79084,train
59219,train
99652,train
68435,train
59510,train
45097,train
50278,train
81493,train
73670,train
62609,train
79657,train
25884,train
33887,train
58104,train
76793,train
33661,train
49169,train
62619,train
46491,train
5486,train
63399,train
22325,train
79973,train
58259,train
62013,train
64362,train
97554,train
41772,train
14185,train
93116,train
83686,train
69597,train
16259,train
71,train
71294,train
76616,train
24485,train
30340,train
14961,train
21007,train
18403,train
72602,train
73110,train
80816,train
2544,train
85891,train
89041,train
17791,train
59482,train
67195,train
30628,train
71064,train
61301,train
17044,train
88354,train
33347,train
13847,train
89612,train
35651,train
15098,train
34639,train
54559,train
38393,train
30131,train
30522,train
77455,train
48833,train
40546,train
56032,train
60862,train
38890,train
95417,train
59010,train
52267,train
2741,train
48702,train
19974,train
61370,train
82840,train
23708,train
82526,train
99579,train
85216,train
46439,train
9813,train
23353,train
770,train
99788,train
11360,train
99148,train
90148,train
71661,train
19348,train
20229,train
47350,train
53106,train
14239,train
71106,train
61546,train
95870,train
88991,train
42186,train
48319,train
50564,train
78260,train
58759,train
65211,train
50823,train
83688,train
86924,train
51959,train
62028,train
65446,train
76898,train
37846,train
79189,train
69599,train
66486,train
18209,train
21305,train
43918,train
10746,train
28935,train
80881,train
93840,train
78423,train
81286,train
54340,train
84121,train
91704,train
67602,train
74409,train
86647,train
51085,train
2316,train
21047,train
40318,train
35741,train
62070,train
3358,train
55410,train
64203,train
86881,train
54887,train
34535,train
30696,train
17125,train
77290,train
50332,train
46230,train
85748,train
65398,train
28593,train
15717,train
92321,train
2428,train
75750,train
43869,train
83816,train
64487,train
87859,train
62063,train
9797,train
25271,train
42004,train
1456,train
11650,train
78204,train
34204,train
24647,train
98797,train
19855,train
91442,train
98495,train
99240,train
14348,train
21351,train
75412,train
61368,train
39858,train
48027,train
94789,train
99657,train
47758,train
38011,train
14745,train
11586,train
13545,train
69914,train
13383,train
7009,train
41923,train
86067,train
75639,train
4456,train
27342,train
43571,train
42304,train
63477,train
72088,train
12443,train
70114,train
81412,train
73771,train
99880,train
76691,train
76914,train
42613,train
98027,train
65108,train
70674,train
12013,train
77353,train
27135,train
40659,train
34848,train
74573,train
38652,train
28234,train
64743,train
55494,train
70559,train
15060,train
22085,train
60545,train
39389,train
36371,train
40160,train
21621,train
57813,train
62260,train
35269,train
88097,train
50418,train
86965,train
68828,train
78989,train
22212,train
9111,train
8808,train
91730,train
11874,train
8386,train
8499,train
60559,train
82657,train
48181,train
3050,train
12353,train
15369,train
25862,train
50669,train
77927,train
13481,train
37608,train
80218,train
74456,train
53364,train
61300,train
1232,train
38850,train
89522,train
87151,train
72468,train
4604,train
53403,train
75304,train
48180,train
26296,train
25072,train
19130,train
94593,train
67923,train
5439,train
15378,train
69468,train
24721,train
85315,train
84037,train
293,train
57518,train
94951,train
10908,train
69252,train
67952,train
66032,train
26283,train
9450,train
11333,train
47390,train
21782,train
39709,train
20648,train
57920,train
16288,train
64549,train
86278,train
1281,train
71464,train
76600,train
49324,train
83448,train
93600,train
2837,train
36715,train
36871,train
10435,train
89586,train
45330,train
51417,train
12242,train
59353,train
93537,train
35484,train
10812,train
13765,train
47165,train
84884,train
96701,train
68856,train
37422,train
3517,train
55015,train
94768,train
54732,train
24860,train
20129,train
83967,train
89813,train
68624,train
76836,train
68902,train
55142,train
10099,train
74326,train
59887,train
15180,train
5169,train
8887,train
99866,train
75160,train
78931,train
61542,train
9367,train
19654,train
96961,train
89055,train
36342,train
46894,train
57237,train
69477,train
58832,train
84804,train
78050,train
30687,train
60595,train
51140,train
62051,train
63270,train
90939,train
81507,train
15709,train
51587,train
25499,train
72305,train
51292,train
17871,train
23948,train
22683,train
68880,train
50926,train
99161,train
21652,train
18126,train
36636,train
69621,train
41525,train
85149,train
13777,train
63436,train
87407,train
10596,train
40879,train
123,train
75567,train
57758,train
82092,train
4260,train
11244,train
29246,train
65544,train
67638,train
39158,train
12616,train
49938,train
25061,train
41879,train
6537,train
56903,train
46,train
42056,train
69630,train
39483,train
81571,train
40499,train
11746,train
99803,train
81649,train
10792,train
37757,train
67927,train
50200,train
65054,train
36164,train
40866,train
75338,train
30783,train
94875,train
32531,train
98784,train
56205,train
35173,train
44461,train
29996,train
42812,train
36504,train
80242,train
29825,train
18201,train
82494,train
76472,train
41767,train
12508,train
50006,train
31738,train
26826,train
35792,train
43513,train
80042,train
24679,train
73263,train
51607,train
82429,train
49212,train
87094,train
90635,train
30088,train
91194,train
20053,train
87194,train
38488,train
90525,train
90205,train
341,train
61840,train
63417,train
55533,train
6897,train
74634,train
97,train
5049,train
80213,train
74438,train
1474,train
34992,train
84764,train
90149,train
13595,train
3613,train
96257,train
62800,train
29003,train
54267,train
67872,train
69662,train
97290,train
13912,train
96365,train
72552,train
8685,train
60142,train
38683,train
33316,train
88000,train
22281,train
69983,train
70629,train
72848,train
80039,train
51524,train
68204,train
12560,train
90996,train
91637,train
18719,train
93085,train
6525,train
52048,train
73964,train
40739,train
40884,train
47305,train
30746,train
86392,train
66798,train
64218,train
89714,train
11277,train
86219,train
86947,train
44275,train
84481,train
23430,train
66062,train
50253,train
31357,train
81416,train
3843,train
25899,train
67278,train
76952,train
35928,train
94150,train
14354,train
94703,train
45420,train
56476,train
46989,train
84092,train
95840,train
14933,train
51891,train
97142,train
73228,train
13486,train
98743,train
95910,train
77324,train
97769,train
96259,train
93556,train
18789,train
88742,train
63629,train
79695,train
5536,train
91586,train
5280,train
4481,train
50805,train
18656,train
13602,train
83412,train
55672,train
17893,train
95630,train
1045,train
24845,train
56664,train
25783,train
36456,train
49392,train
81931,train
77446,train
83640,train
57475,train
4827,train
72638,train
66500,train
89815,train
21697,train
40871,train
54934,train
84227,train
28991,train
54263,train
85295,train
63968,train
43652,train
41206,train
7934,train
97436,train
13275,train
61757,train
74209,train
80393,train
3261,train
32177,train
95837,train
67499,train
87290,train
26180,train
83565,train
57612,train
54084,train
71459,train
66603,train
36763,train
62863,train
63682,train
47500,train
11845,train
58133,train
21316,train
5929,train
38795,train
29512,train
99776,train
61070,train
9913,train
27115,train
94142,train
22359,train
46840,train
19931,train
3739,train
4871,train
76559,train
34765,train
2083,train
78134,train
41569,train
55265,train
85419,train
79527,train
12342,train
47106,train
19895,train
45712,train
78397,train
83293,train
17816,train
32520,train
95221,train
50507,train
67902,train
91627,train
92502,train
5308,train
31053,train
23191,train
97393,train
11378,train
18819,train
55139,train
87617,train
3799,train
31306,train
97525,train
20865,train
75133,train
53627,train
53815,train
89907,train
53566,train
48923,train
12834,train
11667,train
54200,train
99016,train
25796,train
81,train
43046,train
18619,train
15419,train
70943,train
17903,train
23705,train
92773,train
69763,train
7967,train
43238,train
39887,train
82768,train
42405,train
67875,train
59357,train
57225,train
61712,train
69802,train
94893,train
26658,train
29638,train
87235,train
26713,train
33066,train
51990,train
51508,train
20838,train
65907,train
4694,train
56401,train
76397,train
9962,train
70838,train
60654,train
24156,train
58084,train
80907,train
14182,train
65750,train
81986,train
4307,train
22246,train
30570,train
34611,train
31100,train
58933,train
1119,train
37023,train
99964,train
57567,train
98128,train
31828,train
7749,train
72078,train
39591,train
11653,train
68765,train
54331,train
96317,train
18637,train
19980,train
70621,train
30512,train
96669,train
71018,train
56229,train
65998,train
63398,train
25613,train
43573,train
40418,train
62407,train
54904,train
73566,train
16475,train
2012,train
52221,train
60147,train
4569,train
1842,train
2147,train
2512,train
9142,train
13156,train
99252,train
83884,train
52990,train
3942,train
53128,train
69381,train
22469,train
65253,train
36459,train
11914,train
44017,train
37506,train
40371,train
64540,train
4332,train
84776,train
48931,train
5307,train
75244,train
25298,train
77040,train
3796,train
82400,train
71034,train
311,train
17984,train
46265,train
82648,train
25684,train
6828,train
48081,train
26415,train
25800,train
60047,train
37228,train
11852,train
44356,train
84736,train
38493,train
79728,train
88539,train
31693,train
8430,train
21016,train
14109,train
76561,train
72828,train
88131,train
97464,train
98666,train
50293,train
20806,train
1018,train
55919,train
72720,train
71606,train
73253,train
18244,train
89775,train
49546,train
78437,train
76352,train
10032,train
141,train
64844,train
57728,train
89381,train
52814,train
13921,train
47131,train
35102,train
37493,train
16550,train
57701,train
28071,train
22731,train
26183,train
52851,train
33209,train
10887,train
48508,train
95937,train
67357,train
70790,train
23783,train
72268,train
51302,train
99763,train
59218,train
8333,train
70977,train
50985,train
43384,train
74265,train
15777,train
4026,train
18995,train
21886,train
94121,train
49057,train
35391,train
22825,train
36023,train
52969,train
29084,train
18062,train
96469,train
32433,train
2735,train
94053,train
36775,train
60500,train
16638,train
88146,train
65976,train
42587,train
95223,train
58220,train
99576,train
4627,train
67272,train
4342,train
73364,train
78143,train
77168,train
61077,train
19273,train
67618,train
75820,train
91426,train
86472,train
80617,train
17204,train
70376,train
19672,train
31860,train
783,train
91345,train
40121,train
83855,train
38943,train
98434,train
23666,train
98059,train
18192,train
57862,train
29162,train
52029,train
75540,train
4505,train
69283,train
88959,train
8846,train
69896,train
38352,train
6455,train
16624,train
40851,train
21355,train
99820,train
80202,train
37605,train
73559,train
59730,train
2179,train
53040,train
91324,train
54303,train
32746,train
11773,train
15288,train
66610,train
7738,train
10173,train
49261,train
65218,train
49844,train
72604,train
68312,train
71119,train
66150,train
9708,train
24689,train
63570,train
49297,train
13668,train
70656,train
23352,train
58727,train
73430,train
48235,train
585,train
38271,train
54585,train
1976,train
66147,train
77203,train
25907,train
91469,train
55521,train
28712,train
1927,train
54816,train
25773,train
27259,train
36075,train
60820,train
66787,train
56540,train
12451,train
35870,train
99685,train
3316,train
34091,train
61297,train
43443,train
50636,train
92526,train
54085,train
12358,train
21820,train
24526,train
41721,train
32803,train
45272,train
60757,train
47687,train
6173,train
39459,train
40687,train
10112,train
67444,train
12668,train
89713,train
83159,train
77246,train
4399,train
35606,train
24198,train
72280,train
40509,train
97044,train
61536,train
6197,train
59462,train
20778,train
48653,train
67246,train
96924,train
56512,train
1027,train
34570,train
5397,train
41087,train
89361,train
35051,train
23698,train
14573,train
94172,train
58051,train
2243,train
72686,train
72735,train
32441,train
64783,train
43681,train
25320,train
79910,train
36659,train
70016,train
77365,train
27633,train
15393,train
28928,train
73895,train
26187,train
31210,train
84094,train
71023,train
61478,train
48512,train
32695,train
37626,train
1477,train
3957,train
89848,train
70546,train
64975,train
17595,train
56157,train
7453,train
82807,train
30779,train
31636,train
81556,train
48937,train
68758,train
21976,train
30307,train
69377,train
17681,train
83837,train
5882,train
97330,train
99906,train
64413,train
3832,train
63416,train
67928,train
11152,train
51262,train
17252,train
83194,train
7542,train
60511,train
51037,train
58770,train
66620,train
99550,train
56926,train
15804,train
94357,train
35784,train
17579,train
76324,train
52777,train
18643,train
26965,train
39822,train
98371,train
53434,train
22717,train
11475,train
96133,train
35882,train
58355,train
52586,train
97717,train
30017,train
44390,train
25886,train
59659,train
78062,train
17409,train
60563,train
36426,train
16021,train
22340,train
31822,train
20047,train
7157,train
83052,train
51423,train
47947,train
99131,train
38736,train
54279,train
83552,train
17985,train
28006,train
11383,train
13386,train
13834,train
22354,train
3130,train
6853,train
43354,train
75495,train
53837,train
99586,train
53360,train
27440,train
94383,train
24505,train
31240,train
16658,train
47043,train
67161,train
65835,train
65413,train
69931,train
42649,train
95494,train
58317,train
22366,train
8910,train
30581,train
16494,train
83603,train
30801,train
20398,train
81175,train
86178,train
87521,train
87298,train
29023,train
30790,train
3000,train
32694,train
36274,train
13766,train
88211,train
57396,train
28662,train
58569,train
8211,train
94398,train
92820,train
27959,train
68394,train
96837,train
37219,train
40641,train
37953,train
14369,train
63831,train
99991,train
29443,train
18139,train
26989,train
64762,train
89447,train
21907,train
70186,train
63803,train
75742,train
40849,train
45727,train
14061,train
94829,train
35455,train
28644,train
97950,train
68122,train
42677,train
36936,train
29544,train
25459,train
9089,train
54767,train
47680,train
76292,train
19312,train
34014,train
5889,train
46447,train
74712,train
86610,train
12567,train
91937,train
35931,train
84057,train
73394,train
87821,train
62536,train
39164,train
95892,train
19988,train
52742,train
53002,train
73503,train
56263,train
36709,train
89446,train
90410,train
58135,train
11898,train
46772,train
69420,train
88101,train
77882,train
8429,train
32536,train
91725,train
62327,train
92504,train
92932,train
35501,train
23710,train
7945,train
95531,train
96261,train
58145,train
3930,train
58248,train
84452,train
2548,train
20078,train
65096,train
94489,train
75240,train
81922,train
79240,train
61021,train
21614,train
80729,train
92680,train
21852,train
29410,train
35793,train
94760,train
40400,train
97615,train
58664,train
59001,train
19876,train
48614,train
30692,train
60023,train
20950,train
54810,train
91118,train
33456,train
58036,train
68716,train
5046,train
97215,train
17344,train
9055,train
3901,train
22582,train
4948,train
27858,train
56948,train
31129,train
22207,train
5842,train
43741,train
80063,train
6041,train
76999,train
84554,train
33005,train
35578,train
97364,train
53703,train
62925,train
80424,train
18542,train
57979,train
60483,train
51376,train
15147,train
46619,train
66114,train
5813,train
54594,train
36286,train
26603,train
29815,train
4420,train
30410,train
24040,train
66976,train
50413,train
91100,train
34212,train
50479,train
47089,train
54338,train
37746,train
53198,train
35633,train
25605,train
49675,train
48195,train
93425,train
16184,train
75969,train
71885,train
86025,train
20919,train
23721,train
3359,train
84191,train
73208,train
18667,train
80571,train
94886,train
45985,train
51523,train
30385,train
60406,train
93703,train
17724,train
45690,train
7818,train
45412,train
92978,train
32005,train
7722,train
66523,train
80547,train
18508,train
32850,train
61430,train
93293,train
61347,train
56251,train
32506,train
49735,train
14361,train
17091,train
96876,train
14520,train
92304,train
15343,train
48146,train
98465,train
92019,train
27103,train
11833,train
30252,train
51433,train
24941,train
31887,train
19229,train
68235,train
14424,train
54656,train
9411,train
32148,train
4291,train
1385,train
92410,train
95606,train
41255,train
93051,train
60577,train
13340,train
28679,train
29738,train
71510,train
40984,train
40878,train
63507,train
44379,train
17956,train
99123,train
47296,train
11991,train
11930,train
39208,train
21658,train
52495,train
8379,train
51372,train
44690,train
33206,train
31563,train
92089,train
9986,train
42321,train
12311,train
15736,train
2468,train
58954,train
2373,train
64496,train
42120,train
1756,train
21783,train
39668,train
10585,train
67614,train
52468,train
68966,train
52341,train
76361,train
86621,train
2330,train
35379,train
59024,train
48823,train
9779,train
52488,train
86894,train
76337,train
33055,train
88658,train
91601,train
32152,train
32058,train
63700,train
38042,train
14866,train
40197,train
63516,train
6505,train
89315,train
59436,train
1164,train
37301,train
91260,train
61120,train
87640,train
48975,train
34705,train
94840,train
92459,train
44447,train
92549,train
49409,train
60512,train
16520,train
44825,train
44496,train
46901,train
68448,train
99955,train
67904,train
98947,train
9903,train
168,train
19351,train
74578,train
37075,train
37982,train
30907,train
86335,train
62702,train
23561,train
61393,train
81864,train
53728,train
44166,train
50514,train
93061,train
93654,train
47287,train
39424,train
50486,train
24674,train
84659,train
33881,train
98512,train
67421,train
87863,train
13874,train
75413,train
90524,train
80368,train
27833,train
7801,train
87295,train
41781,train
25769,train
11809,train
18751,train
29895,train
64126,train
1799,train
68656,train
86869,train
15636,train
72277,train
43330,train
10542,train
78169,train
94423,train
41695,train
57972,train
19600,train
97592,train
11349,train
74445,train
1777,train
95520,train
50845,train
62649,train
77671,train
4725,train
38180,train
20153,train
60339,train
4932,train
83134,train
39875,train
7346,train
67657,train
91597,train
97643,train
25002,train
27175,train
7829,train
63447,train
65428,train
3325,train
94754,train
82734,train
21279,train
71522,train
78042,train
49551,train
42295,train
87776,train
2047,train
84706,train
28166,train
75276,train
79754,train
48284,train
29074,train
12612,train
33373,train
56449,train
22238,train
5109,train
91571,train
46693,train
52518,train
19605,train
87233,train
20818,train
20769,train
30357,train
93646,train
83765,train
736,train
60209,train
63058,train
53303,train
42088,train
81804,train
31930,train
58813,train
34668,train
33824,train
78468,train
28059,train
3880,train
18888,train
17012,train
44245,train
98018,train
24172,train
75405,train
1432,train
91043,train
56297,train
1784,train
61481,train
77687,train
65410,train
87369,train
42126,train
77649,train
89006,train
83509,train
76749,train
82121,train
12903,train
10914,train
35376,train
43750,train
6551,train
21778,train
4661,train
90636,train
85029,train
64544,train
20162,train
37397,train
12558,train
83672,train
65901,train
92955,train
36836,train
4880,train
38861,train
36194,train
3577,train
87634,train
90275,train
78795,train
20060,train
81042,train
54066,train
75200,train
55969,train
16838,train
69255,train
45547,train
76680,train
58400,train
88052,train
32825,train
85068,train
58166,train
11669,train
71558,train
2998,train
90708,train
2017,train
3594,train
82203,train
5548,train
35119,train
99266,train
51099,train
83850,train
58808,train
77991,train
11839,train
61126,train
88201,train
79663,train
56947,train
69198,train
4331,train
95047,train
10149,train
62237,train
86031,train
98445,train
22271,train
24823,train
7681,train
54381,train
14334,train
93792,train
15569,train
88402,train
54383,train
64702,train
32738,train
2329,train
56665,train
92051,train
8835,train
11210,train
7294,train
24065,train
22422,train
87800,train
94114,train
75541,train
47793,train
45082,train
12326,train
56530,train
11252,train
25149,train
81145,train
22672,train
283,train
34357,train
91852,train
71300,train
97720,train
82901,train
73391,train
25914,train
19184,train
17454,train
7266,train
25224,train
75558,train
57000,train
27669,train
66339,train
20685,train
76852,train
76693,train
62488,train
47082,train
53535,train
95447,train
38134,train
93073,train
58940,train
72308,train
772,train
84608,train
97117,train
74470,train
53022,train
23309,train
93011,train
50053,train
92539,train
22780,train
54474,train
13377,train
89969,train
10720,train
81358,train
52218,train
3918,train
86818,train
12011,train
78552,train
69053,train
82316,train
12546,train
9874,train
25717,train
78384,train
65196,train
99330,train
6622,train
63015,train
91655,train
87225,train
44450,train
96892,train
55669,train
43829,train
26629,train
20348,train
74292,train
15601,train
89696,train
9548,train
85676,train
48651,train
66023,train
62582,train
86655,train
87206,train
30171,train
70032,train
62934,train
89472,train
13755,train
65125,train
7360,train
31945,train
34661,train
26536,train
43359,train
31011,train
41491,train
61017,train
10271,train
30387,train
66108,train
96104,train
94348,train
82786,train
37997,train
26857,train
3494,train
45693,train
37785,train
98461,train
91485,train
93021,train
35688,train
37976,train
19329,train
62072,train
63573,train
18999,train
15302,train
13050,train
44606,train
83666,train
54814,train
93504,train
40649,train
73624,train
6440,train
79898,train
10040,train
60717,train
70195,train
78081,train
17444,train
25924,train
54293,train
66376,train
98626,train
27236,train
40602,train
92004,train
32049,train
27468,train
88024,train
48862,train
65201,train
21927,train
70625,train
11188,train
18481,train
73558,train
74925,train
70118,train
40320,train
80137,train
7288,train
74541,train
32742,train
99831,train
567,train
65597,train
10093,train
79414,train
92,train
17571,train
379,train
41662,train
91058,train
19460,train
62807,train
24195,train
71263,train
36924,train
48029,train
81606,train
39790,train
38729,train
23633,train
31634,train
98594,train
31048,train
68773,train
66652,train
61479,train
79533,train
73718,train
2143,train
22935,train
91075,train
89718,train
12963,train
14266,train
33883,train
8120,train
99261,train
78000,train
56941,train
55155,train
35255,train
82274,train
32345,train
32257,train
71369,train
27140,train
57404,train
88191,train
23456,train
93566,train
48238,train
67213,train
42845,train
95775,train
78596,train
75724,train
26839,train
29248,train
40064,train
93710,train
40047,train
19795,train
75018,train
61727,train
70617,train
67353,train
82355,train
43577,train
80536,train
72476,train
22463,train
63825,train
9040,train
23892,train
48290,train
89419,train
40038,train
34132,train
68290,train
83355,train
19023,train
9156,train
61365,train
49701,train
43697,train
86935,train
7003,train
42568,train
45049,train
46472,train
43836,train
42300,train
15321,train
21189,train
94594,train
65364,train
13020,train
46690,train
65051,train
80294,train
202,train
3280,train
28659,train
13407,train
6671,train
16294,train
9152,train
6031,train
93272,train
87003,train
66194,train
27152,train
30827,train
26692,train
57488,train
96040,train
61475,train
75297,train
99337,train
44510,train
20880,train
54413,train
57545,train
65549,train
50363,train
68976,train
13671,train
47610,train
37567,train
49583,train
28941,train
7659,train
4535,train
43607,train
92316,train
93990,train
90627,train
84751,train
63916,train
18133,train
88281,train
3428,train
25770,train
8798,train
58118,train
72329,train
39034,train
33564,train
27825,train
7188,train
16277,train
59871,train
42463,train
87685,train
45002,train
63342,train
3367,train
23826,train
69215,train
42894,train
75112,train
99193,train
58364,train
3375,train
87169,train
50185,train
95289,train
41899,train
23687,train
21185,train
77267,train
30222,train
1023,train
30280,train
24240,train
80740,train
25466,train
31533,train
9737,train
50211,train
63224,train
40248,train
13363,train
9230,train
35388,train
66997,train
8047,train
99995,train
7521,train
81934,train
17140,train
82905,train
89670,train
10827,train
96047,train
99190,train
136,train
58276,train
82233,train
34898,train
4448,train
84196,train
92021,train
8194,train
21300,train
66932,train
22753,train
20997,train
11726,train
40407,train
32564,train
43120,train
26423,train
96214,train
41664,train
20895,train
11089,train
28405,train
38460,train
23986,train
59790,train
69009,train
93081,train
98914,train
43294,train
20849,train
24898,train
46024,train
87056,train
88714,train
54643,train
87804,train
73265,train
16043,train
78742,train
34844,train
58943,train
83123,train
75291,train
10150,train
98423,train
63438,train
82915,train
55422,train
37043,train
64242,train
18827,train
51051,train
69559,train
95236,train
64074,train
251,train
85415,train
67345,train
70732,train
92423,train
73554,train
78993,train
70362,train
89928,train
79405,train
4273,train
70258,train
86823,train
67114,train
68061,train
26841,train
43649,train
24766,train
42782,train
67878,train
49205,train
43527,train
2974,train
90941,train
59442,train
53847,train
11018,train
95978,train
34673,train
97582,train
75576,train
84777,train
3753,train
41371,train
24366,train
20346,train
43879,train
74375,train
94286,train
38898,train
23137,train
30245,train
17469,train
84320,train
38342,train
81969,train
97146,train
91303,train
29903,train
47225,train
26702,train
4600,train
98549,train
23337,train
94438,train
31673,train
23763,train
13194,train
96341,train
83514,train
46003,train
45502,train
19908,train
73155,train
43008,train
26177,train
9957,train
70478,train
21582,train
426,train
43550,train
13741,train
33915,train
16639,train
70965,train
59067,train
27558,train
39963,train
58894,train
57863,train
12396,train
74836,train
82944,train
27638,train
67727,train
11402,train
20961,train
42557,train
84649,train
35163,train
47766,train
127,train
15916,train
16854,train
75823,train
40099,train
65234,train
48550,train
17691,train
97269,train
19291,train
80890,train
47229,train
40096,train
56939,train
55256,train
7830,train
92798,train
80985,train
93383,train
93122,train
49237,train
63142,train
72784,train
77269,train
14981,train
25748,train
1341,train
32071,train
88794,train
32409,train
68726,train
58810,train
31075,train
97740,train
63101,train
98248,train
43529,train
5534,train
24884,train
90695,train
84683,train
20315,train
87936,train
46537,train
47492,train
87060,train
94538,train
68999,train
88866,train
77173,train
21405,train
84084,train
27017,train
73590,train
86503,train
9027,train
64464,train
27536,train
2206,train
45789,train
67540,train
44244,train
10008,train
29611,train
47817,train
93841,train
37867,train
3454,train
91048,train
83521,train
15134,train
53884,train
9461,train
